CAS	Chemical	formula	Hfl	Gfl	S0l	Cpl	Hfg	Gfg	S0g	Cpg
50-00-0	Formaldehyde	CH2O					-115897.0	-109921.0	218.95	35.402
56-23-5	Tetrachloromethane	CCl4					-95981.0	-53617.0	309.809	83.401
57-12-5	Cyanide	CN-					60668.0	38768.0	195.976	29.133
67-66-3	Trichloromethane	CHCl3					-103177.0	-70357.0	295.62	65.383
67-72-1	Hexachloroethane	C2Cl6					-134223.0	-49894.0	397.88	138.934
74-82-8	Methane	CH4					-74873.0	-50768.0	186.251	35.639
74-85-1	Ethene	C2H4					52467.0	68421.0	219.33	42.886
74-86-2	Ethyne	C2H2					226731.0	209200.0	200.958	44.095
74-87-3	Chloromethane	CH3Cl					-83680.0	-60146.0	234.367	40.731
74-90-8	Hydrogen Cyanide	CHN					135143.0	124725.0	201.828	35.857
75-09-2	Dichloromethane	CH2Cl2					-95521.0	-68924.0	270.293	50.896
75-10-5	Difluoromethane	CH2F2					-450659.0	-423076.0	246.698	42.859
75-13-8	Hydrogen Isocyanate	CHNO					-101671.0	-92360.0	238.228	45.043
75-15-0	Carbon Disulfide	CS2					116943.0	66816.0	237.977	45.664
75-21-8	Oxirane	C2H4O					-52635.0	-13159.0	243.012	47.901
75-43-4	Dichlorofluoromethane	CHCl2F					-283257.0	-252758.0	293.26	60.995
75-44-5	Carbonic Dichloride	CCl2O					-220078.0	-205887.0	283.796	57.695
75-45-6	Chlorodifluoromethane	CHClF2					-481578.0	-450439.0	280.968	57.126
75-46-7	Trifluoromethane	CHF3					-697054.0	-662586.0	259.657	51.04
75-63-8	Bromotrifluoromethane	CBrF3					-648938.0	-622641.0	297.827	69.33
75-69-4	Triclorofluormethane	CCl3F					-288696.0	-249335.0	309.735	78.018
75-71-8	Dichlorodifluoromethane	CCl2F2					-491620.0	-452648.0	300.897	72.404
75-72-9	Chlorotrifluoromethane	CClF3					-707933.0	-667351.0	285.353	66.887
75-73-0	Tetrafluoromethane	CF4					-933199.0	-888507.0	261.419	61.054
75-76-3	Tetramethylsilane	C4H12Si					-286604.0	-148063.0	361.189	138.574
75-79-6	Trichloromethylsilane	CH3Cl3Si					-528858.0	-409577.0	351.147	102.382
76-16-4	Hexafluoroethane	C2F6					-1343901.0	-1258134.0	332.185	106.407
116-14-3	Tetrafluoroethene	C2F4					-658562.0	-623665.0	300.015	80.458
124-38-9	Carbon Dioxide	CO2					-393522.0	-394389.0	213.795	37.129
127-18-4	Tetrachloroethene	C2Cl4					-12426.0	21628.0	343.421	95.546
143-33-9	Sodium Cyanide	CNNa	-84398.0	-76201.0	125.507	68.68	94266.0	67323.0	243.367	50.178
151-50-8	Potassium Cyanide	CKN	-104148.0	-94638.0	134.321	75.312	79496.0	53578.0	253.146	50.857
289-56-5	Boroxin	H3B3O3					-1217544.0	-1149168.0	291.907	87.831
302-01-2	Hydrazine	H4N2	50626.0	149440.0	121.544	98.84	95353.0	159232.0	238.719	50.813
353-49-1	Carbonic Chloride Fluoride	CClFO					-426768.0	-413579.0	277.012	52.396
353-50-4	Carbonic Difluoride	CF2O					-638897.0	-623329.0	258.887	47.255
353-85-5	Trifluoroacetonitrile	C2F3N					-495386.0	-461713.0	298.533	78.255
373-74-0	Trifluoromethylsilane	CH3F3Si					-1232711.0	-1111489.0	314.202	90.876
373-80-8	Pentafluoro(Trifluoromethyl)Sulfur	CF8S					-1717051.0	-1577222.0	379.967	139.222
373-91-1	Trifluoromethyl Hypofluorite	CF4O					-764835.0	-707781.0	322.533	79.354
409-21-2	Silicon Carbide	CSi					719648.0	663452.0	213.044	38.417
460-19-5	Ethanedinitrile	C2N2					309072.0	297601.0	241.565	56.746
463-58-1	Carbon Oxide Sulfide	COS					-138407.0	-165601.0	231.581	41.497
497-19-8	Sodium Carbonate	CNa2O3	-1108515.0	-1031011.0	156.423	111.002				
504-64-3	Carbon Suboxide	C3O2					-93638.0	-109649.0	276.071	66.989
506-66-1	Beryllium Carbide	CBe2	-15893.0	-22704.0	47.467	43.25				
506-68-3	Cyanogen Bromide	CBrN					186188.0	165104.0	248.363	47.124
506-77-4	Cyanogen Chloride	CClN					137946.0	131014.99999999999	236.334	45.271
506-78-5	Cyanogen Iodide	CIN					225936.0	196800.0	257.34	48.42
554-13-2	Lithium Carbonate	CLi2O3	-1175083.0	-1103210.0	130.567	96.232				
558-13-4	Tetrabromomethane	CBr4					50208.0	35914.0	358.095	91.18
584-08-7	Potassium Carbonate	CK2O3	-1130609.0	-1049385.0	170.373	114.437				
593-53-3	Fluoromethane	CH3F					-234304.0	-210359.0	222.843	37.5
593-63-5	Chloroethyne	C2HCl					213802.0	197811.0	241.996	54.319
593-70-4	Chlorofluoromethane	CH2ClF					-261918.0	-236595.0	264.421	47.037
630-08-0	Carbon Monoxide	CO					-110527.0	-137163.0	197.653	29.142
689-99-6	Difluoroethyne	C2F2					20920.0	12038.0	244.06	56.935
1071-98-3	2-Butynedinitrile	C4N2					533460.0	510937.0	290.112	85.888
1302-84-7	Chiolite	Al3F14Na5	-7497408.0	-7130832.0	532.124	454.006				
1303-86-2	Boron Oxide	B2O3	-1253359.0	-1181521.0	78.443	62.802	-835963.0	-825343.0	283.768	66.855
1304-28-5	Barium Oxide	BaO	-491627.0	-471205.0	96.553	47.279	-123846.0	-144839.0	235.457	32.897
1304-54-7	Beryllium Nitride	Be3N2	-486979.0	-433172.0	39.457	133.888				
1304-56-9	Beryllium Oxide	BeO	-542705.0	-520020.99999999994	35.931	25.56	136398.0	110873.0	197.625	29.481
1305-62-0	Calcium Hydroxide	H2CaO2					-610764.0	-583390.0	285.605	73.45
1305-78-8	Calcium Oxide	CaO	-557335.0	-532935.0	62.321	42.12	43932.0	21405.0	219.717	32.455
1308-38-9	Chromium Oxide	Cr2O3	-1018381.0	-949997.0	125.595	101.755				
1309-42-8	Magnesium Hydroxide	H2MgO2					-572371.0	-542190.0	267.27	69.476
1309-48-4	Magnesium Oxide	MgO	-532609.0	-506707.0	48.366	37.106	58158.0	34895.0	213.269	32.173
1310-58-3	Potassium Hydroxide	HKO	-412705.0	-372166.0	96.617	83.107	-232630.0	-233762.0	236.379	48.531
1310-65-2	Lithium Hydroxide	HLiO	-474422.0	-429989.0	47.969	87.086	-234304.0	-238377.0	210.659	46.129
1310-73-2	Sodium Hydroxide	HNaO	-416878.0	-374100.0	75.891	87.822	-197757.0	-200463.0	228.443	48.371
1312-73-8	Potassium Sulfide	K2S	-346506.0	-340476.0	141.172	74.684				
1313-27-5	Molybdenum Oxide	MoO3	-703727.0	-637719.0	114.935	74.881	-346435.0	-330804.0	283.897	59.378
1313-59-3	Sodium Oxide	Na2O	-372843.0	-338890.0	91.607	104.6				
1313-82-2	Sodium Sulfide	Na2S	-323940.0	-321761.0	127.656	82.801				
1313-96-8	Niobium Oxide	Nb2O5	-1830873.0	-1707347.0	171.488	131.988				
1314-11-0	Strontium Oxide	OSr	-517292.00000000006	-494209.0	80.846	45.409	-13389.0	-34793.0	230.058	33.092
1314-23-4	Zirconium Oxide	O2Zr	-1023155.0	-972661.0	74.657	56.191	-286186.0	-295049.0	273.746	46.061
1314-34-7	Vanadium Oxide	O3V2	-1093054.0	-1029445.9999999999	152.25	104.964				
1314-35-8	Tungsten Oxide	O3W	-788915.0	-718291.0	103.508	73.14	-292880.0	-276798.0	286.44	61.005
1314-61-0	Tantalum Oxide	O5Ta2	-1957171.0	-1834107.0	183.05	135.034				
1314-62-1	Vanadium Oxide	O5V2	-1491209.0	-1378274.0	191.956	130.599				
1314-85-8	Phosphorus Sulfide	P4S3	-220784.0	-204869.0	207.097	184.096	-151042.0	-168570.0	319.265	154.808
1314-87-0	Lead Sulfide	PbS	-84064.0	-85242.0	100.795	49.438	131796.0	85711.0	251.412	35.085
1314-96-1	Strontium Sulfide	SSr					108198.0	61878.0	243.107	35.477
1317-36-8	Lead Oxide	OPb	-202249.0	-174228.0	73.376	64.998	70291.0	48622.0	240.039	32.508
1317-38-0	Copper Oxide	CuO					306269.0	276788.0	234.617	35.693
1317-39-1	Copper Oxide	Cu2O	-111995.0	-100384.0	129.957	62.542				
1317-96-0	Iron Sulfide	FeS	-68811.0	-75798.0	82.811	50.517	370767.0	313234.0	252.344	34.002
1330-43-4	Sodium Borate	B4Na2O7	-3256658.0	-3062973.0	194.636	187.443				
1332-77-0	Potassium Borate	B4K2O7	-3289042.0	-3100143.0	237.12	170.498				
1333-82-0	Chromium Oxide	CrO3					-292880.0	-273452.0	266.178	56.025
1344-28-1	Aluminum Oxide	Al2O3	-1620567.0	-1532025.0	67.298	79.015				
1344-54-3	Titanium Oxide	O3Ti2	-1418459.0	-1346273.0	127.126	94.851				
1345-25-1	Iron Oxide	FeO	-249532.0	-233289.0	75.415	48.116	251040.0	217639.0	241.924	31.406
1493-02-3	Formyl Fluoride	CHFO					-376560.0	-368054.0	246.52	40.414
1495-50-7	Cyanogen Fluoride	CFN					35982.0	29285.0	225.403	42.312
1605-72-7	Dichloromethylene	CCl2					238488.0	227598.0	265.346	46.249
1871-24-5	Carbonyl Fluoride	CFO					-171544.0	-183103.0	248.479	38.93
2074-87-5	Cyanogen	CN					435136.0	404995.0	202.638	29.154
2108-20-5	Chloromethylene	CHCl					334720.0	319129.0	234.912	36.737
2122-48-7	Ethynyl	C2H					476976.0	438031.0	207.444	37.104
2154-59-8	Difluoromethylene	CF2					-182004.0	-191635.0	240.833	38.948
2229-07-4	Methyl	CH3					145687.0	147950.0	194.17	38.693
2264-21-3	Trifluoromethyl	CF3					-470282.0	-456912.0	265.082	49.804
2314-97-8	Trifluoriodomethane	CF3I					-589107.0	-571109.0	307.629	70.94
2404-52-6	Thiophosphoryl Fluoride	F3PS					-1009068.0	-985461.0	298.139	74.551
2465-56-7	Methylene	CH2					386392.0	369245.0	193.931	34.6
2468-81-7	CNN Radical	CN2					584505.0	574258.0	231.716	42.281
2551-62-4	Sulfur Fluoride	F6S					-1220473.0	-1116451.0	291.535	96.96
2597-44-6	Formyl	CHO					43514.0	28309.0	224.649	34.597
2602-42-8	Carbonyl Chloride	CClO					-62760.0	-76508.0	265.965	45.072
2669-76-3	NCN Radical	CN2					472792.0	464189.0	226.203	42.192
2696-92-6	Nitrosyl Chloride	ClNO					51714.0	66096.0	261.68	44.589
2699-79-8	Sulfuryl Fluoride	F2O2S					-758559.0	-711938.0	283.623	65.825
2713-09-9	Fluoroethyne	C2HF					125520.0	109600.0	231.611	52.321
2944-05-0	Carbon Sulfide	CS					280328.0	228820.0	210.554	29.798
3170-80-7	Trichloromethyl	CCl3					79496.0	92473.0	296.833	63.649
3170-83-0	Hydroperoxo	HO2					2092.0	14430.0	229.106	34.905
3315-37-5	Methylidyne	CH					594128.0	560747.0	183.04	29.171
3352-57-6	Hydroxyl	HO					38987.0	34277.0	183.708	29.986
3744-07-8	Difluoroamidogen	F2N					42258.0	56762.0	249.95	41.005
3889-75-6	Fluoromethylidyne	CF					255224.0	223650.0	213.033	30.06
3889-76-7	Chloromethylidyne	CCl					502080.0	470108.0	224.516	32.254
3889-77-8	Bromomethylidyne	CBr					510448.0	465246.0	233.452	36.041
3931-89-3	Thiophosphoryl Bromide	Br3PS					-281052.0	-302335.0	372.828	94.934
3982-91-0	Thiophosphoryl Chloride	Cl3PS					-380744.0	-359753.0	337.347	89.847
4109-96-0	Dichlorosilane	H2Cl2Si					-320494.0	-294900.0	286.734	62.174
5714-22-7	Sulfur Fluoride	F10S2					-2064386.0	-1861311.0	396.943	176.682
6569-51-3	Borazine	H6B3N3					-510030.0	-388315.0	288.723	96.927
6829-52-3	Methinophosphide	CHP					149900.0	119219.0	215.062	37.166
6834-92-0	Sodium Silicate	Na2O3Si	-1510875.0	-1427704.0	150.496	111.88				
7429-90-5	Aluminum	Al	10562.0	7201.0	39.549	24.209	329699.0	289068.0	164.553	21.39
7439-89-6	Iron	Fe	12395.0	10177.0	34.763	25.096	415471.0	369804.0	180.488	25.675
7439-92-1	Lead	Pb	4283.0	2218.0	71.71	26.836	195200.0	162228.0	175.374	20.786
7439-93-2	Lithium	Li	2380.0	933.0	33.938	31.3	159300.0	126594.0	138.781	20.786
7439-95-4	Magnesium	Mg	4790.0	4256.0	34.464	34.309	147100.0	112522.0	148.648	20.786
7439-96-5	Manganese	Mn	16289.000000000002	12863.0	43.499	26.299	283257.0	241007.0	173.716	20.786
7439-97-6	Mercury	Hg					61380.0	31880.0	174.97	20.786
7439-98-7	Molybdenum	Mo	41568.0	37233.0	43.146	23.932	658980.0	613260.0	181.951	20.786
7440-02-0	Nickel	Ni	17479.0	14016.0	41.487	26.133	430115.0	384701.0	182.19	23.36
7440-03-1	Niobium	Nb	29647.0	26415.0	47.302	24.694	733037.0	688375.0	186.259	30.159
7440-09-7	Potassium	K	2270.0	263.0	71.403	32.702	89000.0	60476.0	160.34	20.786
7440-17-7	Rubidium	Rb	2184.0	102.0	83.764	32.418	80900.0	53078.0	170.093	20.786
7440-21-3	Silicon	Si	48470.0	40826.0	44.46	27.196	450000.0	405528.0	167.98	22.251
7440-23-5	Sodium	Na	2406.0	495.0	57.862	32.706	107300.0	76825.0	153.667	20.786
7440-24-6	Strontium	Sr	911.0	2340.0	50.901	39.463	164000.0	131518.0	164.64	20.786
7440-25-7	Tantalum	Ta	30795.0	28143.0	50.366	25.295	781990.0	739131.0	185.219	20.858
7440-32-6	Titanium	Ti	13652.0	11141.0	39.181	27.638	473629.0	429044.0	180.297	24.43
7440-33-7	Tungsten	W	46896.0	43015.0	45.678	24.296	851026.0	808899.0	173.954	21.297
7440-39-3	Barium	Ba	4985.0	3837.0	66.328	28.096	179075.0	146944.0	170.245	20.786
7440-41-7	Beryllium	Be	15508.0	12497.0	19.539	16.38	324000.0	286184.0	136.274	20.786
7440-42-8	Boron	B	48927.0	42749.0	26.555	11.315	560000.0	515993.00000000006	153.435	20.796
7440-44-0	Carbon	C					716670.0	671244.0	158.1	20.838
7440-46-2	Cesium	Cs	2087.0	24.0	92.069	32.439	76500.0	49532.0	175.599	20.786
7440-47-3	Chromium	Cr	26068.0	22316.0	36.205	23.434	397480.0	352551.0	174.311	20.786
7440-48-4	Cobalt	Co	18004.0	14745.0	41.0	24.811	426676.0	382117.0	179.518	23.024
7440-50-8	Copper	Cu	11857.0	9336.0	41.62	24.442	337600.0	297877.0	166.397	20.786
7440-55-3	Gallium	Ga	5578.0	88.0	59.253	28.559	271960.0	233736.0	169.042	25.346
7440-58-6	Hafnium	Hf	46209.0	37748.0	71.938	17.747	618395.0	575659.0	186.897	20.803
7440-62-2	Vanadium	V	17288.0	15141.0	36.136	24.896	515469.00000000006	469744.0	182.298	26.012
7440-66-6	Zinc	Zn	6519.0	3813.0	50.792	25.387	130419.99999999999	94859.0	160.989	20.786
7440-67-7	Zirconium	Zr	17404.0	14799.0	47.605	25.202	610027.0	567046.0	183.027	24.775
7440-70-2	Calcium	Ca	7788.0	6618.0	45.51	35.0	177800.0	144020.0	154.886	20.786
7446-09-5	Sulfur Dioxide	O2S					-296842.0	-300125.0	248.212	39.878
7446-11-9	Sulfur Trioxide	O3S					-395765.0	-371016.0	256.769	50.661
7446-70-0	Aluminum Chloride	AlCl3	-674805.0	-618161.0	172.908	125.52	-584588.0	-570158.0	314.494	71.876
7447-40-7	Potassium Chloride	ClK	-421791.0	-395090.0	86.657	73.597	-214681.0	-233428.0	239.087	36.496
7447-41-8	Lithium Chloride	ClLi	-390755.0	-372214.0	78.435	48.028	-195719.0	-217274.0	212.919	33.245
7487-88-9	Magnesium Sulfate	MgO4S	-1246587.0	-1135408.0	102.125	96.232				
7487-94-7	Mercury Chloride	Cl2Hg	-213222.0	-173080.0	164.471	102.09	-146294.0	-145007.0	294.793	58.11
7546-30-7	Mercury Chloride	ClHg					78450.0	56853.0	260.005	36.42
7550-35-8	Lithium Bromide	BrLi	-338226.0	-332088.0	84.603	65.27	-153971.0	-189498.0	224.345	33.952
7550-45-0	Titanium Chloride	Cl4Ti	804165.0	728139.0	221.925	145.205	-763162.0	-726779.0	354.889	95.614
7553-56-2	Iodine	I2	13523.0	3322.0	150.356	80.669	62421.0	19325.0	260.685	36.887
7572-29-4	Dichloroethyne	C2Cl2					209618.0	198448.0	272.027	65.573
7580-67-8	Lithium Hydride	HLi	-77714.0	-56189.0	22.227	62.342	140624.0	117820.0	170.909	29.731
7616-94-6	Perchloryl Fluoride	ClFO3					-21422.0	50632.0	278.984	64.924
7631-86-9	Silicon Oxide	O2Si	-902661.0	-850175.0	47.928	44.183	-305432.0	-306926.0	228.976	44.007
7637-07-2	Trifluoroborane	BF3					-1135621.0	-1119025.0	254.355	50.446
7646-69-7	Sodium Hydride	HNa					124265.0	102919.0	188.387	30.293
7646-79-9	Cobalt Chloride	Cl2Co	-271514.0	-240469.0	149.021	78.492	-93722.0	-107244.0	298.5	59.623
7647-01-0	Hydrogen Chloride	HCl					-92312.0	-95300.0	186.901	29.136
7647-14-5	Sodium Chloride	ClNa	-385923.0	-365667.0	95.055	50.509	-181418.0	-201334.0	229.793	35.786
7647-15-6	Sodium Bromide	BrNa	-339343.0	-332427.0	104.363	62.342	-143930.0	-177817.0	241.218	36.323
7647-17-8	Cesium Chloride	ClCs	-434468.0	-406150.0	101.708	77.404	-240162.0	-257867.00000000003	256.07	36.952
7647-19-0	Phosphorus Fluoride	F5P					-1594409.0	-1520695.0	300.81	84.836
7664-38-2	Phosphoric Acid	H3O4P	-1271663.0	-1123597.0	150.775	145.047				
7664-39-3	Hydrogen Fluoride	HF					-272546.0	-274646.0	173.78	29.138
7664-41-7	Ammonia	H3N					-45898.0	-16367.0	192.774	35.652
7664-93-9	Sulfuric Acid	H2O4S					-735129.0	-653366.0	298.796	83.761
7681-11-0	Potassium Iodide	IK	-312846.0	-310269.0	114.098	72.383	-125520.0	-165932.0	258.283	37.122
7681-49-4	Sodium Fluoride	FNa	-546204.0	-522535.99999999994	73.464	46.852	-290453.0	-309761.0	217.61	34.215
7681-82-5	Sodium Iodide	INa	-266508.0	-269856.0	120.754	52.225				
7693-26-7	Potassium Hydride	HK					123010.0	102731.0	198.024	31.036
7697-37-2	Nitric Acid	HNO3					-134306.0	-73941.0	266.4	53.336
7698-05-7	Hydrochloric Acid-D	ClD					-93345.0	-95945.0	192.741	29.17
7704-34-9	Sulfur	S	1854.0	432.0	36.825	22.531	276980.0	236500.0	167.828	23.673
7705-07-9	Titanium Chloride	Cl3Ti					-539318.0	-524862.0	316.895	72.567
7705-08-0	Iron Chloride	Cl3Fe	-362815.0	-314728.0	200.657	133.888	-253132.0	-247845.0	344.206	77.702
7718-54-9	Nickel Chloride	Cl2Ni	-233517.0	-203362.0	151.81	71.659	-73931.0	-86240.0	294.233	58.077
7719-12-2	Phosphorus Chloride	Cl3P					-288696.0	-269610.0	311.682	71.581
7720-83-4	Titanium Iodide	I4Ti	-348314.0	-362863.0	311.841	156.482	-277274.0	-327968.0	433.072	104.254
7721-01-9	Tantalum Chloride	Cl5Ta	-834347.0	-735649.0	268.135	147.904	-764835.0	-709321.0	412.973	120.137
7722-84-1	Hydrogen Peroxide	H2O2					-136106.0	-105445.0	232.991	43.116
7723-14-0	Phosphorus	P	615.0	38.0	43.011	26.326	316390.0	279980.0	163.198	20.786
7726-95-6	Bromine	Br2					30910.0	3126.0	245.394	36.048
7727-15-3	Aluminum Bromide	AlBr3	-501381.0	-486442.0	206.481	124.965	-410450.0	-438135.0	349.441	75.376
7732-18-5	Water	H2O	-285830.0	-237141.0	69.95	75.351	-241826.0	-228582.0	188.834	33.59
7757-82-6	Sodium Sulfate	Na2O4S	-1356385.0	-1247832.0	181.172	159.62	-1033615.0	-974461.0	346.854	105.619
7757-87-1	Magnesium Phosphate	Mg3O8P2	-3663190.0	-3434910.0	235.102	212.756				
7758-02-3	Potassium Bromide	BrK	-376492.0	-365987.0	105.54	69.873	-180079.0	-212804.0	250.532	36.922
7758-89-6	Copper Chloride	ClCu	-131178.0	-115987.0	93.752	66.944	91086.0	63506.0	237.207	35.261
7758-94-3	Iron Chloride	Cl2Fe	-311336.0	-278383.0	139.876	102.173	-141001.0	-155575.0	299.283	57.57
7758-95-4	Lead Chloride	Cl2Pb	-344251.0	-304160.0	153.396	77.073	-174054.0	-182802.0	317.205	55.184
7774-29-0	Mercury Iodide	HgI2	-87287.0	-94291.0	215.663	77.747	-16129.000000000002	-59074.0	336.206	61.118
7775-19-1	Sodium Borate	BNaO2	-960019.0	-906507.0	82.958	65.94	-648520.0	-655918.0	287.248	58.233
7778-80-5	Potassium Sulfate	K2O4S	-1393668.0	-1286278.0	211.505	131.319	-1094116.0	-1032835.0	366.152	108.73
7782-77-6	Nitrous Acid, Trans	HNO2					-78827.0	-43934.0	249.261	46.051
7782-91-4	Molybdic Acid	H2MoO4					-851026.0	-787234.0	355.62	104.154
7783-03-1	Tungstic Acid	H2O4W					-905836.0	-839756.0	351.999	102.527
7783-06-4	Hydrogen Sulfide	H2S					-20502.0	-33329.0	205.757	34.192
7783-30-4	Mercury Iodide	HgI					133470.0	89745.0	280.752	37.919
7783-39-3	Mercury Fluoride	F2Hg	-404897.0	-361793.0	134.246	74.856	-293654.0	-291543.0	271.737	53.968
7783-40-6	Magnesium Fluoride	F2Mg	-1072356.0	-1028977.0000000001	89.967	61.547	-726761.0	-733036.0	256.508	48.259
7783-41-7	Oxygen Fluoride	F2O					24518.0	41783.0	247.457	43.301
7783-42-8	Thionyl Fluoride	F2OS					-543920.0	-526542.0	279.132	57.105
7783-46-2	Lead Fluoride	F2Pb	-660320.0	-619579.0	130.927	74.266	-435136.0	-442625.0	292.692	50.95
7783-48-4	Strontium Fluoride	F2Sr	-1172043.0	-1127607.0	109.445	69.977	-766090.0	-775998.0	291.715	52.991
7783-50-8	Iron Fluoride	F3Fe					-820901.0	-812771.0	304.236	65.546
7783-54-2	Nitrogen Fluoride	F3N					-132089.0	-90582.0	260.773	53.37
7783-55-3	Phosphorus Fluoride	F3P					-958441.0	-936916.0	273.064	58.691
7783-59-7	Lead Fluoride	F4Pb					-1133446.0	-1092670.0	333.602	90.935
7783-60-0	Sulfur Fluoride	F4S					-763162.0	-722020.0	299.644	77.598
7783-61-1	Tetrafluorosilane	F4Si					-1614940.0	-1572711.0	282.76	73.621
7783-63-3	Titanium Fluoride	F4Ti					-1551427.0	-1515229.0	314.928	85.177
7783-64-4	Zirconium Fluoride	F4Zr					-1673600.0	-1636352.0	319.516	87.393
7783-66-6	Iodine Fluoride	F5I					-840315.0	-771626.0	334.663	102.878
7783-77-9	Molybdenum Fluoride	F6Mo	-1585656.0	-1473170.0	259.693	169.795	-1557661.0	-1472312.0	350.71	120.276
7783-82-6	Tungsten Fluoride	F6W	-1748368.0	-1631549.0	249.216	169.452	-1721716.0	-1632301.0	341.127	119.029
7783-86-0	Iron Iodide	FeI2	-71046.0	-86540.0	195.43	112.968	87864.0	26405.0	349.597	60.859
7784-18-1	Aluminum Fluoride	AlF3	-1422760.0	-1352074.0	95.379	97.475	-1209322.0	-1192695.0	276.691	62.239
7784-23-8	Aluminum Iodide	AlI3	-289444.0	-295752.0	223.648	121.336	-193301.0	-244323.0	373.616	77.081
7786-30-3	Magnesium Chloride	Cl2Mg	-601577.0	-563929.0	129.48	71.379	-392459.0	-398803.0	277.027	57.097
7787-32-8	Barium Fluoride	BaF2	-1171294.0	-1128357.0	121.254	72.203	-803746.0	-814489.0	301.297	53.78
7787-46-4	Beryllium Bromide	BeBr2					-229283.0	-262754.0	273.909	53.315
7787-47-5	Beryllium Chloride	BeCl2	-491313.0	-445758.0	79.727	62.425	-360242.0	-366120.0	252.232	51.622
7787-49-7	Beryllium Fluoride	BeF2	-1022048.0	-976637.0	59.92	49.903	-796006.0	-800576.0	227.556	46.364
7787-52-2	Beryllium Hydride	H2Be					125520.0	115682.0	173.115	30.37
7787-53-3	Beryllium Iodide	BeI2	-178377.0	-179396.0	128.999	68.961	-64015.0	-113491.0	291.524	54.939
7787-71-5	Bromine Fluoride	BrF3					-255588.0	-229383.0	292.397	66.497
7789-19-7	Copper Fluoride	CuF2	-487854.0	-454053.0	122.585	65.551	-266939.0	-276222.0	267.086	47.987
7789-20-0	Water-D	D2O					-249203.0	-234536.0	198.339	34.255
7789-21-1	Fluorosulfuric Acid	HFO3S					-753120.0	-690734.0	297.267	75.243
7789-23-3	Potassium Fluoride	FK	-554467.0	-525120.0	67.634	71.965	-326770.0	-344822.0	226.612	35.228
7789-24-4	Lithium Fluoride	FLi	-598651.0	-572558.0	42.962	64.183	-340787.0	-361597.0	200.278	31.287
7789-25-5	Nitrosyl Fluoride	FNO					-65689.0	-50277.0	248.082	41.348
7789-26-6	Fluorine Nitrate	FNO3					10460.0	73664.0	292.933	65.223
7789-28-8	Iron Fluoride	F2Fe	-674549.0	-633532.0	92.537	98.324	-389530.0	-399994.0	265.205	55.747
7789-29-9	Potassium Fluoride	HF2K	-916573.0	-856932.0	132.764	76.944				
7789-30-2	Bromine Fluoride	BrF5					-428718.0	-351379.0	323.682	101.404
7789-33-5	Iodine Bromide	BrI					40878.0	3675.0	258.952	36.531
7789-41-5	Calcium Bromide	Br2Ca	-662989.0	-649294.0	147.861	75.04	-384928.0	-420991.0	314.752	60.387
7789-46-0	Iron Bromide	Br2Fe	-211005.0	-207978.0	169.376	106.692	-41422.0	-88479.0	337.359	60.653
7789-47-1	Mercury Bromide	Br2Hg	-156626.0	-145874.0	192.172	102.09	-85454.0	-112881.0	320.223	60.276
7789-48-2	Magnesium Bromide	Br2Mg	-490408.0	-480158.0	150.5	73.161	-302922.0	-337555.0	301.038	58.711
7789-57-3	Tribromosilane	HBr3Si					-302922.0	-313530.0	348.049	80.41
7789-59-5	Phosphoryl Bromide	Br3OP					-406022.0	-402406.0	359.832	89.862
7789-60-8	Phosphorus Bromide	Br3P					-146022.0	-169530.0	348.234	76.033
7789-66-4	Tetrabromosilane	Br4Si	-457311.0	-443896.0	278.236	146.44	-415471.0	-432207.0	379.365	97.009
7789-68-6	Titanium Bromide	Br4Ti	-605345.0	-590138.0	284.168	151.879	-550196.0	-569107.0	398.601	100.711
7789-75-5	Calcium Fluoride	CaF2	-1186067.0	-1140806.0	92.573	68.588	-784500.0	-793272.0	273.798	51.267
7790-89-8	Chlorine Fluoride	ClF					-50292.0	-51784.0	217.938	32.082
7790-91-2	Chlorine Fluoride	ClF3					-158866.0	-118877.0	281.6	63.845
7790-92-3	Hypochlorous Acid	HClO					-74475.0	-61670.0	236.504	37.285
7790-99-0	Iodine Chloride	ClI	-23929.0	-13958.0	136.167	102.759	17506.0	-5737.0	247.567	35.548
7791-03-9	Lithium Perchlorate	ClLiO4	-358355.0	-243178.0	164.611	161.084				
7791-21-1	Chlorine Oxide	Cl2O					87864.0	105065.0	267.959	47.81
7791-25-5	Sulfuryl Chloride	Cl2O2S					-354803.0	-310323.0	311.095	77.095
7803-51-2	Phosphine	H3P					22886.0	30893.0	210.243	37.102
7803-62-5	Silane	H4Si					34309.0	56827.0	204.653	42.827
10006-28-7	Potassium Silicate	K2O3Si	-1499291.0	-1418306.0	184.256	118.407				
10022-50-1	Nitryl Fluoride	FNO2					-108784.0	-66418.0	260.25	49.865
10024-43-8	Calcium Bromide	BrCa					-49396.0	-89707.0	252.894	36.381
10024-97-2	Nitrogen Oxide	N2O					82048.0	104179.0	219.957	38.617
10025-67-9	Sulfur Chloride	Cl2S2	-58158.0	-39271.0	223.844	124.29	-16736.0	-28669.0	327.215	72.768
10025-78-2	Trichlorosilane	HCl3Si					-496222.0	-464899.0	313.717	75.455
10025-87-3	Phosphoryl Chloride	Cl3OP					-559819.0	-514256.99999999994	325.454	84.917
10026-04-7	Tetrachlorosilane	Cl4Si					-662746.0	-622784.0	330.945	90.261
10026-11-6	Zirconium Chloride	Cl4Zr					-869979.0	-835003.0	367.716	98.234
10026-12-7	Niobium Chloride	Cl5Nb	-773354.0	-674012.0	260.97	147.904	-703330.0	-646667.0	404.111	119.04
10026-13-8	Phosphorus Chloride	Cl5P					-360184.0	-290271.0	364.288	111.89
10026-17-2	Cobalt Fluoride	CoF2	-637691.0	-593977.0	86.238	104.6	-356477.0	-369949.0	278.042	51.21
10028-15-6	Ozone	O3					142674.0	163184.0	238.932	39.238
10031-18-2	Mercury Bromide	BrHg					104182.0	68581.0	271.538	37.21
10031-22-8	Lead Bromide	Br2Pb	-267412.0	-254558.0	173.878	79.58	-104391.0	-140883.0	339.386	56.918
10034-85-2	Hydrogen Iodide	HI					26359.0	1560.0	206.589	29.156
10034-94-3	Magnesium Silicate	Mg2O4Si	-2113878.0	-2003141.0	123.044	118.688				
10035-10-6	Hydrogen Bromide	HBr					-36443.0	-53513.0	198.699	29.141
10036-47-2	Tetrafluorohydrazine	F4N2					-8368.0	79883.0	301.191	79.169
10043-11-5	Boron Nitride	BN					476976.0	443965.0	212.358	29.45
10043-35-3	Boric Acid	H3BO3					-992277.0	-928373.0	295.237	65.338
10043-52-4	Calcium Chloride	CaCl2	-774094.0	-732115.0	123.868	72.856	-471537.0	-479169.0	290.265	59.325
10049-04-4	Chlorine Oxide	ClO2					104600.0	122327.0	257.229	41.995
10049-06-6	Titanium Chloride	Cl2Ti					-237233.0	-244537.0	278.338	57.503
10097-28-6	Silicon Oxide	OSi					-100416.0	-127305.0	211.579	29.899
10097-32-2	Bromine	Br					111860.0	82369.0	175.017	20.786
10101-63-0	Lead Iodide	I2Pb	-157679.0	-163038.0	198.902	77.571	-3180.0	-56437.0	359.552	57.615
10102-03-1	Nitrogen Oxide	N2O5					11297.0	118013.0	346.548	96.303
10102-24-6	Lithium Silicate	Li2O3Si	-1625231.0	-1539171.0	96.064	100.567				
10102-43-9	Nitrogen Oxide	NO					90291.0	86600.0	210.758	29.845
10102-44-0	Nitrogen Oxide	NO2					33095.0	51258.0	240.034	36.974
10102-68-8	Calcium Iodide	CaI2	-500170.0	-506494.0	178.942	77.157	-258153.00000000003	-308790.0	327.569	60.636
10241-03-9	Zirconium Chloride	Cl3Zr					-524255.0	-514073.99999999994	339.34	76.025
10241-04-0	Cobalt Chloride	Cl3Co					-163594.0	-154508.0	334.209	76.238
10241-05-1	Molybdenum Chloride	Cl5Mo	-510114.0	-416944.0	273.807	175.728	-447688.0	-391478.0	397.774	119.482
10294-33-4	Tribromoborane	BBr3	-238488.0	-236914.0	228.865	128.03	-204179.0	-231062.0	324.307	67.771
10294-34-5	Trichloroborane	BCl3					-402961.0	-387969.0	290.169	62.392
10294-54-9	Cesium Sulfate	Cs2O4S	-1400139.0	-1290958.0	246.449	135.143	-1122567.0	-1061100.0	406.484	110.07
10325-39-0	Dichloroborane	HBCl2					-248111.0	-240365.0	268.272	49.644
10361-37-2	Barium Chloride	BaCl2	-832467.0	-790119.0	143.518	75.14	-498733.0	-510713.0	325.736	56.16
10377-48-7	Lithium Sulfate	Li2O4S	-1399296.0	-1296080.0	154.332	117.608	-1041816.0	-988835.0	322.82	101.804
10377-51-2	Lithium Iodide	ILi	-258349.0	-261764.0	98.611	63.178	-91002.0	-134265.0	232.262	34.572
10377-58-9	Magnesium Iodide	I2Mg	-342252.0	-344316.0	155.737	74.81	-160247.0	-210538.0	317.489	59.623
10476-81-0	Strontium Bromide	Br2Sr	-705098.0	-689280.0	154.843	76.852	-407103.0	-441544.0	323.413	60.896
10476-85-4	Strontium Chloride	Cl2Sr	-805351.0	-762730.0	135.82	75.588	-473210.0	-484411.0	316.339	55.775
10476-86-5	Strontium Iodide	I2Sr	-548748.0	-548928.0	172.44	77.948	-274889.0	-324894.0	339.554	61.399
10544-50-0	Sulfur	S8					100416.0	48578.0	430.311	156.043
10544-72-6	Nitrogen Oxide	N2O4	19564.0	97521.0	209.198	142.509	9079.0	97787.0	304.376	77.256
10544-73-7	Nitrogen Oxide	N2O3					82843.0	139727.0	308.539	65.615
10545-99-0	Sulfur Chloride	Cl2S	-49790.0	-28485.0	183.678	91.002	-17573.0	-25472.0	281.628	50.895
10546-01-7	Sulfur Fluoride	F5S					-908447.0	-838597.0	304.752	89.642
10553-31-8	Barium Bromide	BaBr2	-730193.0	-717500.0	172.108	77.015	-424676.0	-462656.0	342.067	57.029
11062-77-4	Oxygen, Ion	O2-					-48593.0	-43663.0	209.591	30.453
11080-56-1	Phosphorus Fluoride, Ion	FP-					-164046.0	-182462.0	225.218	34.786
11080-57-2	Phosphorus Fluoride, Ion	FP+					901518.0	870945.0	224.035	33.428
11081-35-9	Deuterium, Ion	D2-					235365.0	237655.0	158.259	30.315
11092-32-3	Aluminum Oxide	AlO2					-86190.0	-91679.0	251.832	49.892
11127-10-9	Potassium Bromide	Br2K2					-540573.0	-568802.0	376.23	81.782
11128-24-8	Fluorosilylidyne	FSi					-20083.0	-51559.0	225.786	32.65
12003-67-7	Lithium Aluminum Oxide	AlLiO2	-1107739.0	-1057412.0	93.711	67.777				
12004-06-7	Beryllium Aluminum Oxide	Al2BeO4	-2163842.0	-2059525.9999999998	126.406	105.38				
12004-36-3	Aluminum Oxide	Al2O					-145185.0	-172975.0	252.332	52.032
12007-60-2	Lithium Borate	B6Li2O10	-3317715.0	-3131030.0	173.375	181.146				
12008-39-8	Potassium Borate	B8K2O13	-5872537.0	-5519114.0	324.085	323.088				
12009-08-4	Barium Hydroxide	HBaO					-226440.0	-233150.0	252.893	46.356
12009-99-3	Beryllium Oxide	Be2O					-62760.0	-92388.0	220.827	40.952
12011-54-0	Boron Carbide	CB					828432.0	769702.0	208.555	29.7
12018-00-7	Chromium Oxide	CrO					188280.0	154567.0	239.268	31.32
12018-01-8	Chromium Oxide	CrO2					-75312.0	-87380.0	269.241	43.39
12031-80-0	Lithium Oxide	Li2O2					-242672.0	-245727.0	273.562	72.73
12031-82-2	Lithium Titanium Oxide	Li2O3Ti	-1566760.0	-1492523.0	147.656	109.855				
12032-30-3	Magnesium Titanium Oxide	MgO3Ti	-1497631.0	-1420091.0	111.082	91.881				
12032-35-8	Magnesium Titanium Oxide	MgO5Ti2	-2382307.0	-2260282.0	197.783	146.858				
12032-36-9	Magnesium Sulfide	MgS					145227.0	97297.0	225.483	34.599
12032-52-9	Magnesium Titanium Oxide	Mg2O4Ti	-2046329.0	-1946752.0	172.412	128.574				
12033-33-9	Molybdenum Sulfide	Mo2S3	-270304.0	-278590.0	181.17	109.294				
12033-49-7	Nitrogen Oxide	NO3					71128.0	116121.0	252.619	46.934
12033-56-6	Nitrogen Sulfide	NS					263592.0	235498.0	222.087	31.793
12033-60-2	Silicon Nitride	NSi					372376.0	341909.0	216.812	30.168
12034-57-0	Niobium Oxide	NbO	-336743.0	-320105.0	83.233	41.112	198740.0	168943.0	238.976	30.788
12034-59-2	Niobium Oxide	NbO2	-710872.0	-666514.0	92.835	57.45	-199995.0	-209330.0	272.921	43.907
12035-51-7	Nickel Sulfide	NiS2	-66568.0	-75048.0	122.427	70.626				
12035-72-2	Nickel Sulfide	Ni3S2	-143926.0	-162473.0	215.93	117.738				
12035-90-4	Tantalum Oxide	OTa					192464.0	163522.0	241.116	30.6
12035-98-2	Vanadium Oxide	OV	-370901.0	-352304.0	69.137	45.501	127612.0	97978.0	230.901	30.697
12035-99-3	Tungsten Oxide	OW					425094.0	391414.0	248.198	30.49
12036-01-0	Zirconium Oxide	OZr					58576.0	32880.0	227.627	30.845
12036-14-5	Tantalum Oxide	O2Ta					-200832.0	-210876.0	280.306	44.0
12036-21-4	Vanadium Oxide	O2V	-1332151.0	-1244289.0	173.473	120.081	-232630.0	-241928.0	265.269	43.907
12036-22-5	Tungsten Oxide	O2W					76567.0	62348.0	285.499	43.812
12045-60-2	Boron Oxide	B2O					96232.0	62391.0	227.744	38.41
12045-63-5	Titanium Boride	B2Ti	-188029.0	-192185.0	56.365	44.279				
12045-64-6	Zirconium Boride	B2Zr	-224832.0	-229067.0	64.742	48.242				
12057-24-8	Lithium Oxide	Li2O	-553247.0	-521744.0	55.083	54.087	-166942.0	-187325.0	229.108	49.758
12058-07-0	Molybdenum Oxide	MoO					310959.0	277988.0	241.764	36.002
12061-70-0	Oxygen Fluoride	FO					108784.0	104989.0	216.696	30.623
12065-65-5	Titanium Oxide	O5Ti3	-2289059.0	-2177939.0	232.446	173.962				
12068-51-8	Magnesium Aluminum Oxide	Al2MgO4	-2106527.0	-2007826.0	168.473	116.198				
12069-32-8	Boron Carbide	CB4	51885.0	39855.0	69.426	53.764				
12070-04-1	Silicon Carbide	CSi2					535552.0	476248.0	242.286	47.424
12070-06-3	Tantalum Carbide	CTa	-33955.0	-40236.0	68.279	36.79				
12070-08-5	Titanium Carbide	CTi	-108334.0	-111585.0	47.401	33.807				
12070-14-3	Zirconium Carbide	CZr	-118877.0	-121550.0	53.577	37.899				
12070-15-4	Carbon	C2					837737.0	781714.0	199.382	43.145
12070-28-9	Beryllium Carbide	C2Be					564840.0	505889.0	218.643	41.282
12071-27-1	Silicon Carbide	C2Si					615048.0	553501.0	236.731	45.611
12075-35-3	Carbon	C3					820064.0	754464.0	237.246	37.74
12137-20-1	Titanium Oxide	OTi	-493939.0	-472116.0	60.14	39.957	54392.0	24535.0	233.474	32.476
12141-11-6	Magnesium Hydroxide	HMgO					-164755.0	-172469.0	226.458	43.036
12141-14-9	Strontium Hydroxide	HOSr					-205518.0	-212347.0	246.511	45.958
12142-77-7	Lithium Oxide	LiO					84098.0	60454.0	210.963	32.406
12143-55-4	Titanium Oxide	O7Ti4	-3216035.0	-3052056.0	291.066	208.489				
12164-97-5	Phosphorus Oxide	O2P					-314524.0	-316748.0	253.685	41.407
12165-16-1	Tungsten Oxide	O6W2					-1163989.0	-1084931.0	415.601	153.665
12165-25-2	Tungsten Oxide	O8W3					-1710001.0	-1583420.0	494.013	206.277
12165-37-6	Tungsten Oxide	O9W3					-2023382.0	-1869398.0	504.674	222.942
12165-45-6	Tungsten Oxide	O12W4					-2804117.0	-2578641.0	605.272	309.177
12177-67-2	Calcium Hydroxide	HCaO					-193877.0	-201620.0	235.47	44.625
12181-16-7	Hydrogen-D , Ion	HD+					1496793.0	1485251.0	155.552	29.334
12182-83-1	Cesium Hydroxide	H2Cs2O2					-687850.0	-644507.0	360.748	82.807
12184-80-4	Carbon	C4					970688.0	909460.0	228.322	50.176
12184-83-7	Cesium	Cs2					107366.0	73263.0	284.675	38.25
12184-84-8	Deuterium, Ion	D2+					1498567.0	1488801.0	156.735	29.51
12184-88-2	Hydrogen, Ion	H-					139032.0	132282.0	108.96	20.786
12184-89-3	Hydrogen, Ion	H2-					235373.0	237732.0	143.746	29.556
12184-90-6	Hydrogen, Ion	H2+					1494671.0	1484931.0	142.37	29.288
12185-02-3	Nitrogen, Ion	N2-					148615.0	151015.0	204.536	29.194
12185-07-8	Oxygen, Ion	O2+					1170888.0	1164315.0	206.215	29.195
12185-09-0	Phosphorus	P2					143653.0	103112.0	218.131	32.034
12185-10-3	Phosphorus	P4					58907.0	24416.0	279.992	67.158
12190-70-4	Copper	Cu2					485344.0	433051.0	241.721	36.585
12228-39-6	Boron Sulfide	BS					243090.0	189930.0	216.19	30.051
12232-29-0	Beryllium Chloride	Be2Cl4					-748936.0	-724021.0	381.475	115.368
12251-90-0	Aluminum Sulfide	AlS					238488.0	187722.0	230.601	33.398
12252-63-0	Aluminum Oxide	Al2O2					-394551.0	-400300.0	280.98	67.164
12253-74-6	Beryllium Aluminum Oxide	Al6BeO10	-5299312.0	-5033981.0	314.903	265.186				
12258-95-6	Cesium Chloride	Cl2Cs2					-659817.0	-656856.0	383.445	81.617
12258-97-8	Potassium Chloride	Cl2K2					-617642.0	-617774.0	352.864	80.865
12258-98-9	Sodium Chloride	Cl2Na2					-566095.0	-565929.0	325.432	78.786
12259-29-9	Hydroxyl, Ion	HO+					1317123.0	1306437.0	182.776	29.153
12265-82-6	Lithium Fluoride	F2Li2					-942781.0	-942086.0	258.627	63.131
12269-46-4	Nitrogen Oxide, Ion	N2O+					1333399.0	1345131.0	233.856	42.262
12280-09-0	Beryllium Hydroxide, Ion	HBeO+					759934.0	745758.0	203.919	38.441
12281-36-6	Phosphorus Sulfide	PS					138603.0	90569.0	234.241	35.243
12285-54-0	Cesium Fluoride	Cs2F2					-890104.0	-883913.0	352.319	79.888
12285-62-0	Potassium Fluoride	F2K2					-862741.0	-859111.0	319.955	78.525
12285-64-2	Sodium Fluoride	F2Na2					-846423.0	-840957.0	287.366	70.821
12285-99-3	Potassium Iodide	I2K2					-422166.0	-466974.0	395.772	82.258
12293-67-3	Silicon Nitride	NSi2					397480.0	360795.0	256.487	49.884
12326-85-1	Carbon Phosphide	CP					449893.0	399375.0	216.255	29.91
12345-57-2	Lithium Chloride	Cl2Li2					-598546.0	-600788.0	288.767	72.195
12355-90-7	Difluoroborane, Ion	BF2+					322586.0	311405.0	225.148	44.291
12380-84-6	Lithium Bromide	Br2Li2					-500825.0	-531879.0	314.534	75.049
12385-13-6	Hydrogen	H					217999.0	203278.0	114.716	20.786
12395-66-3	Potassium Hydroxide	H2K2O2					-654796.0	-613898.0	327.996	81.444
12401-70-6	Potassium Oxide	KO					71128.0	50024.0	238.027	35.981
12401-86-4	Sodium Oxide	NaO					83680.0	61287.0	229.133	35.147
12408-02-5	Hydrogen, Ion	H+					1536246.0	1516990.0	108.946	20.786
12431-56-0	Sodium Bromide	Br2Na2					-486348.0	-514323.99999999994	348.949	80.121
12440-00-5	Phosphorus Oxide	O6P4					-2214307.0	-2084877.0	345.641	143.937
12504-41-5	Silicon Sulfide	SSi					105960.0	54403.0	223.799	32.332
12505-77-0	Boron Oxide	BO					0.0	-28343.0	203.472	29.196
12523-60-3	Difluoroborane Oxide	B2F4O					-1898072.0	-1843720.0	337.523	81.853
12524-20-8	Barium Iodide	BaI					-42417.0	-89582.0	278.737	37.221
12539-57-0	Cyanogen, Ion	CN+					1802760.0	1763145.0	213.437	29.431
12588-30-6	Aluminum Oxide, Ion	AlO+					992993.0	956886.0	230.975	33.135
12588-51-1	Aluminum Oxide, Ion	Al2O+					652436.0	615909.0	260.66	52.897
12588-96-4	Boron Hydride Oxide, Ion	HBO-					-244471.0	-254111.0	227.058	35.199
12595-82-3	Carbon	C5					979056.0	915470.0	241.972	61.135
12595-85-6	Calcium	Ca2					341637.0	289757.0	257.183	36.577
12596-92-8	Lead	Pb2					332628.0	287380.0	281.334	36.921
12597-03-4	Sulfur	S3					141461.0	89777.0	269.517	47.764
12597-10-3	Sulfur	S5					109370.0	65137.0	308.638	89.501
12597-35-2	Silicon	Si2					589944.0	532653.0	229.793	34.452
12597-37-4	Silicon	Si3					635968.0	572927.0	267.898	55.055
12758-11-1	Aluminum Fluoride, Ion	AlF2-					-907928.0	-910314.0	260.046	46.511
12758-12-2	Aluminum Oxide, Ion	AlO-					-269424.0	-287606.0	212.807	31.303
12769-83-4	Sodium Oxide, Ion	NaO-					-121336.0	-134001.0	217.487	35.064
13135-31-4	Titanium Bromide	Br3Ti					-374886.0	-404700.0	359.064	79.334
13283-01-7	Tungsten Chloride	Cl6W	-569405.0	-445068.0	284.868	200.832	-493712.0	-409416.0	419.166	143.941
13283-31-3	Borane	H3B					106692.0	110859.0	187.876	36.221
13320-71-3	Molybdenum Chloride	Cl4Mo	-462837.0	-394490.0	245.525	146.44	-384928.0	-354272.0	371.941	98.109
13327-32-7	Beryllium Hydroxide	H2BeO2					-676553.0	-643369.0	233.968	63.419
13400-13-0	Cesium Fluoride	CsF	-543849.0	-515094.00000000006	90.099	74.057	-356477.0	-373373.0	243.213	35.838
13444-87-6	Nitrosyl Bromide	BrNO					82132.0	82417.0	273.525	45.473
13444-90-1	Nitryl Chloride	ClNO2					12134.0	53965.0	272.187	53.187
13446-56-5	Molybdenum Bromide	Br2Mo					167360.0	125575.0	320.96	69.291
13446-57-6	Molybdenum Bromide	Br3Mo					-8368.0	-43572.0	374.99	80.27
13453-52-6	Fluoromethylene	CHF					125520.0	110352.0	223.348	34.604
13453-69-5	Lithium Borate	BLiO2	-1000259.0	-948226.0	65.547	60.371	-646846.0	-657181.0	274.727	57.246
13460-50-9	Boric Acid	HBO2					-560656.0	-549748.0	239.734	42.232
13460-51-0	Boric Acid	H3B3O6					-2271912.0	-2128384.0	347.567	137.265
13463-30-4	Lead Chloride	Cl4Pb					-552403.0	-491873.0	381.659	100.536
13463-39-3	Nickel Carbonyl	C4NiO4	-631784.0	-588980.0	319.56	203.342	-601576.0	-587378.0	415.507	149.289
13463-67-7	Titanium Oxide	O2Ti	-894055.0	-845289.0	72.345	55.103	-305432.0	-312660.0	260.148	44.149
13465-71-9	Trifluorosilane	HF3Si					-1200808.0	-1167691.0	277.268	63.485
13465-72-0	Triiodosilane	HI3Si					-74475.0	-109250.0	375.009	83.884
13465-73-1	Bromosilane	H3BrSi					-78241.0	-69751.0	262.466	52.865
13465-78-6	Chlorosilane	H3ClSi					-141838.0	-119292.0	250.761	51.098
13465-83-3	Diiodosilylene	I2Si					92466.0	37008.0	320.972	54.624
13465-84-4	Tetraiodosilane	I4Si	-174603.0	-187485.0	294.309	159.8	-110458.0	-159755.0	416.449	100.574
13470-08-1	Titanium Fluoride	F3Ti					-1188674.0	-1175704.0	291.44	65.585
13470-11-6	Tungsten Bromide	Br5W	-298059.0	-262330.0	293.341	182.004	-199158.0	-213540.0	461.411	127.212
13470-12-7	Tungsten Chloride	Cl2W					-12552.0	-28556.0	309.416	58.06
13470-13-8	Tungsten Chloride	Cl4W					-335975.0	-306300.0	379.285	98.865
13470-14-9	Tungsten Chloride	Cl5W	-495387.0	-393462.0	248.498	182.004	-412542.0	-357485.0	405.693	120.235
13478-20-1	Phosphoryl Fluoride	F3OP					-1254250.0	-1205824.0	285.413	68.815
13478-41-6	Copper Fluoride	CuF					-12552.0	-39963.0	226.495	33.379
13478-45-0	Niobium Bromide	Br5Nb	-545074.0	-502446.0	274.005	147.904	-443588.0	-453212.0	449.259	125.806
13497-96-6	Aluminum Chloride Fluoride	AlCl2F					-790776.0	-778449.0	311.403	68.804
13517-10-7	Triiodoborane	BI3					71128.0	20838.0	348.721	70.787
13520-59-7	Molybdenum Bromide	Br4Mo					-171126.0	-196728.0	418.889	102.884
13520-76-8	Tungsten Chloride Oxide	Cl2O2W					-671532.0	-639642.0	353.927	87.199
13520-78-0	Tungsten Chloride Oxide	Cl4OW	-630573.0	-532832.0	253.565	182.004	-573493.0	-512577.0	377.079	106.138
13520-79-1	Tungsten Fluoride Oxide	F4OW	-1405255.0	-1297355.0	178.915	182.004	-1336621.0	-1275170.0	334.705	95.853
13536-94-2	Hydrogen Sulfide-D	D2S					-23891.0	-35300.0	215.284	35.761
13537-16-1	Titanium Fluoride Oxide	F2OTi					-924873.0	-909535.0	284.678	62.779
13537-33-2	Fluorosilane	H3FSi					-376560.0	-353354.0	238.402	47.196
13568-46-2	Lithium Silicate	Li2O5Si2	-2513068.0	-2379367.0	160.243	138.072				
13569-23-8	Aluminum Fluoride	AlF2					-694544.0	-704426.0	264.209	45.857
13569-27-2	Strontium Fluoride	FSr					-294554.0	-319250.0	239.919	34.487
13569-28-3	Zirconium Fluoride	FZr					82843.0	51993.0	243.736	33.427
13569-32-9	Dichlorosilylene	Cl2Si					-168615.0	-180373.0	281.333	51.248
13587-54-7	Hydroxyl-D	DO					36602.0	32249.000000000004	189.651	29.989
13595-81-8	Aluminum Chloride	AlCl					-51463.0	-77743.0	227.957	34.66
13595-82-9	Aluminum Fluoride	AlF					-265684.0	-291172.0	215.157	31.932
13596-11-7	Aluminum Chloride Oxide	AlClO					-348109.0	-350059.0	248.931	50.068
13596-12-8	Aluminum Fluoride Oxide	AlFO					-581576.0	-583088.0	237.316	46.806
13597-96-1	Beryllium Fluoride	BeF					-169870.0	-198170.0	205.751	29.872
13597-97-2	Beryllium Hydride	HBe					321197.0	290773.0	176.822	29.224
13597-98-3	Beryllium Iodide	BeI					170018.0	119397.0	237.297	33.475
13598-12-4	Beryllium Chloride Fluoride	BeClF					-573208.0	-580397.0	246.486	49.413
13598-22-6	Beryllium Sulfide	BeS					263592.0	213267.0	210.288	30.786
13598-42-0	Iodosilane	H3ISi					-2092.0	-1529.0	271.022	54.401
13637-63-3	Chlorine Fluoride	ClF5					-238488.0	-146725.0	310.739	97.165
13637-68-8	Molybdenum Chloride Oxide	Cl2MoO2					-633039.0	-597546.0	337.787	85.22
13637-84-8	Sulfuryl Chloride Fluoride	ClFO2S					-556472.0	-512558.0	302.849	71.592
13675-18-8	Dihydroxyborane	H4B2O4					-1284488.0	-1184789.0	348.929	103.433
13701-67-2	Dichloroborane	B2Cl4					-489110.0	-459631.0	358.956	94.839
13701-86-5	Tungsten Bromide	Br6W					-243090.0	-241129.0	482.699	151.369
13701-91-2	Lead Bromide	Br4Pb					-456361.0	-473357.0	426.201	104.631
13703-91-8	Trichloroboroxin	B3Cl3O3					-1631760.0	-1549034.0	382.378	131.525
13703-95-2	Trifluoroboroxin	B3F3O3					-2365215.0	-2279660.0	342.454	115.012
13706-19-9	Molybdenum Chloride	Cl6Mo					-439320.0	-356378.0	419.654	144.125
13709-35-8	Difluorodisulfane	F2S2					-336435.0	-344539.0	294.082	66.041
13709-65-4	Dibromoborane	HBBr2					-104600.0	-125138.0	292.265	53.246
13709-70-1	Bromodichloroborane	BBrCl2					-336812.0	-338417.0	310.4	64.398
13709-71-2	Dibromochloroborane	BBr2Cl					-271960.0	-287556.0	321.889	66.028
13709-83-6	Difluoroborane	HBF2					-733874.0	-724949.0	244.029	42.358
13709-94-9	Potassium Borate	BKO2	-980730.0	-924917.0	88.455	67.028	-674042.0	-680529.0	297.408	59.027
13718-50-8	Barium Iodide	BaI2	-585884.0	-587390.0	183.669	77.488	-302922.0	-353464.0	348.139	57.463
13759-10-9	Silicon Sulfide	S2Si	-206924.0	-207448.0	84.687	77.488				
13760-02-6	Diiodosilane	H2I2Si					-38074.0	-56308.0	326.797	67.98
13762-26-0	Zirconium Chloride	Cl2Zr	-411594.0	-370015.0	122.493	91.002	-186188.0	-195314.0	292.558	57.676
13765-43-0	Phosphino	H2P					125938.0	120979.0	212.652	34.774
13766-26-2	Borane	HB					442667.0	412651.0	171.849	29.181
13766-28-4	Boron Oxide	B2O2					-456056.0	-463743.0	242.597	57.297
13768-60-0	Fluoroborane	BF					-115897.0	-143699.0	200.479	29.591
13768-94-0	Dibromosilane	H2Br2Si					-190372.0	-192860.0	310.051	65.545
13769-75-0	Phosphoryl Chloride Fluoride	ClF2OP					-970688.0	-924090.0	301.689	68.838
13769-76-1	Phosphoryl Chloride Fluoride	Cl2FOP					-765672.0	-721622.0	320.381	79.319
13770-22-4	Hypochlorous Acid-D	ClDO					-78241.0	-64422.0	240.246	38.54
13770-40-6	Amidogen	H2N					190372.0	199846.0	194.707	33.572
13774-92-0	Imidogen	HN					376560.0	370565.0	181.253	29.147
13774-94-2	Silylidyne	HSi					376662.0	342708.0	198.04	30.088
13776-62-0	Nitrogen Fluoride, Trans	F2N2					81170.0	120448.0	262.66	53.466
13776-74-4	Magnesium Silicate	MgO3Si	-1494862.0	-1415346.0	92.515	81.927				
13777-25-8	Zirconium Bromide	Br4Zr					-644754.0	-665984.0	414.487	102.669
13779-87-8	Zirconium Iodide	I3Zr					-221752.0	-276819.0	397.776	80.82
13779-93-6	Lead Iodide	IPb					107738.0	60858.0	280.094	37.155
13779-98-1	Lead Iodide	I4Pb					-224467.0	-274914.0	466.266	106.313
13780-23-9	Mercapto-D	DS					138490.0	109585.0	201.484	32.52
13780-39-7	Titanium Chloride Oxide	Cl2OTi					-545552.0	-534994.0	321.001	71.952
13780-57-9	Sulfur Chloride Fluoride	ClF5S					-1038887.0	-940307.0	319.931	104.342
13783-04-5	Titanium Bromide	Br2Ti					-179075.0	-216558.0	308.685	60.026
13783-07-8	Titanium Iodide	I2Ti					-19665.0	-72369.0	323.673	60.57
13783-08-9	Titanium Iodide	I3Ti					-150206.0	-203035.0	382.164	80.8
13798-23-7	Sulfur	S6					101922.0	53699.0	354.076	111.571
13812-43-6	Nitrogen Fluoride, Cis	F2N2					68618.0	108745.0	259.81	49.961
13814-20-5	Titanium Fluoride	F2Ti					-688268.0	-694869.0	255.69	52.878
13814-22-7	Zirconium Fluoride	F3Zr					-1105413.0	-1094288.0	305.742	67.832
13814-25-0	Sulfur Fluoride	F2S					-296646.0	-303461.0	257.703	44.906
13814-49-8	Beryllium Bromide	BeBr					120110.0	77477.0	228.534	32.598
13814-50-1	Beryllium Chloride	BeCl					60668.0	31856.0	217.615	31.642
13814-65-8	Aluminum Chloride Fluoride	AlClF2					-999139.0	-985793.0	297.839	65.447
13819-84-6	Molybdenum Fluoride	F5Mo					-1241393.0	-1185363.0	347.655	102.763
13821-15-3	Sodium Tetrafluoroaluminate	AlF4Na					-1840960.0	-1799096.0	344.896	103.954
13821-20-0	Lithium Hexafluoroaluminate	AlF6Li3	-3317640.0	-3175109.0	245.847	202.506				
13824-36-7	Difluorosilane	H2F2Si					-790776.0	-763895.0	262.13	54.268
13827-26-4	Calcium Fluoride	CaF					-271960.0	-297799.0	229.647	33.661
13827-32-2	Sulfur Oxide	OS					5007.0	-21026.0	221.944	30.173
13840-33-0	Lithium Hypochlorite	ClLiO					-14226.0	-18167.0	256.417	42.961
13840-45-4	Titanium Iodide	ITi					274052.0	220386.0	268.827	38.459
13840-88-5	Boron Oxide	BO2					-284512.0	-290127.0	229.814	43.276
13841-19-5	Iodosilylidyne	ISi					313629.0	260868.0	253.854	39.038
13842-48-3	Tribromosilyl	Br3Si					-201694.0	-232894.0	351.774	74.578
13842-52-9	Dichloroborane	BCl2					-79496.0	-92544.0	272.677	47.375
13842-55-2	Difluoroborane	BF2					-589944.0	-601433.0	247.157	40.555
13842-56-3	Iodoborane	BI					305432.0	255091.0	232.75	33.558
13842-94-9	Zirconium Fluoride	F2Zr	-936951.0	-894968.0	100.846	65.94	-558146.0	-570601.0	283.434	48.652
13845-12-0	Aluminum Chloride	Al2Cl6					-1295743.0	-1220985.0	475.05	158.858
13847-65-9	Nitrogen Fluoride Oxide	F3NO					-163176.0	-96369.0	278.49	67.862
13863-41-7	Bromine Chloride	BrCl					14644.0	-967.0	240.001	34.99
13863-59-7	Bromine Fluoride	BrF					-58463.0	-73809.0	228.967	32.956
13867-66-8	Difluorohydroxyborane	HBF2O					-1083656.0	-1051646.0	269.174	51.982
13870-28-5	Sodium Silicate	Na2O5Si2	-2438485.0	-2299931.0	188.705	156.984				
13873-52-4	Phosphorus Fluoride	F2P					-488256.0	-493948.0	262.957	44.717
13873-84-2	Iodine Fluoride	FI					-94759.0	-117666.0	236.296	33.561
13874-36-7	Lithium Tetrafluoroberyllate	BeF4Li2	-2241068.0	-2151088.0	171.395	135.269				
13931-83-4	Nickel Chloride	ClNi					182004.0	149067.0	251.883	35.443
13931-84-5	Lead Chloride	ClPb					15062.0	-9770.0	259.613	36.234
13940-21-1	Mercapto	HS					139327.0	105260.0	195.628	32.447
13940-37-9	Zirconium Hydride	HZr					516306.00000000006	482928.0	216.158	29.687
13965-73-6	Difluoroborane	B2F4					-1431765.0	-1402315.0	318.473	76.891
13966-04-6	Nitrogen, Ion	N2+					1509499.0	1501440.0	197.66	29.137
13966-57-9	Clorosilylidyne	ClSi					198322.0	166278.0	237.833	35.78
13966-62-6	Mercury Hydride	HHg					238488.0	215132.0	219.705	30.043
13966-66-0	Difluorosilylene	F2Si					-587852.0	-598278.0	256.579	44.509
13966-70-6	Barium Fluoride	BaF					-322168.0	-346723.0	246.228	34.748
13967-06-1	Fluoroimidogen	FN					248948.0	243558.0	215.276	30.345
13967-14-1	Phosphinidene	HP					253550.0	226739.0	196.344	29.162
13967-22-1	Aluminum Hydride	HAl					259408.00000000003	231308.0	187.864	29.373
13967-29-8	Bromoimidogen	BrN					300758.0	281804.0	235.482	32.73
13968-08-6	Hydronium, Ion	H3O+					581158.0	606607.0	192.257	35.146
13983-20-5	Hydrogen-D	HD					320.0	-1463.0	143.803	29.2
13986-26-0	Zirconium Iodide	I4Zr					-362334.0	-414633.0	446.563	104.589
14034-79-8	Hypofluorous Acid	HFO					-98324.0	-85642.0	226.772	35.929
14041-22-6	Difluorooxosilane	F2OSi					-966504.0	-950721.0	271.247	53.689
14049-36-6	Chlorotrifluorosilane	ClF3Si					-1317960.0	-1280434.0	308.679	79.372
14055-74-4	Molybdenum Iodide	I2Mo					257733.99999999997	199731.0	339.29	70.717
14055-75-5	Molybdenum Iodide	I3Mo					182841.0	122998.0	403.532	81.513
14055-76-6	Molybdenum Iodide	I4Mo					124683.0	67461.0	452.812	104.869
14067-02-8	Iron, Ion	Fe+					1181144.0	1128814.0	181.857	26.068
14067-03-9	Chromium, Ion	Cr+					1056480.0	1005678.0	173.029	20.786
14067-04-0	Titanium, Ion	Ti+					1138252.0	1086429.0	183.594	26.181
14067-05-1	Carbon, Ion	C+					1809435.0	1758779.0	154.662	20.974
14067-07-3	Silicon, Ion	Si+					1242505.0	1193136.0	163.426	24.338
14075-53-7	Potassium Tetrafluoroborate	BF4K	-1869415.0	-1772232.0	150.129	167.117	-1552264.0	-1504354.0	315.394	88.941
14100-65-3	Boron Oxide, Ion	BO2-					-694544.0	-689762.0	215.922	39.119
14102-48-8	Calcium, Ion	Ca+					773828.0	732075.0	160.649	20.786
14127-69-6	Manganese, Ion	Mn+					1006986.0	958100.0	174.997	20.786
14158-23-7	Nitrogen, Ion	N+					1882130.0	1856796.0	159.797	21.284
14234-48-1	Helium, Ion	He+					2378522.0	2370549.0	131.913	20.786
14257-55-7	Sulfur Fluoride, Ion	F4S+					416044.0	447346.0	311.671	80.395
14280-30-9	Hydroxyl, Ion	HO-					-143595.0	-138698.0	172.469	29.141
14332-28-6	Nitrosyl Hydride	HNO					99579.0	112398.0	220.722	34.64
14332-53-7	Magnesium Hydride	HMg					169034.0	140653.0	193.2	29.583
14332-62-8	Magnesium Iodide	IMg					24614.0	-23658.0	252.647	36.178
14333-26-7	Hydrofluoric Acid-D	DF					-275516.0	-277254.0	179.702	29.137
14337-00-9	Carbon, Ion	C-					588284.0	551115.0	151.384	20.786
14337-01-0	Oxygen, Ion	O-					101846.0	91638.0	157.79	21.692
14337-02-1	Silicon, Ion	Si-					308819.0	272391.0	161.977	20.786
14337-03-2	Sulfur, Ion	S-					70180.0	36822.0	164.918	22.783
14343-69-2	Azide	N3					414216.0	432387.0	226.469	40.762
14362-44-8	Iodine	I					106762.0	70174.0	180.786	20.786
14452-59-6	Lithium	Li2					215900.0	174508.0	196.998	36.103
14452-60-9	Beryllium	Be2					637161.0	581249.0	206.41	27.492
14452-61-0	Boron	B2					829687.0	772918.0	202.072	31.594
14452-64-3	Borane	H2B					200832.0	187809.0	180.195	34.026
14452-66-5	Phosphorus Oxide	OP					-23548.0	-47139.0	222.776	31.762
14452-69-8	Deuterium, Ion	D-					142753.0	135559.0	117.59	20.786
14452-81-4	Lead Hydride	HPb					236187.0	209165.0	220.756	29.476
14457-64-8	Aluminum Oxide	AlO					66944.0	40845.0	218.386	30.883
14457-85-3	Boron Hydride Sulfide	HBS					50208.0	16894.0	214.964	36.789
14459-59-7	Molybdenum Fluoride Oxide	F4MoO					-1255200.0	-1193739.0	330.617	96.74
14464-47-2	Deuterium, Ion	D+					1540324.0	1520622.0	117.583	20.786
14485-07-5	Carbon Dioxide, Ion	CO2-					-441412.0	-444030.0	240.648	36.593
14519-11-0	Magnesium Bromide	BrMg					-35342.0	-75942.0	244.946	35.639
14519-13-2	Strontium Bromide	BrSr					-89119.0	-128461.00000000001	263.751	36.856
14581-92-1	Magnesium, Ion	Mg+					891047.0	848495.0	154.41	20.786
14581-93-2	Oxygen, Ion	O+					1568786.0	1546912.0	154.959	20.786
14594-80-0	Boron, Ion	B+					1366717.0	1320895.0	138.542	20.786
14696-99-2	Strontium Iodide	ISr					-30494.0	-77736.0	272.213	37.135
14701-08-7	Beryllium, Ion	Be+					1219232.0	1173444.0	142.037	20.786
14701-12-3	Sulfur, Ion	S+					1282293.0	1236811.0	163.627	20.786
14701-13-4	Fluorine, Ion	F+					1766826.0	1742583.0	161.728	23.497
14701-18-9	Strontium, Ion	Sr+					719666.0	679211.0	170.403	20.786
14701-19-0	Zirconium, Ion	Zr+					1277880.0	1228462.0	183.639	28.282
14701-27-0	Lead, Ion	Pb+					916996.0	876051.0	181.137	20.786
14720-23-1	Bromodifluoroborane	BBrF2					-820064.0	-820559.0	286.387	56.45
14720-25-3	Dibromofluoroborane	BBr2F					-514631.99999999994	-529706.0	309.994	62.316
14720-30-0	Chlorodifluoroborane	BClF2					-885334.0	-871818.0	274.83	54.466
14720-31-1	Dichlorofluoroborane	BCl2F					-644336.0	-631625.0	287.675	59.063
14720-43-5	Beryllium Borate	B2BeO4					-1351432.0	-1320240.0	326.785	91.764
14728-76-8	Zirconium Iodide	IZr					591199.0	537871.0	275.805	36.931
14762-94-8	Fluorine	F					79390.0	62289.0	158.75	22.746
14782-23-1	Neon, Ion	Ne+					2086966.0	2077139.0000000002	158.307	22.119
14782-33-3	Vanadium, Ion	V+					1171947.0	1119646.0	183.376	23.149
14791-57-2	Bromosilylidyne	BrSi					235325.0	189859.0	247.418	38.731
14791-69-6	Argon, Ion	Ar+					1526778.0	1517077.0	166.404	20.984
14797-65-0	Nitrogen Oxide, Ion	NO2-					-202715.0	-177273.0	236.598	37.663
14808-04-9	Lithium, Ion	Li-					93475.0	68742.0	133.019	20.786
14832-97-4	Barium Bromide	BaBr					-110587.0	-149888.0	270.395	36.996
14832-99-6	Barium Chloride	BaCl					-142256.0	-167488.0	258.643	36.436
14835-14-4	Trifluorosilyl	F3Si					-1085330.0	-1073218.0	282.381	59.625
14877-32-8	Dibromosilylene	Br2Si					-52300.0	-92311.0	305.225	53.637
14903-34-5	Nickel, Ion	Ni+					1179003.0	1122106.0	199.724	121.588
14903-36-7	Aluminum, Ion	Al+					912713.0	870181.0	149.95	20.786
14940-63-7	Water-D	HDO					-245371.0	-233181.0	199.511	33.786
14953-28-7	Magnesium Fluoride	FMg					-236814.0	-262759.0	221.085	32.569
14965-52-7	Trichlorofluorosilane	Cl3FSi					-840984.0	-805570.0	336.055	90.081
14967-78-3	Nitrogen Oxide, Ion	NO+					990185.0	983978.0	198.219	29.123
14986-72-2	Lead Fluoride	FPb					-80266.0	-105244.0	249.957	34.399
14989-29-8	Magnesium Chloride	ClMg					-43514.0	-70109.0	233.413	34.828
14989-30-1	Chlorine Oxide	ClO					101219.0	97482.0	226.648	31.546
14989-32-3	Sulfur Chloride	ClS					156465.0	128520.00000000001	237.324	37.541
14989-33-4	Strontium Chloride	ClSr					-123846.0	-149204.0	252.284	36.252
14989-34-5	Zirconium Chloride	ClZr					205434.0	174456.0	254.309	35.004
15091-79-9	Gallium, Ion	Ga+					856648.0	814332.0	161.79	20.786
15096-52-3	Cryolite	AlF6Na3	-3246472.0	-3095921.0	286.058	215.727				
15117-84-7	Amidogen-D	D2N					185351.0	196226.0	204.291	34.422
15123-00-9	Imidogen-D	DN					375305.0	369655.0	187.234	29.159
15138-76-8	Lithium Tetrafluoroaluminate	AlF4Li					-1853512.0	-1812832.0	326.497	99.79
15176-26-8	Zinc, Ion	Zn+					1037336.0	993803.0	166.751	20.786
15385-57-6	Mercury Iodide	Hg2I2	-98564.0	-100073.0	273.258	136.398				
15499-23-7	Oxygen Fluoride	FO2					12552.0	26692.0	259.114	44.397
15513-85-6	Zirconium Iodide	I2Zr	-234239.0	-243529.0	186.168	94.14	-66643.0	-123223.0	344.782	57.238
15552-34-8	Lithium Trifluoroberyllate	BeF3Li	-1634323.0	-1565442.0	111.681	91.816	-887008.0	-864560.0	267.419	61.09
15576-47-3	Lead Bromide	BrPb					70923.0	31692.0	272.471	36.922
15605-36-4	Titanium Chloride Oxide	ClOTi					-244262.0	-249864.0	263.661	51.654
15606-71-0	Calcium Chloride	CaCl					-104600.0	-130966.00000000001	241.559	35.665
15607-89-3	Sulfur Bromide Fluoride	BrF5S					-972822.0	-888897.0	333.648	107.073
15626-42-3	Diazene, Cis	H2N2					212966.0	243880.0	218.603	36.554
15923-87-2	Calcium Iodide	CaI					-5045.0	-53240.0	261.306	36.646
16027-92-2	Phosphorus Fluoride	FP					-52250.0	-76846.0	224.968	31.62
16050-72-9	Phosphorus, Ion	P-					238717.0	206795.0	169.124	22.168
16068-96-5	Sulfur Fluoride	FS					12970.0	-14407.0	225.275	35.152
16427-80-8	Phosphorus, Ion	P+					1336333.0	1292543.0	166.97	25.856
16480-60-7	Iron Chloride	Cl6Fe2					-654378.0	-598641.0	536.937	173.663
16541-35-8	Barium, Ion	Ba+					688126.0	648021.0	176.008	20.786
16557-44-1	Tungsten, Ion	W+					1627691.0	1577508.0	179.997	22.995
16603-84-2	Aluminum Chloride	AlCl2					-280328.0	-291677.0	289.42	51.635
16610-75-6	Cobalt, Ion	Co+					1191597.0	1141133.0	178.346	22.272
16727-12-1	Molybdenum, Ion	Mo+					1350159.0	1298567.0	180.669	20.786
16727-17-6	Vanadium, Ion	V-					458588.0	418779.0	183.436	23.049
16727-18-7	Cobalt, Ion	Co-					356649.0	318675.0	178.412	22.438
16752-60-6	Phosphorus Oxide	O10P4					-2904081.0	-2669711.0	403.964	188.804
16812-54-7	Nickel Sulfide	NiS	-62474.0	-65609.0	72.441	47.112	357419.0	300664.0	252.282	34.452
16860-99-4	Thiothionyl Fluoride	F2S2					-401413.0	-409143.0	292.827	63.127
16873-17-9	Deuterium	D					221720.0	206553.0	123.35	20.786
16887-00-6	Chlorine, Ion	Cl-					-233954.0	-240167.0	153.356	20.786
16915-28-9	Krypton, Ion	Kr+					1356955.0	1347264.0	175.61	20.786
16921-96-3	Iodine Fluoride	F7I					-961065.0	-835814.0	347.74	134.451
16984-48-8	Fluorine, Ion	F-					-255079.0	-261997.0	145.576	20.786
17030-74-9	Formyl, Ion	CHO+					833034.0	817906.0	203.417	35.963
17167-55-4	Phosphorus Chloride	ClP					129000.0	103579.0	237.879	34.718
17194-00-2	Barium Hydroxide	H2BaO2	-934123.0	-852148.0	123.357	101.629	-626562.0	-601731.0	315.016	77.256
17341-24-1	Lithium, Ion	Li+					685719.0	648477.0	133.017	20.786
17341-25-2	Sodium, Ion	Na+					609343.0	574317.0	147.953	20.786
17493-86-6	Copper, Ion	Cu+					1089277.0	1026627.9999999999	222.311	20.786
17497-75-5	Titanium Fluoride Oxide	FOTi					-433211.0	-437964.0	250.667	48.472
17499-30-8	Tungsten Chloride	Cl10W2					-868598.0	-729322.0	713.581	263.467
17702-41-9	Decaborane	H14B10	-7133.0	212950.0	234.935	221.208	47279.0	232412.0	352.159	179.581
17739-47-8	Phosphorus Nitride	NP					104780.0	82641.0	211.137	29.71
17778-80-2	Oxygen	O					249173.0	231736.0	161.058	21.911
17778-87-9	Nitrogen, Ion	N-					473540.0	460677.0	159.927	21.009
17778-88-0	Nitrogen	N					472683.0	455540.0	153.3	20.786
17949-86-9	Aluminum Fluoride	Al2F6					-2633619.0	-2550845.0	387.294	132.744
18015-86-6	Diiodoborane	BI2					242672.0	186744.0	309.56	49.083
18025-22-4	Titanium Fluoride	FTi					-66944.0	-98296.0	237.309	35.339
18459-37-5	Cesium, Ion	Cs+					458402.0	426897.0	169.836	20.786
18480-07-4	Strontium Hydroxide	H2O2Sr	-957304.0	-872993.0	108.739	74.894	-595797.0	-570013.0	305.042	76.209
18587-63-8	Niobium, Ion	Nb+					1402954.0	1352911.0	183.333	29.421
18624-44-7	Iron Hydroxide	H2FeO2					-330536.0	-306666.0	283.088	71.504
18851-76-8	Trifluoromethyl, Ion	CF3+					421007.0	431267.0	254.532	49.645
18868-43-4	Molybdenum Oxide	MoO2					-8314.0	-21206.0	276.99	44.174
18869-19-7	Boron, Ion	B-					527033.0	488274.0	156.811	20.788
18898-34-5	Aluminum Bromide	Al2Br6					-937216.0	-947368.0	547.22	167.514
18898-35-6	Aluminum Iodide	Al2I6					-489528.0	-546893.0	597.38	171.953
19128-96-2	Potassium, Ion	K-					34419.0	13868.0	154.577	20.786
19165-34-5	Trichlorosilyl	Cl3Si					-390367.0	-379858.0	318.189	70.733
19167-14-7	Sulfur Fluoride, Ion	F5S+					172644.0	238207.0	298.151	89.842
19181-13-6	Sodium, Ion	Na-					48236.0	25719.0	147.954	20.786
19229-95-9	Zinc, Ion	Zn-					109870.0	80564.0	160.989	20.786
19269-85-3	Sulfur	S4					145771.0	91381.0	310.646	67.585
19287-45-7	Diborane	H6B2					41003.0	91849.0	233.17	58.1
19498-52-3	Copper, Ion	Cu-					212920.0	181169.0	160.634	20.786
19498-56-7	Chromium, Ion	Cr-					327024.0	288732.0	173.03	20.786
19511-77-4	Lead Chloride, Ion	ClPb+					745589.0	715833.0	255.148	36.394
19511-83-2	Beryllium Hydride, Ion	HBe+					1156458.0	1121618.0	170.653	29.193
19624-22-7	Pentaborane	H9B5	42844.0	171913.0	184.33	151.126	73220.0	175133.0	275.41	93.818
19961-29-6	Bromoborane	BBr					234304.0	191651.0	224.997	32.788
20190-06-1	Titanium Chloride	ClTi					154390.0	122513.0	249.214	37.297
20193-58-2	Molybdenum Fluoride	F3Mo					-607098.0	-596120.0	295.968	67.093
20205-60-1	Molybdenum Fluoride	F2Mo					-162758.0	-174844.0	271.932	57.221
20281-00-9	Cesium Oxide	Cs2O					-92048.0	-105530.0	318.088	55.388
20461-54-5	Iodine, Ion	I-					-194591.0	-221488.0	169.26	20.786
20548-54-3	Calcium Sulfide	CaS					123595.0	76206.0	232.589	34.803
20561-33-5	Hafnium, Ion	Hf+					1278950.0	1230512.0	185.04	20.786
20561-66-4	Tantalum, Ion	Ta+					1549150.0	1500584.0	183.385	23.109
20583-55-5	Chloroborane	BCl					141419.0	112835.0	213.245	31.659
20611-59-0	Boron Hydride Oxide	HBO					-198322.0	-206929.0	202.617	35.26
20653-98-9	Aluminum Oxide, Ion	AlO2-					-489210.0	-483454.0	235.094	47.528
20768-67-6	Aluminum Hydroxide	HAlO					-179912.0	-185947.0	216.43	31.918
20768-68-7	Beryllium Hydroxide	HBeO					-114642.0	-124254.0	209.594	38.321
20901-21-7	Sulfur Oxide	OS2					-56484.0	-95956.0	267.02	44.114
21109-95-5	Barium Sulfide	BaS					37782.0	-8232.0	248.861	35.531
21308-25-8	Magnesium Fluoride, Ion	FMg+					512289.0	481805.0	215.33	32.605
21308-27-0	Strontium Fluoride, Ion	FSr+					197066.0	168224.0	232.846	33.891
21308-28-1	Barium Fluoride, Ion	BaF+					150206.0	121564.0	238.955	34.073
21340-02-3	Tetrafluoroaluminate, Ion	AlF4-					-1991584.0	-1943855.0	294.747	82.157
21351-79-1	Cesium Hydroxide	HCsO	-405970.0	-365855.0	118.513	81.588	-259408.00000000003	-259920.00000000003	254.778	49.723
21459-04-1	Sulfur	S7					113679.0	59034.0	407.673	133.502
21559-03-5	Aluminum Fluoride, Ion	AlF2+					92048.0	83338.0	239.299	49.281
21908-53-2	Mercury Oxide	HgO					41840.0	23784.0	239.161	32.883
22325-47-9	Aluminum, Ion	Al-					280790.0	245345.0	168.135	20.96
22325-58-2	Titanium, Ion	Ti-					459833.0	420484.0	183.715	22.835
22325-61-7	Iron, Ion	Fe-					393338.0	354013.0	180.198	25.023
22359-97-3	Aluminum Bromide	AlBr					15899.0	-24422.0	239.616	35.6
22395-91-1	Aluminum Chloride Fluoride	AlClF					-489528.0	-501957.0	282.895	48.806
22395-93-3	Chlorofluoroborane	BClF					-313800.0	-327480.0	264.65	42.547
22400-26-6	NCO Radical	CNO					159410.0	151024.0	232.248	40.053
22537-15-1	Chlorine	Cl					121302.0	105306.0	165.189	21.838
22537-38-8	Rubidium, Ion	Rb+					490129.0	457771.0	164.33	20.786
22541-56-6	Bromine, Ion	Br+					1257091.0	1220792.0	176.872	20.786
22541-65-7	Radon, Ion	Rn+					1043270.0	1033579.0	187.761	20.786
22541-93-1	Iodine, Ion	I+					1121353.0	1077957.0	182.642	20.786
22542-11-6	Mercury, Ion	Hg+					1074623.0	1024066.0	224.617	20.786
22831-39-6	Magnesium Silicide	Mg2Si	-3327.0	-15048.0	123.472	94.14				
22868-13-9	Sodium Sulfide	Na2S2	-380114.0	-381707.0	172.365	98.625				
23361-55-9	Boron Chloride Oxide	BClO					-316310.0	-321519.0	237.417	45.04
23361-56-0	Boron Fluoride Oxide	BFO					-602496.0	-606969.0	224.803	40.996
23411-74-7	Aluminum Chloride, Ion	AlCl2+					481160.0	469865.0	268.261	55.063
23412-45-5	Molybdenum Fluoride	F4Mo					-947676.0	-916298.0	328.94	85.232
23444-30-6	Iron Chloride	Cl4Fe2					-431370.0	-420548.0	464.503	125.875
23550-45-0	Sulfur	S2					128600.0	79687.0	228.165	32.49
23664-91-7	Titanium Bromide	BrTi					212547.0	166815.0	260.249	38.02
23670-59-9	Cobalt Chloride	Cl4Co2					-350619.0	-333955.0	450.4	127.432
24094-93-7	Chromium Nitride	CrN					505009.0	471876.0	230.553	30.754
24203-25-6	Xenon, Ion	Xe+					1176552.0	1166861.0	181.21	20.786
24203-36-9	Potassium, Ion	K+					514006.99999999994	480947.0	154.576	20.786
24203-47-2	Chlorine, Ion	Cl+					1378801.0	1355845.0	167.556	22.958
24304-00-5	Aluminum Nitride	AlN					523000.0	491851.0	228.553	32.367
24361-82-8	Methylidyne, Ion	CH+					1626739.0	1596748.0	171.671	29.153
24621-17-8	Zirconium Bromide	Br2Zr	-342333.0	-340230.0	184.024	91.002	-174473.0	-211951.0	316.777	60.685
24621-18-9	Zirconium Bromide	Br3Zr					-430952.0	-462081.0	371.585	79.443
24623-77-6	Aluminum Hydroxide Oxide	HAlO2					-460240.0	-447011.0	254.391	50.137
24646-85-3	Vanadium Nitride	NV					523000.0	490608.0	233.384	31.147
24774-39-8	Cesium Oxide	CsO					62760.0	42539.0	255.542	36.481
24959-67-9	Bromine, Ion	Br-					-219008.0	-238808.0	163.491	20.786
25031-39-4	Sulfur Fluoride, Ion	F6S-					-1341876.0	-1234976.0	302.86	99.984
25431-36-1	Sulfur Fluoride, Ion	F3S+					393589.0	407390.0	268.972	56.223
25583-20-4	Titanium Nitride	NTi	-265813.0	-243800.0	52.733	37.079				
25658-42-8	Zirconium Nitride	NZr	-290749.0	-269183.0	62.342	40.443	713372.0	683911.0	233.487	31.661
25681-79-2	Sodium	Na2					142070.0	104105.0	230.243	37.577
25681-80-5	Potassium	K2					123683.0	87801.0	249.69	37.962
25681-81-6	Rubidium	Rb2					113290.0	78254.0	271.067	38.116
26202-31-3	Difluoroborane, Ion	BF2-					-802073.0	-805394.0	240.74	40.352
26396-76-9	Rubidium, Ion	Rb-					27819.0	7970.0	164.33	20.786
26396-99-6	Cesium, Ion	Cs-					24798.0	5802.0	169.836	20.786
26575-18-8	Gallium, Ion	Ga-					238531.0	204547.0	175.801	27.618
27575-47-9	Mercury Fluoride	FHg					2929.0	-18225.0	248.373	34.651
27846-09-9	Iron Chloride	ClFe					251040.0	215646.0	257.573	38.223
29899-48-7	Sulfur Chloride, Ion	ClS+					1062037.0	1028042.9999999999	236.633	33.958
29904-79-8	Magnesium	Mg2					287625.0	235495.0	240.186	24.293
29977-41-1	Aluminum Iodide	AlI					67948.0	19802.0	247.83	36.127
30937-38-3	Sulfur Fluoride	F3S					-503030.0	-488103.0	286.174	62.978
31084-08-9	Sulfur Fluoride, Ion	F4S-					-887464.0	-844038.0	312.962	89.187
31140-82-6	Sulfur Fluoride, Ion	F5S-					-1268706.0	-1195827.0	315.571	101.535
31241-66-4	Silylidyne, Ion	HSi+					1147671.0	1110818.0	186.789	29.184
31296-42-1	Sulfur Fluoride, Ion	FS+					991901.0	958230.0	225.405	31.679
31296-43-2	Sulfur Fluoride, Ion	FS-					-186590.0	-205828.0	218.956	33.38
31483-18-8	Zirconium Bromide	BrZr					301248.0	256351.0	265.557	36.065
32195-53-2	Magnesium Chloride, Ion	ClMg+					652704.0	621302.0	228.556	35.446
32746-31-9	Lithium Nitride	LiN					334720.0	309868.0	208.245	32.838
32752-94-6	Aluminum	Al2					487018.0	434251.0	233.531	38.448
33383-01-6	Nickel, Ion	Ni-					311764.0	274874.0	174.577	21.017
33412-11-2	Fluoromethylidyne, Ion	CF+					1149416.0	1115024.0	201.507	29.641
34240-80-7	Cobalt Chloride	ClCo					192882.0	161853.0	245.679	35.139
34240-84-1	Lithium Hypofluorite	FLiO					-92048.0	-95915.0	246.022	43.031
36472-76-1	Aluminum Fluoride Oxide, Ion	AlF2O-					-1309592.0	-1288797.0	284.87	62.592
36529-65-4	Lithium Oxynitride	LiNO					179912.0	174584.0	245.332	44.424
36812-31-4	Calcium Hydroxide, Ion	HCaO+					369084.0	356746.0	229.905	44.799
36812-32-5	Strontium Hydroxide, Ion	HOSr+					320800.0	309345.0	241.049	46.18
37265-94-4	Aluminum Carbide	CAl					689523.0	633044.0	223.449	32.256
37279-11-1	Beryllium Nitride	BeN					426688.0	395823.0	208.768	30.089
37279-36-0	Lithium Iodide	I2Li2					-361916.0	-408522.0	330.628	76.044
37366-67-9	Phosphorus Fluoride, Ion	F2P+					472273.0	461996.0	257.358	44.635
37366-68-0	Phosphorus Fluoride, Ion	F2P-					-639177.0	-636946.0	257.364	44.817
38150-67-3	Boron Fluoride Oxide	BF2O					-836800.0	-823874.0	267.842	50.199
38344-66-0	Aluminum Fluoride Oxide	AlF2O					-1108760.0	-1096556.0	292.705	63.39
38490-24-3	Boron Bromide Oxide	BBrO					-251040.0	-270236.0	248.895	46.81
38994-31-9	Copper Chloride	Cl3Cu3					-258571.00000000003	-257204.0	429.526	124.57
39594-91-7	Sulfur Chloride	ClS2					78559.0	43963.0	291.686	50.954
41428-55-1	Iron Fluoride	FFe					47698.0	14418.0	240.337	33.264
42565-93-5	Magnesium Chloride	Cl4Mg2					-954370.0	-926771.0	418.931	123.611
50417-28-2	Sodium Fluoride, Ion	F2Na-					-669440.0	-662120.0	250.672	54.86
50417-32-8	Potassium Fluoride, Ion	F2K-					-694544.0	-686622.0	261.868	57.015
50561-24-5	Lithium Fluoride, Ion	F2Li-					-711280.0	-704353.0	229.618	47.67
50802-47-6	Carbon, Ion	C2-					443504.0	394566.0	196.597	29.241
51621-16-0	Tungsten Fluoride	FW					386183.0	351274.0	251.141	34.026
53590-27-5	CNC Radical	C2N					556472.0	519615.0	230.905	45.751
53663-92-6	Sulfur Chloride, Ion	Cl2S+					901485.0	885633.0	287.322	50.86
54195-65-2	Aluminum Chloride, Ion	AlCl2-					-481160.0	-485169.0	285.778	52.65
54250-40-7	Difluoromethylene, Ion	CF2+					941793.0	924137.0	246.769	38.754
54250-85-0	Dichloroborane, Ion	BCl2-					-146440.0	-151317.0	266.251	46.614
54250-97-4	Cesium Hydroxide, Ion	HCsO+					441379.0	430466.0	268.686	50.492
54250-98-5	Potassium Hydroxide, Ion	HKO+					497896.0	486350.0	250.331	49.479
54250-99-6	Lithium Hydroxide, Ion	HLiO+					778224.0	764609.0	221.685	47.019
54251-00-2	Sodium Hydroxide, Ion	HNaO+					677808.0	664619.0	242.626	49.257
54251-08-0	Lithium Hydroxide	H2Li2O2					-711280.0	-674249.0	269.794	71.223
54251-09-1	Sodium Hydroxide	H2Na2O2					-607517.0	-568358.0	307.396	79.284
54310-36-0	Dichloroborane, Ion	BCl2+					674042.0	659173.0	257.805	52.974
54604-26-1	Zirconium, Ion	Zr-					564979.0	527438.0	185.762	28.693
54604-27-2	Niobium, Ion	Nb-					640978.0	602621.0	186.095	28.948
54604-28-3	Molybdenum, Ion	Mo-					580805.0	541722.0	180.669	20.786
55186-08-8	Potassium Cyanide	C2K2N2					-8368.0	-20502.0	373.129	110.262
55186-09-9	Sodium Cyanide	C2N2Na2					-8786.0	-21041.0	347.102	107.686
55753-39-4	Thiophosphoryl Fluoride	FPS					-172268.0	-203034.0	277.717	44.439
56217-42-6	Tantalum, Ion	Ta-					744941.0	711515.0	174.56	24.558
56626-98-3	Hydrogen-D , Ion	HD-					235484.0	237747.0	151.206	29.771
56648-54-5	Aluminum Chloride, Ion	AlCl+					861904.0	828108.0	232.187	33.794
57328-69-5	Difluoroboroxin	HB3F2O3					-1987400.0	-1908582.0	328.994	103.528
57372-62-0	Fluoroboroxin	H2B3FO3					-1598288.0	-1526000.0	314.841	95.245
58585-94-7	Nitrosyl Iodide	INO					112131.0	104227.0	282.96	46.856
58749-16-9	Magnesium Bromide	Br4Mg2					-767764.0	-795072.0	461.347	129.013
58790-41-3	Magnesium Fluoride	F4Mg2					-1718369.0	-1678445.0	337.014	107.501
59217-69-5	Lithium Chloride	Cl3Li3					-1004721.0	-979042.0	335.747	102.005
59359-31-8	Lead, Ion	Pb-					153882.0	123728.0	186.9	20.786
59727-16-1	Phosphorus Bromide	BrP					162601.0	123238.0	249.204	35.394
60172-47-6	Aluminum Fluoride, Ion	AlF+					692034.0	658828.0	220.065	31.155
60172-61-4	Magnesium Hydroxide, Ion	HMgO+					584421.0	572132.0	220.824	43.216
60172-63-6	Aluminum Hydroxide, Ion	HAlO+					543920.0	527974.0	228.693	33.535
60175-01-1	Magnesium Chloride Fluoride	ClFMg					-569024.0	-573383.0	260.227	49.911
60195-07-5	Aluminum Oxide, Ion	Al2O2+					567414.0	552810.0	289.7	68.923
60195-12-2	Lithium Chloride Fluoride	ClFLi2					-753957.0	-753043.0	268.04	62.839
60195-15-5	Magnesium Nitride	MgN					288696.0	259966.0	224.835	32.733
60388-18-3	Molybdenum Fluoride	FMo					282838.0	248134.0	246.399	32.671
60397-00-4	Lithium Sodium Oxide	LiNaO					-104600.0	-126468.0	256.459	43.079
60428-72-0	Aluminum Hydroxide, Ion	HAlO-					-230120.0	-236871.0	239.81	36.521
60953-63-1	Aluminum Chloride Fluoride, Ion	AlClF+					276144.0	264370.0	259.722	52.45
61279-70-7	Aluminum Borate	AlBO2					-541410.0	-550447.0	269.567	52.833
61279-73-0	Beryllium Oxide	Be3O3					-1054368.0	-1035673.0	273.337	63.458
61279-74-1	Beryllium Oxide	Be4O4					-1589920.0	-1549360.0	302.575	89.389
61279-75-2	Beryllium Oxide	Be5O5					-2112920.0	-2042321.0	323.278	112.018
61279-76-3	Beryllium Oxide	Be6O6					-2661024.0	-2562965.0	343.191	131.624
64538-53-0	Lithium Oxide, Ion	LiO-					-66944.0	-80839.0	199.241	32.359
64538-55-2	Potassium Oxide, Ion	KO-					-138072.0	-149427.0	226.308	35.888
64847-13-8	Tungsten, Ion	W-					766174.0	725882.0	188.781	20.786
65653-05-6	Molybdenum Fluoride	F15Mo3					-4065593.0	-3797290.0	706.844	326.335
65653-18-1	Molybdenum Fluoride	F10Mo2					-2697843.0	-2536961.0	531.554	212.349
65887-15-2	Beryllium Fluoride Oxide	Be2F2O					-1204574.0	-1197022.0	298.915	76.151
66468-24-4	Iron Bromide	Br4Fe2					-253132.0	-299931.0	516.018	130.683
66511-78-2	Diazene-D , Cis	D2N2					207108.0	240643.0	224.092	39.024
66581-66-6	Dibromoborane	BBr2					62760.0	22026.0	294.662	48.056
66973-35-1	Sulfur Fluoride, Ion	F3S-					-776396.0	-753432.0	280.198	62.978
68193-66-8	Magnesium Fluoride, Ion	F2Mg+					591982.0	578963.0	258.145	52.449
68193-67-9	Barium Hydroxide, Ion	HBaO+					270897.0	259611.0	247.265	46.458
68387-55-3	Boron Hydride Sulfide, Ion	HBS+					1129471.0	1086806.0	225.35	39.455
69754-90-1	Sulfur Fluoride, Ion	F2S+					702389.0	687583.0	263.525	44.937
70478-90-9	Beryllium Oxide	Be2O2					-410032.0	-417064.0	247.611	49.339
72704-18-8	Boron Hydride Oxide, Ion	HBO+					1187545.0	1169120.0	214.565	34.744
74912-20-2	Triiodosilyl	I3Si					35314.0	-19925.0	378.305	77.191
74930-79-3	Bromochloroborane	BBrCl					-10460.0	-38950.0	289.033	46.846
74930-80-6	Bromofluoroborane	BBrF					-240580.0	-268140.0	275.77	43.546
74930-81-7	Chloroborane, Ion	BCl+					1234280.0	1197686.0	219.131	31.643
74930-82-8	Dihydroxyborane	H2BO2					-476976.0	-447736.0	243.589	52.015
74930-83-9	Sulfur Fluoride, Ion	F2S-					-398426.0	-401890.0	267.445	50.164
74947-50-5	Tungsten Chloride	ClW					553543.0	518452.0	261.895	34.843
74947-94-7	Lead Chloride, Ion	Cl2Pb+					816298.0	800890.0	318.566	55.006
74947-95-8	Beryllium Chloride, Ion	BeCl+					979056.0	945379.0	212.955	32.744
74966-77-1	Magnesium Bromide, Ion	Br2Mg+					731363.0	684304.0	321.737	59.303
74966-78-2	Tungsten Bromide	BrW					586178.0	537325.0	272.617	36.032
84796-14-5	Ammonia-D	D3N					-58576.0	-25984.0	203.931	38.225
87191-90-0	CCO Radical	C2O					286604.0	251121.0	233.066	43.064
91571-48-1	Aluminum Hydride Oxide	HAlO					33472.0	27787.0	215.256	34.569
92785-63-2	Iron Iodide	Fe2I4					8368.0	-68121.0	543.471	131.283
110682-15-0	Molybdenum Bromide	BrMo					457311.0	408172.0	269.523	36.214
110682-17-2	Hafnium, Ion	Hf-					612197.0	576270.0	185.04	20.786
