CAS	Chemical	A	B	C	D	E	Tmin	Tmax
75-07-0	Acetaldehyde	115100.00000000	-433.0000000	1.42500000	0.00000000	0.0000000	150.15	294.00
60-35-5	Acetamide	102300.00000000	128.7000000	0.00000000	0.00000000	0.0000000	354.15	571.00
64-19-7	Acetic acid	139640.00000000	-320.8000000	0.89850000	0.00000000	0.0000000	289.81	391.05
108-24-7	Acetic anhydride	36600.00000000	511.0000000	0.00000000	0.00000000	0.0000000	250.00	350.00
67-64-1	Acetone	135600.00000000	-177.0000000	0.28370000	0.00068900	0.0000000	178.45	329.44
75-05-8	Acetonitrile	97582.00000000	-122.2000000	0.34085000	0.00000000	0.0000000	229.32	354.75
74-86-2	Acetylene	-122020.00000000	3082.7000000	-15.89500000	0.02773200	0.0000000	192.40	250.00
107-02-8	Acrolein	103090.00000000	-247.8000000	1.03430000	0.00000000	0.0000000	253.00	379.50
79-10-7	Acrylic acid	55300.00000000	300.0000000	0.00000000	0.00000000	0.0000000	286.15	375.00
107-13-1	Acrylonitrile	109900.00000000	-109.7500000	0.35441000	0.00000000	0.0000000	189.63	400.00
132259-10-0	Air	-214460.00000000	9185.1000000	-106.12000000	0.41616000	0.0000000	75.00	115.00
100-66-3	Anisole	150940.00000000	93.4550000	0.23602000	0.00000000	0.0000000	298.15	484.20
7440-37-1	Argon	134390.00000000	-1989.4000000	11.04300000	0.00000000	0.0000000	83.78	135.00
55-21-0	Benzamide	161440.00000000	260.6600000	0.00000000	0.00000000	0.0000000	403.00	563.15
71-43-2	Benzene	129440.00000000	-169.5000000	0.64781000	0.00000000	0.0000000	278.68	353.24
108-98-5	Benzenethiol	119780.00000000	180.3400000	0.00000000	0.00000000	0.0000000	258.27	442.29
65-85-0	Benzoic acid	-5480.00000000	647.1200000	0.00000000	0.00000000	0.0000000	395.45	450.00
100-47-0	Benzonitrile	93383.00000000	242.6100000	0.00000000	0.00000000	0.0000000	260.40	464.15
119-61-9	Benzophenone	156130.00000000	454.4900000	0.00000000	0.00000000	0.0000000	321.35	640.00
100-51-6	Benzyl alcohol	-334997.00000000	3644.2100000	-7.77514000	0.00591102	0.0000000	257.85	478.60
539-30-0	Benzyl ethyl ether	87500.00000000	480.0000000	0.00000000	0.00000000	0.0000000	275.65	458.15
100-53-8	Benzyl mercaptan	100320.00000000	346.8900000	0.00000000	0.00000000	0.0000000	243.95	472.03
92-52-4	Biphenyl	121770.00000000	429.3000000	0.00000000	0.00000000	0.0000000	342.20	533.37
7726-95-6	Bromine	179400.00000000	-667.1100000	1.07010000	0.00000000	0.0000000	265.90	331.90
108-86-1	Bromobenzene	121600.00000000	-9.4500000	0.35800000	0.00000000	0.0000000	293.15	495.08
74-96-4	Bromoethane	94364.00000000	-109.1200000	0.44032000	0.00000000	0.0000000	160.00	320.00
74-83-9	Bromomethane	129730.00000000	-596.5400000	2.16000000	-0.00242340	0.0000000	184.45	276.71
590-19-2	"1,2-Butadiene"	135150.00000000	-311.1400000	0.97007000	-0.00015230	0.0000000	136.95	290.00
106-99-0	"1,3-Butadiene"	128860.00000000	-323.1000000	1.01500000	0.00003200	0.0000000	165.00	350.00
106-97-8	Butane	191030.00000000	-1675.0000000	12.50000000	-0.03874000	0.0000461	134.86	400.00
71-36-3	1-Butanol	191200.00000000	-730.4000000	2.29980000	0.00000000	0.0000000	183.85	391.90
78-92-2	2-Butanol	426790.00000000	-3694.6000000	13.82800000	-0.01350000	0.0000000	158.45	372.90
106-98-9	1-Butene	182050.00000000	-1611.0000000	11.96300000	-0.03745400	0.0000450	87.80	380.00
590-18-1	cis-2-Butene	126680.00000000	-65.4700000	-0.64000000	0.00291200	0.0000000	134.26	350.00
624-64-6	trans-2-Butene	112760.00000000	-104.7000000	0.52140000	0.00000000	0.0000000	167.62	274.03
123-86-4	Butyl acetate	111850.00000000	384.5200000	0.00000000	0.00000000	0.0000000	298.15	399.26
104-51-8	Butylbenzene	182470.00000000	-13.9120000	0.72897000	0.00000000	0.0000000	185.30	400.00
109-79-5	Butyl mercaptan	232190.00000000	-804.3500000	2.70630000	-0.00230170	0.0000000	157.46	390.00
513-53-1	sec-Butyl mercaptan	197890.00000000	-491.5400000	1.72190000	-0.00124990	0.0000000	133.02	370.00
107-00-6	1-Butyne	136340.00000000	-300.4000000	1.02160000	0.00000000	0.0000000	147.43	298.15
123-72-8	Butyraldehyde	65682.00000000	1329.1000000	-7.15790000	0.01275500	0.0000000	176.75	300.00
107-92-6	Butyric acid	237700.00000000	-746.4000000	1.82900000	0.00000000	0.0000000	267.95	436.42
109-74-0	Butyronitrile	104000.00000000	174.0000000	0.00000000	0.00000000	0.0000000	161.25	390.75
124-38-9	Carbon dioxide	-8304300.00000000	104370.0000000	-433.33000000	0.60052000	0.0000000	220.00	290.00
75-15-0	Carbon disulfide	85600.00000000	-122.0000000	0.56050000	-0.00145200	0.0000020	161.11	552.00
56-23-5	Carbon tetrachloride	-752700.00000000	8966.1000000	-30.39400000	0.03445500	0.0000000	250.33	388.71
75-73-0	Carbon tetrafluoride	104600.00000000	-500.6000000	2.28510000	0.00000000	0.0000000	89.56	145.10
7782-50-5	Chlorine	63936.00000000	46.3500000	-0.16230000	0.00000000	0.0000000	172.12	239.12
108-90-7	Chlorobenzene	-1307500.00000000	15338.0000000	-53.97400000	0.06348300	0.0000000	227.95	360.00
75-00-3	Chloroethane	127900.00000000	-345.1500000	0.91500000	0.00000000	0.0000000	134.80	340.00
67-66-3	Chloroform	124850.00000000	-166.3400000	0.43209000	0.00000000	0.0000000	233.15	366.48
74-87-3	Chloromethane	96910.00000000	-207.9000000	0.37456000	0.00048800	0.0000000	175.43	373.15
540-54-5	1-Chloropropane	132280.00000000	-153.2700000	0.50836000	0.00000000	0.0000000	150.35	319.67
75-29-6	2-Chloropropane	69362.00000000	215.0100000	0.00000000	0.00000000	0.0000000	200.00	308.85
108-39-4	m-Cresol	-246700.00000000	3256.8000000	-7.42020000	0.00604670	0.0000000	285.39	400.00
95-48-7	o-Cresol	-185150.00000000	3148.0000000	-8.03670000	0.00725400	0.0000000	304.20	400.00
106-44-5	p-Cresol	259980.00000000	-1112.3000000	4.94270000	-0.00543670	0.0000000	307.93	400.00
98-82-8	Cumene	61723.00000000	494.8100000	0.00000000	0.00000000	0.0000000	177.14	425.56
460-19-5	Cyanogen	65516.00000000	144.7000000	0.06322900	0.00000000	0.0000000	200.08	300.08
287-23-0	Cyclobutane	101920.00000000	-215.8100000	0.81030000	0.00000000	0.0000000	190.00	298.15
110-82-7	Cyclohexane	-220600.00000000	3118.3000000	-9.42160000	0.01068700	0.0000000	279.69	400.00
108-93-0	Cyclohexanol	-40000.00000000	853.0000000	0.00000000	0.00000000	0.0000000	296.60	434.00
108-94-1	Cyclohexanone	6110.40000000	600.9400000	0.00000000	0.00000000	0.0000000	290.00	489.75
110-83-8	Cyclohexene	105850.00000000	-60.0000000	0.68000000	0.00000000	0.0000000	169.67	356.12
287-92-3	Cyclopentane	122530.00000000	-403.8000000	1.73440000	-0.00109750	0.0000000	179.28	322.40
142-29-0	Cyclopentene	125380.00000000	-349.7000000	1.14300000	0.00000000	0.0000000	138.13	317.38
75-19-4	Cyclopropane	89952.00000000	-196.6300000	0.65237000	0.00000000	0.0000000	150.00	298.15
1569-69-3	Cyclohexyl mercaptan	177560.00000000	-179.1200000	0.76723000	0.00000000	0.0000000	189.64	431.95
112-31-2	Decanal	150460.00000000	586.6300000	0.00000000	0.00000000	0.0000000	267.15	488.15
124-18-5	Decane	278620.00000000	-197.9100000	1.07370000	0.00000000	0.0000000	243.51	460.00
334-48-5	Decanoic acid	219840.00000000	140.4100000	0.99680000	0.00000000	0.0000000	304.75	543.15
112-30-1	1-Decanol	4988500.00000000	-52898.0000000	216.35000000	-0.37538000	0.0002367	280.05	503.00
872-05-9	1-Decene	417440.00000000	-1616.5000000	5.39480000	-0.00434800	0.0000000	206.89	443.75
143-10-2	Decyl mercaptan	314570.00000000	-160.9300000	0.95561000	0.00000000	0.0000000	247.56	512.35
764-93-2	1-Decyne	276900.00000000	-371.2300000	1.57740000	0.00000000	0.0000000	229.15	447.15
557-91-5	"1,1-Dibromoethane"	149400.00000000	-231.8000000	0.59460000	0.00000000	0.0000000	210.15	381.15
106-93-4	"1,2-Dibromoethane"	200560.00000000	-491.4400000	0.91870000	0.00000000	0.0000000	282.85	410.00
74-95-3	Dibromomethane	202580.00000000	-726.3000000	1.33770000	0.00000000	0.0000000	240.00	370.10
142-96-1	Dibutyl ether	270720.00000000	-259.8300000	0.95427000	0.00000000	0.0000000	175.30	450.00
541-73-1	m-Dichlorobenzene	114880.00000000	187.2500000	0.00000000	0.00000000	0.0000000	248.39	400.00
95-50-1	o-Dichlorobenzene	93093.00000000	183.9700000	0.23140000	0.00000000	0.0000000	273.15	528.75
106-46-7	p-Dichlorobenzene	133950.00000000	-24.8400000	0.48191000	0.00000000	0.0000000	326.14	513.56
75-34-3	"1,1-Dichloroethane"	126340.00000000	-94.6300000	0.32000000	0.00000000	0.0000000	176.19	330.45
107-06-2	"1,2-Dichloroethane"	179170.00000000	-444.7400000	0.93009000	0.00000000	0.0000000	237.49	356.59
75-09-2	Dichloromethane	98968.00000000	-62.9410000	0.23265000	0.00000000	0.0000000	180.00	320.00
78-99-9	"1,1-Dichloropropane"	144560.00000000	-53.6050000	0.30617000	0.00000000	0.0000000	180.00	361.25
78-87-5	"1,2-Dichloropropane"	111560.00000000	149.4400000	0.00000000	0.00000000	0.0000000	275.00	369.52
111-42-2	Diethanol amine	184200.00000000	286.0000000	0.00000000	0.00000000	0.0000000	301.15	541.54
109-89-7	Diethyl amine	101330.00000000	243.1800000	0.00000000	0.00000000	0.0000000	223.35	328.60
60-29-7	Diethyl ether	44400.00000000	1301.0000000	-5.50000000	0.00876300	0.0000000	156.92	460.00
352-93-2	Diethyl sulfide	238520.00000000	-1038.4000000	4.05870000	-0.00446910	0.0000000	181.95	322.08
624-72-6	"1,2-Difluoroethane"	82577.00000000	109.8500000	0.00000000	0.00000000	0.0000000	215.00	283.65
75-10-5	Difluoromethane	263980.00000000	-1791.1000000	4.36660000	0.00000000	0.0000000	200.00	250.00
108-18-9	Di-isopropyl amine	98434.00000000	429.0400000	0.00000000	0.00000000	0.0000000	275.00	357.05
108-20-3	Di-isopropyl ether	163000.00000000	-4.5000000	0.62000000	0.00000000	0.0000000	187.65	341.45
565-80-0	Di-isopropyl ketone	179270.00000000	28.3700000	0.53750000	0.00000000	0.0000000	204.81	410.00
534-15-6	"1,1-Dimethoxyethane"	187790.00000000	-313.4100000	1.10230000	0.00000000	0.0000000	159.95	337.45
7778-85-0	"1,2-Dimethoxypropane"	199930.00000000	-191.5000000	0.87664000	0.00000000	0.0000000	226.10	366.15
503-17-3	Dimethyl acetylene	88153.00000000	124.1600000	0.00000000	0.00000000	0.0000000	240.91	300.13
124-40-3	Dimethyl amine	-214870.00000000	3787.2000000	-13.78100000	0.01692400	0.0000000	180.96	298.15
79-29-8	"2,3-Dimethylbutane"	129450.00000000	18.5000000	0.60800000	0.00000000	0.0000000	145.19	331.13
590-66-9	"1,1-Dimethylcyclohexane"	134500.00000000	8.7650000	0.81151000	0.00000000	0.0000000	239.66	392.70
2207-01-4	"cis-1,2-Dimethylcyclohexane"	150130.00000000	-62.3800000	0.88510000	0.00000000	0.0000000	223.16	402.94
6876-23-9	"trans-1,2-Dimethylcyclohexane"	155560.00000000	-145.2600000	1.09320000	0.00000000	0.0000000	184.99	396.58
624-92-0	Dimethyl disulfide	171580.00000000	-256.6700000	0.57270000	0.00000000	0.0000000	188.44	360.00
115-10-6	Dimethyl ether	110100.00000000	-157.4700000	0.51853000	0.00000000	0.0000000	131.65	250.00
68-12-2	"N,N-Dimethyl formamide"	147900.00000000	-106.0000000	0.38400000	0.00000000	0.0000000	273.82	466.44
565-59-3	"2,3-Dimethylpentane"	146420.00000000	59.2000000	0.60400000	0.00000000	0.0000000	90.00	380.00
131-11-3	Dimethyl phthalate	206560.00000000	325.7500000	0.00000000	0.00000000	0.0000000	274.16	360.00
1111-74-6	Dimethylsilane	131810.00000000	0.0000000	0.00000000	0.00000000	0.0000000	298.15	298.15
75-18-3	Dimethyl sulfide	146950.00000000	-380.0600000	1.20350000	-0.00084787	0.0000000	174.88	310.48
67-68-5	Dimethyl sulfoxide	240300.00000000	-595.0000000	1.01300000	0.00000000	0.0000000	291.67	422.15
120-61-6	Dimethyl terephthalate	190020.00000000	431.0400000	0.00000000	0.00000000	0.0000000	423.40	466.35
123-91-1	"1,4-Dioxane"	956860.00000000	-5559.9000000	9.61240000	0.00000000	0.0000000	284.95	374.47
101-84-8	Diphenyl ether	134160.00000000	447.6700000	0.00000000	0.00000000	0.0000000	300.03	570.00
142-84-7	Dipropyl amine	49120.00000000	562.2400000	0.00000000	0.00000000	0.0000000	277.90	407.90
112-40-3	Dodecane	508210.00000000	-1368.7000000	3.10150000	0.00000000	0.0000000	263.57	330.00
112-95-8	Eicosane	352720.00000000	807.3200000	0.21220000	0.00000000	0.0000000	309.58	616.93
64-17-5	Ethanol	102640.00000000	-139.6300000	-0.03034100	0.00203860	0.0000000	159.05	390.00
141-78-6	Ethyl acetate	226230.00000000	-624.8000000	1.47200000	0.00000000	0.0000000	189.60	350.21
75-04-7	Ethyl amine	121700.00000000	38.9930000	0.00000000	0.00000000	0.0000000	192.15	289.73
100-41-4	Ethylbenzene	154040.00000000	-142.2900000	0.80539000	0.00000000	0.0000000	178.20	409.35
93-89-0	Ethyl benzoate	124500.00000000	370.6000000	0.00000000	0.00000000	0.0000000	238.45	486.55
88-09-5	2-Ethyl butanoic acid	56359.00000000	603.0200000	0.00000000	0.00000000	0.0000000	258.15	466.95
105-54-4	Ethyl butyrate	82434.00000000	422.4500000	0.20992000	0.00000000	0.0000000	285.50	428.25
1678-91-7	Ethylcyclohexane	132360.00000000	72.7400000	0.64738000	0.00000000	0.0000000	161.84	404.95
1640-89-7	Ethylcyclopentane	178520.00000000	-518.3500000	2.32550000	-0.00168180	0.0000000	134.71	301.82
74-85-1	Ethylene	247390.00000000	-4428.0000000	40.93600000	-0.16970000	0.0002682	104.00	252.70
107-15-3	Ethylenediamine	184440.00000000	-150.2000000	0.37044000	0.00000000	0.0000000	284.29	390.41
107-21-1	Ethylene glycol	35540.00000000	436.7800000	-0.18486000	0.00000000	0.0000000	260.15	493.15
151-56-4	Ethyleneimine	46848.00000000	205.3500000	0.00000000	0.00000000	0.0000000	250.00	329.00
75-21-8	Ethylene oxide	144710.00000000	-758.8700000	2.82610000	-0.00306400	0.0000000	160.65	283.85
109-94-4	Ethyl formate	80000.00000000	223.6000000	0.00000000	0.00000000	0.0000000	254.20	374.20
149-57-5	2-Ethyl hexanoic acid	207670.00000000	-17.9070000	1.04930000	0.00000000	0.0000000	235.00	510.10
5756-43-4	Ethylhexyl ether	146040.00000000	458.2200000	0.00000000	0.00000000	0.0000000	298.15	417.15
625-54-7	Ethylisopropyl ether	106250.00000000	292.1500000	0.00000000	0.00000000	0.0000000	298.15	326.15
565-69-5	Ethylisopropyl ketone	229250.00000000	-404.5400000	1.13820000	0.00000000	0.0000000	204.15	386.55
75-08-1	Ethyl mercaptan	134670.00000000	-234.3900000	0.59656000	0.00000000	0.0000000	125.26	315.25
105-37-3	Ethyl propionate	76330.00000000	400.1000000	0.00000000	0.00000000	0.0000000	298.15	410.00
628-32-0	Ethylpropyl ether	103680.00000000	726.3000000	-2.60470000	0.00409570	0.0000000	145.65	320.00
115-21-9	Ethyltrichlorosilane	105150.00000000	85.3180000	0.46693000	0.00000000	0.0000000	167.55	371.05
7782-41-4	Fluorine	-94585.00000000	7529.9000000	-139.60000000	1.13010000	-0.0033241	58.00	98.00
462-06-6	Fluorobenzene	-991200.00000000	11734.0000000	-40.66900000	0.04733300	0.0000000	239.99	319.99
353-36-6	Fluoroethane	85663.00000000	-118.5600000	0.55459000	0.00000000	0.0000000	140.00	240.00
593-53-3	Fluoromethane	74746.00000000	-132.3200000	0.53772000	0.00000000	0.0000000	140.00	220.00
50-00-0	Formaldehyde	61900.00000000	28.3000000	0.00000000	0.00000000	0.0000000	204.00	234.00
75-12-7	Formamide	63400.00000000	150.6000000	0.00000000	0.00000000	0.0000000	292.00	493.00
64-18-6	Formic acid	78060.00000000	71.5400000	0.00000000	0.00000000	0.0000000	281.45	380.00
110-00-9	Furan	114370.00000000	-215.6900000	0.72691000	0.00000000	0.0000000	187.55	304.50
7440-59-7	Helium-4	387220.00000000	-465570.0000000	211800.00000000	-42494.00000000	3212.9000000	2.20	4.60
629-78-7	Heptadecane	376970.00000000	347.8200000	0.57895000	0.00000000	0.0000000	295.13	575.30
111-71-7	Heptanal	222360.00000000	-105.1700000	0.65074000	0.00000000	0.0000000	229.80	381.25
111-14-8	Heptanoic acid	194570.00000000	-23.2060000	0.88395000	0.00000000	0.0000000	265.83	496.15
111-70-6	1-Heptanol	2416800.00000000	-26105.0000000	110.03000000	-0.19172000	0.0001197	239.15	448.60
543-49-7	2-Heptanol	283127.00000000	-1037.6300000	3.44064000	0.00000000	0.0000000	230.00	432.90
106-35-4	3-Heptanone	270730.00000000	-399.8900000	1.06010000	0.00000000	0.0000000	234.15	480.00
110-43-0	2-Heptanone	265040.00000000	-375.6800000	1.00240000	0.00000000	0.0000000	238.15	490.00
592-76-7	1-Heptene	267950.00000000	-1315.9000000	6.52420000	-0.01199400	0.0000094	154.12	366.79
1639-09-4	Heptyl mercaptan	236870.00000000	-158.0100000	0.78982000	0.00000000	0.0000000	229.92	460.00
628-71-7	1-Heptyne	46798.00000000	761.1300000	-0.62882000	0.00000000	0.0000000	200.00	372.93
544-76-3	Hexadecane	370350.00000000	231.4700000	0.68632000	0.00000000	0.0000000	291.31	560.01
66-25-1	Hexanal	117700.00000000	329.5200000	0.00000000	0.00000000	0.0000000	217.15	401.45
110-54-3	Hexane	172120.00000000	-183.7800000	0.88734000	0.00000000	0.0000000	177.83	460.00
142-62-1	Hexanoic acid	161980.00000000	44.1160000	0.70900000	0.00000000	0.0000000	269.25	478.85
111-27-3	1-Hexanol	1638600.00000000	-17261.0000000	71.72100000	-0.12026000	0.0000711	228.55	460.00
626-93-7	2-Hexanol	267628.00000000	-1033.0600000	3.35185000	0.00000000	0.0000000	223.00	585.30
591-78-6	2-Hexanone	208250.00000000	-107.4700000	0.20620000	0.00070293	0.0000000	217.35	460.00
589-38-8	3-Hexanone	235960.00000000	-345.9400000	0.94278000	0.00000000	0.0000000	217.50	460.00
592-41-6	1-Hexene	164640.00000000	-200.3700000	0.87840000	0.00000000	0.0000000	133.39	336.63
928-49-4	3-Hexyne	82795.00000000	283.4000000	0.00000000	0.00000000	0.0000000	300.00	354.35
111-31-9	Hexyl mercaptan	303320.00000000	-1009.0000000	3.38850000	-0.00276200	0.0000000	192.62	430.00
693-02-7	1-Hexyne	93000.00000000	326.0000000	0.00000000	0.00000000	0.0000000	200.00	344.48
764-35-2	2-Hexyne	94860.00000000	254.1500000	0.00000000	0.00000000	0.0000000	300.00	357.67
302-01-2	Hydrazine	79815.00000000	50.9290000	0.04337900	0.00000000	0.0000000	274.69	653.15
10035-10-6	Hydrogen bromide	57720.00000000	9.9000000	0.00000000	0.00000000	0.0000000	185.15	206.45
7647-01-0	Hydrogen chloride	47300.00000000	90.0000000	0.00000000	0.00000000	0.0000000	165.00	185.00
74-90-8	Hydrogen cyanide	95398.00000000	-197.5200000	0.38830000	0.00000000	0.0000000	259.83	298.85
7664-39-3	Hydrogen fluoride	62520.00000000	-223.0200000	0.62970000	0.00000000	0.0000000	189.79	292.67
79-31-2	Isobutyric acid	127540.00000000	-65.3500000	0.82867000	0.00000000	0.0000000	270.00	427.65
75-31-0	Isopropyl amine	-32469.00000000	1977.1000000	-7.01450000	0.00869130	0.0000000	177.95	320.00
141-82-2	Malonic acid	157850.00000000	-41.6190000	0.42817000	0.00000000	0.0000000	407.95	603.75
79-41-4	Methacrylic acid	146290.00000000	-58.5900000	0.35820000	0.00000000	0.0000000	288.15	434.15
67-56-1	Methanol	105800.00000000	-362.2300000	0.93790000	0.00000000	0.0000000	175.47	400.00
79-16-3	N-Methyl acetamide	62600.00000000	243.4000000	0.00000000	0.00000000	0.0000000	359.00	538.50
79-20-9	Methyl acetate	61260.00000000	270.9000000	0.00000000	0.00000000	0.0000000	253.40	373.40
74-99-7	Methyl acetylene	79791.00000000	89.4900000	0.00000000	0.00000000	0.0000000	200.00	249.94
96-33-3	Methyl acrylate	275500.00000000	-1147.0000000	2.56800000	0.00000000	0.0000000	196.32	353.35
74-89-5	Methyl amine	92520.00000000	37.4500000	0.00000000	0.00000000	0.0000000	179.69	266.82
93-58-3	Methyl benzoate	125630.00000000	279.7500000	0.00000000	0.00000000	0.0000000	260.75	472.65
598-25-4	"3-Methyl-1,2-butadiene"	135370.00000000	-133.3400000	0.63868000	0.00000000	0.0000000	159.53	314.56
78-78-4	2-Methylbutane	108300.00000000	146.0000000	-0.29200000	0.00151000	0.0000000	113.25	310.00
116-53-0	2-Methylbutanoic acid	74200.00000000	417.4000000	0.00000000	0.00000000	0.0000000	321.50	481.50
123-51-3	3-Methyl-1-butanol	247870.00000000	-1145.0000000	3.42230000	0.00000000	0.0000000	155.95	404.15
563-46-2	2-Methyl-1-butene	149510.00000000	-247.6300000	0.91849000	0.00000000	0.0000000	135.58	304.31
513-35-9	2-Methyl-2-butene	151600.00000000	-266.7200000	0.90847000	0.00000000	0.0000000	139.39	311.71
78-80-8	2-Methyl-1-butene-3-yne	81919.00000000	181.0100000	0.00000000	0.00000000	0.0000000	298.15	305.40
628-28-4	Methylbutyl ether	177850.00000000	-171.5700000	0.74379000	0.00000000	0.0000000	157.48	343.31
628-29-5	Methylbutyl sulfide	198390.00000000	-220.3500000	0.76096000	0.00000000	0.0000000	175.30	510.00
598-23-2	3-Methyl-1-butyne	105200.00000000	191.1000000	0.00000000	0.00000000	0.0000000	200.00	299.49
623-42-7	Methyl butyrate	102930.00000000	129.1000000	0.62516000	0.00000000	0.0000000	277.25	415.87
993-00-0	Methylchlorosilane	47726.00000000	338.4000000	0.00000000	0.00000000	0.0000000	250.00	325.00
108-87-2	Methylcyclohexane	131340.00000000	-63.1000000	0.81250000	0.00000000	0.0000000	146.58	320.00
590-67-0	1-Methylcyclohexanol	50578.00000000	508.5900000	0.00000000	0.00000000	0.0000000	300.00	441.15
7443-70-1	cis-2-Methylcyclohexanol	118600.00000000	447.0700000	0.00000000	0.00000000	0.0000000	300.00	438.15
7443-52-9	trans-2-Methylcyclohexanol	118170.00000000	447.9900000	0.00000000	0.00000000	0.0000000	300.00	440.15
96-37-7	Methylcyclopentane	155920.00000000	-490.0000000	2.13830000	-0.00155850	0.0000000	130.73	366.48
693-89-0	1-Methylcyclopentene	53271.00000000	327.9200000	0.00000000	0.00000000	0.0000000	200.00	348.64
1120-62-3	3-Methylcyclopentene	46457.00000000	346.9300000	0.00000000	0.00000000	0.0000000	200.00	338.05
75-54-7	Methyldichlorosilane	27030.00000000	413.0000000	0.00000000	0.00000000	0.0000000	250.00	350.00
540-67-0	Methylethyl ether	85383.00000000	199.0800000	-0.06154700	0.00000000	0.0000000	160.00	280.50
78-93-3	Methylethyl ketone	132300.00000000	200.8700000	-0.95970000	0.00195330	0.0000000	186.48	373.15
624-89-5	Methylethyl sulfide	161240.00000000	-288.6100000	0.78179000	0.00000000	0.0000000	167.23	339.80
107-31-3	Methyl formate	130200.00000000	-396.0000000	1.21000000	0.00000000	0.0000000	174.15	304.90
625-44-5	Methylisobutyl ether	92919.00000000	324.4300000	0.00000000	0.00000000	0.0000000	298.15	350.00
108-10-1	Methylisobutyl ketone	183650.00000000	-79.8620000	0.60769000	0.00000000	0.0000000	189.15	389.15
624-83-9	Methyl Isocyanate	149770.00000000	-529.8200000	1.34990000	0.00000000	0.0000000	256.15	366.00
598-53-8	Methylisopropyl ether	143440.00000000	-154.0700000	0.72550000	0.00000000	0.0000000	127.93	310.00
563-80-4	Methylisopropyl ketone	191170.00000000	-331.0400000	0.98445000	0.00000000	0.0000000	180.15	440.00
1551-21-9	Methylisopropyl sulfide	211170.00000000	-661.9700000	2.42160000	-0.00213830	0.0000000	171.64	357.91
74-93-1	Methyl mercaptan	115300.00000000	-263.2300000	0.60412000	0.00000000	0.0000000	150.18	298.15
80-62-6	Methyl methacrylate	255100.00000000	-938.4000000	2.41300000	0.00000000	0.0000000	224.95	373.45
3004-93-1	2-Methyloctanoic acid	226650.00000000	15.4210000	1.05780000	0.00000000	0.0000000	240.00	518.15
107-83-5	2-Methylpentane	142220.00000000	-47.8300000	0.73900000	0.00000000	0.0000000	119.55	333.41
628-80-8	Methyl pentyl ether	251890.00000000	-468.3200000	1.22090000	0.00000000	0.0000000	176.00	372.00
75-28-5	2-Methylpropane	172370.00000000	-1783.9000000	14.75900000	-0.04790900	0.0000581	113.54	380.00
75-65-0	2-Methyl-2-propanol	-925460.00000000	7894.9000000	-17.66100000	0.01361700	0.0000000	298.96	460.00
115-11-7	2-Methyl propene	87680.00000000	217.1000000	-0.91530000	0.00226600	0.0000000	132.81	343.15
554-12-1	Methyl propionate	71140.00000000	335.5000000	0.00000000	0.00000000	0.0000000	300.00	390.00
557-17-5	Methylpropyl ether	144110.00000000	-102.0900000	0.58113000	0.00000000	0.0000000	133.97	312.20
3877-15-4	Methylpropyl sulfide	179850.00000000	-264.1000000	0.79202000	0.00000000	0.0000000	160.17	368.69
992-94-9	Methylsilane	113470.00000000	0.0000000	0.00000000	0.00000000	0.0000000	298.15	298.15
98-83-9	alpha-Methyl styrene	76822.00000000	421.6000000	0.00000000	0.00000000	0.0000000	249.95	438.65
1634-04-4	Methyl tert-butyl ether	134300.00000000	94.3560000	-0.00320000	0.00097950	0.0000000	164.55	328.18
107-25-5	Methyl vinyl ether	73600.00000000	184.7000000	0.00000000	0.00000000	0.0000000	151.15	278.65
91-20-3	Naphthalene	29800.00000000	527.5000000	0.00000000	0.00000000	0.0000000	353.43	491.14
7440-01-9	Neon	1034100.00000000	-138770.0000000	7154.00000000	-162.55000000	1.3841000	24.56	40.00
79-24-3	Nitroethane	187740.00000000	-497.6000000	1.06910000	0.00000000	0.0000000	183.63	387.22
7727-37-9	Nitrogen	281970.00000000	-12281.0000000	248.00000000	-2.21820000	0.0074902	63.15	112.00
7783-54-2	Nitrogen trifluoride	101400.00000000	-682.1100000	3.89120000	0.00000000	0.0000000	117.00	175.50
75-52-5	Nitromethane	116270.00000000	-135.3000000	0.34500000	0.00000000	0.0000000	244.60	473.15
10024-97-2	Nitrous oxide	67556.00000000	54.3730000	0.00000000	0.00000000	0.0000000	182.30	200.00
10102-43-9	Nitric oxide	-2979600.00000000	76602.0000000	-652.59000000	1.88790000	0.0000000	109.50	150.00
629-92-5	Nonadecane	342570.00000000	762.0800000	0.20481000	0.00000000	0.0000000	305.04	603.05
124-19-6	Nonanal	136820.00000000	531.2900000	0.00000000	0.00000000	0.0000000	255.15	468.15
111-84-2	Nonane	383080.00000000	-1139.8000000	2.71010000	0.00000000	0.0000000	219.66	325.00
112-05-0	Nonanoic acid	224336.00000000	49.7260000	0.98130000	0.00000000	0.0000000	285.55	528.75
143-08-8	1-Nonanol	10483000.00000000	-115220.0000000	476.87000000	-0.85381000	0.0005625	310.00	460.00
628-99-9	2-Nonanol	329641.00000000	-1046.7800000	3.61823000	0.00000000	0.0000000	238.15	649.50
124-11-8	1-Nonene	254490.00000000	-298.0600000	1.17070000	0.00000000	0.0000000	191.91	420.02
1455-21-6	Nonyl mercaptan	265350.00000000	-46.2200000	0.79154000	0.00000000	0.0000000	253.05	492.95
3452-09-3	1-Nonyne	253580.00000000	-366.3000000	1.48810000	0.00000000	0.0000000	223.15	423.85
593-45-3	Octadecane	399430.00000000	374.6400000	0.58156000	0.00000000	0.0000000	301.31	589.86
124-13-0	Octanal	130650.00000000	463.6100000	0.00000000	0.00000000	0.0000000	246.00	447.15
111-65-9	Octane	224830.00000000	-186.6300000	0.95891000	0.00000000	0.0000000	216.38	460.00
124-07-2	Octanoic acid	205260.00000000	44.3920000	0.89560000	0.00000000	0.0000000	289.65	512.85
111-87-5	1-Octanol	571370.00000000	-4849.0000000	19.72500000	-0.02153200	0.0000000	250.00	467.10
123-96-6	2-Octanol	319198.00000000	-1042.2100000	3.52943000	0.00000000	0.0000000	241.55	452.90
111-13-7	2-Octanone	300400.00000000	-426.2000000	1.11720000	0.00000000	0.0000000	252.86	500.00
106-68-3	3-Octanone	289980.00000000	-417.2700000	1.22180000	0.00000000	0.0000000	255.55	440.65
111-66-0	1-Octene	509420.00000000	-4279.1000000	21.47700000	-0.04446200	0.0000350	171.45	394.41
111-88-6	Octyl mercaptan	240040.00000000	-33.1980000	0.67889000	0.00000000	0.0000000	240.00	472.19
629-05-0	1-Octyne	42642.00000000	886.6700000	-0.69315000	0.00000000	0.0000000	200.00	399.35
144-62-7	Oxalic acid	175510.00000000	-381.3600000	0.64623000	0.00000000	0.0000000	462.65	603.00
7782-44-7	Oxygen	175430.00000000	-6152.3000000	113.92000000	-0.92382000	0.0027963	54.36	142.00
10028-15-6	Ozone	60046.00000000	281.1600000	0.00000000	0.00000000	0.0000000	90.00	150.00
629-62-9	Pentadecane	346910.00000000	219.5400000	0.65632000	0.00000000	0.0000000	283.07	543.84
110-62-3	Pentanal	112050.00000000	257.7800000	0.00000000	0.00000000	0.0000000	200.00	376.15
109-66-0	Pentane	159080.00000000	-270.5000000	0.99537000	0.00000000	0.0000000	143.42	390.00
109-52-4	Pentanoic acid	145050.00000000	28.3440000	0.63720000	0.00000000	0.0000000	239.15	458.95
71-41-0	1-Pentanol	201200.00000000	-651.3000000	2.27500000	0.00000000	0.0000000	200.14	389.15
6032-29-7	2-Pentanol	251596.00000000	-1028.4900000	3.26306000	0.00000000	0.0000000	200.00	561.00
107-87-9	2-Pentanone	194590.00000000	-263.8600000	0.76808000	0.00000000	0.0000000	196.29	375.46
96-22-0	3-Pentanone	193020.00000000	-176.4300000	0.56690000	0.00000000	0.0000000	234.18	375.14
109-67-1	1-Pentene	156100.00000000	-456.9400000	2.25500000	-0.00316300	0.0000024	108.02	350.00
2084-19-7	2-Pentyl mercaptan	188200.00000000	-140.8400000	0.63581000	0.00000000	0.0000000	160.75	385.15
110-66-7	Pentyl mercaptan	213760.00000000	-324.4000000	0.94720000	0.00000000	0.0000000	197.45	399.79
627-19-0	1-Pentyne	86200.00000000	256.6000000	0.00000000	0.00000000	0.0000000	200.00	313.33
627-21-4	2-Pentyne	68671.00000000	246.6600000	0.00000000	0.00000000	0.0000000	200.00	329.27
85-01-8	Phenanthrene	103370.00000000	527.0300000	0.00000000	0.00000000	0.0000000	372.39	500.00
108-95-2	Phenol	101720.00000000	317.6100000	0.00000000	0.00000000	0.0000000	314.06	425.00
103-71-9	Phenyl isocyanate	60834.00000000	215.8900000	0.29552000	0.00000000	0.0000000	243.15	489.75
85-44-9	Phthalic anhydride	145400.00000000	252.4000000	0.00000000	0.00000000	0.0000000	404.15	557.65
463-49-0	Propadiene	66230.00000000	98.2750000	0.00000000	0.00000000	0.0000000	200.00	238.65
71-23-8	1-Propanol	158760.00000000	-635.0000000	1.96900000	0.00000000	0.0000000	146.95	400.00
67-63-0	2-Propanol	471710.00000000	-4172.1000000	14.74500000	-0.01440000	0.0000000	185.26	355.30
13511-13-2	Propenylcyclohexene	201400.00000000	-450.6000000	1.70530000	0.00000000	0.0000000	199.00	431.65
123-38-6	Propionaldehyde	99306.00000000	115.7300000	0.00000000	0.00000000	0.0000000	200.00	328.75
79-09-4	Propionic acid	213660.00000000	-702.7000000	1.66050000	0.00000000	0.0000000	252.45	414.32
107-12-0	Propionitrile	118190.00000000	-120.9800000	0.42075000	0.00000000	0.0000000	180.26	370.50
109-60-4	Propyl acetate	83400.00000000	384.1000000	0.00000000	0.00000000	0.0000000	274.70	404.70
107-10-8	Propyl amine	139530.00000000	78.0000000	0.00000000	0.00000000	0.0000000	188.36	340.00
103-65-1	Propylbenzene	174380.00000000	-101.8000000	0.79000000	0.00000000	0.0000000	173.55	432.39
115-07-1	Propylene	114140.00000000	-343.7200000	1.09050000	0.00000000	0.0000000	87.89	225.45
110-74-7	Propyl formate	75700.00000000	326.1000000	0.00000000	0.00000000	0.0000000	298.15	398.15
75-33-2	2-Propyl mercaptan	138390.00000000	-117.1100000	0.47059000	0.00000000	0.0000000	142.61	350.00
107-03-9	Propyl mercaptan	167330.00000000	-319.1000000	0.81270000	0.00000000	0.0000000	159.95	340.87
57-55-6	"1,2-Propylene glycol"	58080.00000000	445.2000000	0.00000000	0.00000000	0.0000000	213.15	460.75
106-51-4	Quinone	45810.00000000	368.3300000	0.00000000	0.00000000	0.0000000	388.85	683.00
7783-61-1	Silicon tetrafluoride	829380.00000000	-7331.5000000	19.20300000	0.00000000	0.0000000	186.35	253.15
100-42-5	Styrene	113340.00000000	290.2000000	-0.60510000	0.00135670	0.0000000	242.54	418.31
110-15-6	Succinic acid	244770.00000000	-236.9600000	0.63148000	0.00000000	0.0000000	460.65	604.50
7446-09-5	Sulfur dioxide	85743.00000000	5.7443000	0.00000000	0.00000000	0.0000000	197.67	350.00
2551-62-4	Sulfur hexafluoride	119500.00000000	0.0000000	0.00000000	0.00000000	0.0000000	230.15	230.15
7446-11-9	Sulfur trioxide	258090.00000000	0.0000000	0.00000000	0.00000000	0.0000000	303.15	303.15
84-15-1	o-Terphenyl	182900.00000000	635.0900000	0.00000000	0.00000000	0.0000000	329.35	609.15
629-59-4	Tetradecane	353140.00000000	29.1300000	0.86116000	0.00000000	0.0000000	279.01	526.73
109-99-9	Tetrahydrofuran	171730.00000000	-800.4700000	2.89340000	-0.00250150	0.0000000	164.65	339.12
119-64-2	"1,2,3,4-Tetrahydronaphthalene"	81760.00000000	455.3800000	0.00000000	0.00000000	0.0000000	237.38	480.77
110-01-0	Tetrahydrothiophene	123300.00000000	-130.1000000	0.62290000	0.00000000	0.0000000	176.98	394.27
594-82-1	"2,2,3,3-Tetramethylbutane"	43326.00000000	630.7300000	0.00000000	0.00000000	0.0000000	375.41	426.00
110-02-1	Thiophene	84864.00000000	91.7250000	0.13243000	0.00000000	0.0000000	234.94	357.31
108-88-3	Toluene	140140.00000000	-152.3000000	0.69500000	0.00000000	0.0000000	178.18	500.00
79-00-5	"1,1,2-Trichloroethane"	103350.00000000	159.3000000	0.00000000	0.00000000	0.0000000	236.50	300.00
629-50-5	Tridecane	350180.00000000	-104.7000000	1.00220000	0.00000000	0.0000000	267.76	508.62
121-44-8	Triethyl amine	111480.00000000	368.1300000	0.00000000	0.00000000	0.0000000	200.00	361.92
75-50-3	Trimethyl amine	136050.00000000	-288.0000000	0.99130000	0.00000000	0.0000000	156.08	276.02
526-73-8	"1,2,3-Trimethylbenzene"	119450.00000000	324.5400000	0.00000000	0.00000000	0.0000000	247.79	449.27
95-63-6	"1,2,4-Trimethylbenzene"	178800.00000000	-128.4700000	0.83741000	0.00000000	0.0000000	229.33	350.00
540-84-1	"2,2,4-Trimethylpentane"	95275.00000000	696.7000000	-1.37650000	0.00217340	0.0000000	165.78	520.00
560-21-4	"2,3,3-Trimethylpentane"	388620.00000000	-1439.5000000	3.21870000	0.00000000	0.0000000	280.00	320.00
99-35-4	"1,3,5-Trinitrobenzene"	40364.00000000	664.4600000	0.00000000	0.00000000	0.0000000	398.40	475.47
118-96-7	"2,4,6-Trinitrotoluene"	133530.00000000	514.6400000	0.00000000	0.00000000	0.0000000	354.00	475.00
1120-21-4	Undecane	293980.00000000	-114.9800000	0.96936000	0.00000000	0.0000000	247.57	433.42
112-42-5	1-Undecanol	129450.00000000	-3039.5000000	27.92700000	-0.06184700	0.0000430	289.05	520.30
108-05-4	Vinyl acetate	136300.00000000	-106.1700000	0.75175000	0.00000000	0.0000000	259.56	389.35
689-97-4	Vinyl acetylene	68720.00000000	135.0000000	0.00000000	0.00000000	0.0000000	200.00	278.25
75-01-4	Vinyl chloride	-10320.00000000	322.8000000	0.00000000	0.00000000	0.0000000	200.00	400.00
75-94-5	Vinyl trichlorosilane	49516.00000000	420.3500000	0.00000000	0.00000000	0.0000000	178.35	363.85
7732-18-5	Water	276370.00000000	-2090.1000000	8.12500000	-0.01411600	0.0000094	273.16	533.15
108-38-3	m-Xylene	133860.00000000	7.8754000	0.52265000	0.00000000	0.0000000	217.00	540.15
95-47-6	o-Xylene	36500.00000000	1017.5000000	-2.63000000	0.00302000	0.0000000	247.98	417.58
106-42-3	p-Xylene	-35500.00000000	1287.2000000	-2.59900000	0.00242600	0.0000000	286.41	600.00
