Name	CAS	Acronym	Formula	Lifetime, years	Radiative efficiency, W/m^2/ppb	20yr AGWP	20yr GWP	100yr AGWP	100yr GWP	500yr AGWP	500yr GWP	50yr AGTP	50yr GTP	100yr AGTP	100yr GTP	50yr CGTP	100yr CGTP
Carbon dioxide	124-38-9		CO2		0.0000133	0.0000000000000243	1	0.0000000000000895	1	0.000000000000314	1	4.28E-016	1	3.95E-016	1	0	0
Methane	74-82-8		CH4	11.8	0.000388	0.00000000000198	81.2	0.00000000000249	27.9	0.0000000000025	7.95	4.73E-015	11	2.12E-015	5.38	2730	3320
Nitrous oxide	10024-97-2		N2O	109	0.0032	0.00000000000665	273	0.0000000000245	273	0.0000000000407	130	0.000000000000124	290	0.0000000000000919	233	0	0
Trichlorofluoromethane	75-69-4	CFC-11	CCl3F	52	0.291	0.000000000202	8320	0.000000000557	6230	0.000000000657	2090	0.00000000000272	6350	0.0000000000014	3540		
Dichlorodifluoromethane	75-71-8	CFC-12	CCl2F2	102	0.358	0.00000000031	12700	0.00000000112	12500	0.00000000179	5710	0.00000000000567	13300	0.0000000000041	10400		
Chlorotrifluoromethane	75-72-9	CFC-13	CClF3	640	0.278	0.000000000301	12400	0.00000000145	16200	0.0000000055	17500	0.00000000000726	17000	0.0000000000074	18800		
1,1,2,2-tetrachloro-1,2-difluoroethane	76-12-0	CFC-112	CCl2FCCl2F	63.6	0.282	0.000000000137	5620	0.000000000413	4620	0.000000000525	1670	0.00000000000206	4810	0.00000000000119	3020		
1,1,1,2-tetrachloro-2,2-difluoroethane	76-11-9	CFC-112a	CCl3CClF2	52	0.246	0.000000000115	4740	0.000000000317	3550	0.000000000374	1190	0.00000000000155	3620	0.000000000000795	2010		
1,1,2-trichloro-1,2,2-trifluoroethane	76-13-1	CFC-113	CCl2FCClF2	93	0.301	0.000000000167	6860	0.000000000583	6520	0.00000000089	2830	0.00000000000296	6910	0.00000000000206	5210		
1,1,1-trichloro-2,2,2-trifluoroethane	354-58-5	CFC-113a	CCl3CF3	55	0.241	0.000000000124	5110	0.000000000351	3930	0.000000000422	1350	0.00000000000173	4030	0.000000000000917	2320		
1,2-dichloro-1,1,2,2-tetrafluoroethane	76-14-2	CFC-114	CClF2CClF2	189	0.314	0.000000000201	8260	0.000000000844	9430	0.00000000193	6150	0.00000000000427	9990	0.00000000000371	9410		
1,1-dichloro-1,2,2,2-tetrafluoroethane	374-07-2	CFC-114a	CCl2FCF3	105	0.297	0.000000000183	7510	0.000000000664	7420	0.00000000108	3450	0.00000000000337	7880	0.00000000000246	6240		
1-chloro-1,1,2,2,2-pentafluoroethane	76-15-3	CFC-115	CClF2CF3	540	0.246	0.00000000018	7410	0.000000000859	9600	0.0000000031	9880	0.0000000000043	10100	0.00000000000433	11000		
(1s,2s)-1,2-dichloro-1,2,3,3,4,4-hexafluorocyclobutane	3832-15-3	E-R316c	trans cyc (-CClFCF2CF2CClF-)	75	0.27	0.000000000117	4810	0.000000000379	4230	0.000000000518	1650	0.00000000000191	4450	0.0000000000012	3040		
(1r,2s)-1,2-dichloro-1,2,3,3,4,4-hexafluorocyclobutane	3934-26-7	Z-R316c	cis cyc (-CClFCF2CF2CClF-)	114	0.3	0.000000000136	5590	0.000000000507	5660	0.000000000865	2760	0.00000000000257	6020	0.00000000000194	4910		
(e)-1,2-dichloro-1,2-difluoroethene	598-88-9	CFC 1112	CClF=CClF	0.019	0.013	0.0000000000000111	0.454	0.0000000000000113	0.126	0.0000000000000113	0.036	1.18E-017	0.028	8.96E-018	0.023	12.9	15.3
1,1-dichloro-2,2-difluoroethene	79-35-6	CFC 1112a	CCl2=CF2	0.006	0.007	1.84E-015	0.076	1.88E-015	0.021	1.88E-015	0.006	1.97E-018	0.005	1.49E-018	0.004	2.16	2.55
Dichlorofluoromethane	75-43-4	HCFC-21	CHCl2F	1.7	0.145	0.000000000014	575	0.0000000000143	160	0.0000000000143	45.6	0.0000000000000152	35.5	0.0000000000000114	29	16300	19400
Chlorodifluoromethane	75-45-6	HCFC-22	CHClF2	11.9	0.214	0.000000000139	5690	0.000000000175	1960	0.000000000176	560	0.000000000000336	785	0.000000000000149	379	192000	234000
Chlorofluoromethane	593-70-4	HCFC-31	CH2ClF	1.2	0.068	0.00000000000696	286	0.00000000000711	79.4	0.00000000000711	22.6	7.52E-015	17.6	5.67E-015	14.4	8130	9630
1,1,2,2-tetrachloro-1-fluoroethane	354-14-3	HCFC-121	CHCl2CCl2F	1.11	0.146	0.00000000000511	210	0.00000000000522	58.3	0.00000000000522	16.6	5.52E-015	12.9	4.16E-015	10.5	5970	7070
1,2,2-trichloro-1,1-difluoroethane	354-21-2	HCFC-122	CHCl2CClF2	0.9	0.159	0.00000000000494	203	0.00000000000505	56.4	0.00000000000505	16.1	5.33E-015	12.5	4.03E-015	10.2	5780	6850
1,1,2-trichloro-1,2-difluoroethane	354-15-4	HCFC-122a	CHClFCCl2F	3.1	0.201	0.0000000000214	879	0.0000000000219	245	0.0000000000219	69.9	0.0000000000000236	55.3	0.0000000000000176	44.7	25000	29600
2,2-dichloro-1,1,1-trifluoroethane	306-83-2	HCFC-123	CHCl2CF3	1.3	0.16	0.00000000000792	325	0.00000000000809	90.4	0.00000000000809	25.8	8.57E-015	20	6.46E-015	16.4	9260	11000
1,2-dichloro-1,1,2-trifluoroethane	354-23-4	HCFC-123a	CHClFCClF2	4	0.227	0.0000000000342	1410	0.0000000000353	395	0.0000000000353	113	0.0000000000000385	90	0.0000000000000285	72.3	40200	47700
2-chloro-1,1,1,2-tetrafluoroethane	2837-89-0	HCFC-124	CHClFCF3	5.9	0.207	0.0000000000503	2070	0.0000000000534	597	0.0000000000534	170	0.0000000000000612	143	0.0000000000000435	110	60500	71900
1-chloro-1,1,2,2-tetrafluoroethane	354-25-6	HCFC-124a	CHF2CClF2	17	0.25	0.000000000124	5110	0.000000000185	2070	0.000000000186	592	0.000000000000521	1220	0.000000000000177	448	192000	244000
1,2-dichloro-1,2-difluoroethane	431-06-1	HCFC-132	CHClFCHClF	1.73	0.143	0.0000000000107	440	0.0000000000109	122	0.0000000000109	34.9	0.0000000000000116	27.2	8.76E-015	22.2	12500	14800
1,1-dichloro-2,2-difluoroethane	471-43-2	HCFC-132a	CHCl2CHF2	1.12	0.127	0.00000000000617	253	0.0000000000063	70.4	0.0000000000063	20.1	6.66E-015	15.6	5.03E-015	12.7	7210	8540
1,1-dichloro-1,2-difluoroethane	1842-05-3	HCFC-132c	CH2FCCl2F	4.1	0.169	0.0000000000296	1220	0.0000000000306	342	0.0000000000306	97.6	0.0000000000000334	78.1	0.0000000000000247	62.7	34800	41300
2-chloro-1,1,1-trifluoroethane	75-88-7	HCFC-133a	CH2ClCF3	4.6	0.15	0.0000000000334	1370	0.0000000000347	388	0.0000000000347	111	0.0000000000000382	89.3	0.0000000000000281	71.3	39400	46800
1,2-dichloro-1-fluoroethane	430-57-9	HCFC-141	CH2ClCHClF	1.14	0.072	0.00000000000408	168	0.00000000000417	46.6	0.00000000000417	13.3	4.41E-015	10.3	3.33E-015	8.43	4770	5650
1,1-dichloro-1-fluoroethane	1717-00-6	HCFC-141b	CH3CCl2F	9.4	0.161	0.0000000000659	2710	0.000000000077	860	0.000000000077	246	0.000000000000115	269	0.000000000000064	162	85800	103000
1-chloro-1,1-difluoroethane	75-68-3	HCFC-142b	CH3CClF2	18	0.193	0.000000000134	5510	0.000000000205	2300	0.000000000207	658	0.000000000000611	1430	0.000000000000203	514	211000	271000
3,3-dichloro-1,1,1,2,2-pentafluoropropane	422-56-0	HCFC-225ca	CHCl2CF2CF3	1.9	0.219	0.000000000012	491	0.0000000000122	137	0.0000000000122	39	0.000000000000013	30.4	9.79E-015	24.8	14000	16600
1,3-dichloro-1,1,2,2,3-pentafluoropropane	507-55-1	HCFC-225cb	CHClFCF2CClF2	5.9	0.293	0.0000000000478	1960	0.0000000000508	568	0.0000000000508	162	0.0000000000000582	136	0.0000000000000414	105	57500	68300
(e)-1-chloro-3,3,3-trifluoroprop-1-ene	102687-65-0	HCFO-1233zd(E)	(E)-CF3CH=CHCl	0.116	0.065	0.00000000000034	14	0.000000000000347	3.88	0.000000000000347	1.11	3.64E-016	0.851	2.76E-016	0.7	398	471
1-chloro-3,3,3-trifluoroprop-1-ene	99728-16-2	HCFO-1233zd(Z)	(Z)-CF3CH=CHCl	0.036	0.025	0.0000000000000398	1.64	0.0000000000000406	0.454	0.0000000000000406	0.129	4.25E-017	0.099	3.23E-017	0.082	46.6	55.2
(e)-1-chloro-2-fluoroethene	460-16-2		(E/Z)-CHCl=CHF	0.005	0.001	3.2E-016	0.013	3.27E-016	0.004	3.27E-016	0.001	3.42E-019	0.001	2.6E-019	0.001	0.375	0.444
Trifluoromethane	75-46-7	HFC-23	CHF3	228	0.191	0.000000000301	12400	0.00000000131	14600	0.0000000033	10500	0.0000000000066	15400	0.00000000000595	15100		
Difluoromethane	75-10-5	HFC-32	CH2F2	5.4	0.111	0.0000000000655	2690	0.000000000069	771	0.000000000069	220	0.0000000000000775	181	0.0000000000000561	142	78200	92900
Fluoromethane	593-53-3	HFC-41	CH3F	2.8	0.025	0.0000000000118	485	0.0000000000121	135	0.0000000000121	38.6	0.000000000000013	30.4	9.72E-015	24.6	13800	16400
1,1,1,2,2-pentafluoroethane	354-33-6	HFC-125	CHF2CF3	30	0.234	0.000000000164	6740	0.000000000335	3740	0.000000000349	1110	0.00000000000141	3300	0.000000000000512	1300		
1,1,2,2-tetrafluoroethane	359-35-3	HFC-134	CHF2CHF2	10	0.194	0.000000000095	3900	0.000000000113	1260	0.000000000113	361	0.00000000000018	420	0.0000000000000944	239	126000	151000
1,1,1,2-tetrafluoroethane	811-97-2	HFC-134a	CH2FCF3	14	0.167	0.000000000101	4140	0.000000000137	1530	0.000000000137	436	0.000000000000314	733	0.000000000000121	306	147000	181000
1,1,2-trifluoroethane	430-66-0	HFC-143	CH2FCHF2	3.6	0.128	0.0000000000317	1300	0.0000000000326	364	0.0000000000326	104	0.0000000000000353	82.6	0.0000000000000263	66.6	37100	44000
1,1,1-trifluoroethane	420-46-2	HFC-143a	CH3CF3	51	0.168	0.000000000191	7840	0.00000000052	5810	0.000000000609	1940	0.00000000000253	5910	0.00000000000128	3250		
1,2-difluoroethane	624-72-6	HFC-152	CH2FCH2F	0.471	0.045	0.00000000000189	77.6	0.00000000000193	21.5	0.00000000000193	6.14	2.03E-015	4.74	1.53E-015	3.89	2210	2610
1,1-difluoroethane	75-37-6	HFC-152a	CH3CHF2	1.6	0.102	0.0000000000144	591	0.0000000000147	164	0.0000000000147	46.8	0.0000000000000156	36.5	0.0000000000000118	29.8	16800	19900
Fluoroethane	353-36-6	HFC-161	CH3CH2F	0.219	0.016	0.000000000000424	17.4	0.000000000000433	4.84	0.000000000000433	1.38	4.54E-016	1.06	3.44E-016	0.872	497	588
1,1,1,2,2,3,3-heptafluoropropane	2252-84-8	HFC-227ca	CF3CF2CHF2	30	0.264	0.000000000131	5370	0.000000000267	2980	0.000000000278	885	0.00000000000112	2620	0.000000000000407	1030		
1,1,1,2,3,3,3-heptafluoropropane	431-89-0	HFC-227ea	CF3CHFCF3	36	0.273	0.000000000142	5850	0.000000000322	3600	0.000000000345	1100	0.00000000000145	3400	0.000000000000588	1490		
1,1,1,2,2,3-hexafluoropropane	677-56-5	HFC-236cb	CH2FCF2CF3	13.4	0.231	0.0000000000912	3750	0.000000000121	1350	0.000000000121	387	0.000000000000265	620	0.000000000000106	268	131000	161000
1,1,1,2,3,3-hexafluoropropane	431-63-0	HFC-236ea	CHF2CHFCF3	11.4	0.3	0.000000000108	4420	0.000000000134	1500	0.000000000134	428	0.000000000000245	572	0.000000000000114	288	147000	179000
1,1,1,3,3,3-hexafluoropropane	690-39-1	HFC-236fa	CF3CH2CF3	213	0.251	0.000000000181	7450	0.000000000777	8690	0.0000000019	6040	0.00000000000393	9200	0.0000000000035	8870		
1,1,2,2,3-pentafluoropropane	679-86-7	HFC-245ca	CH2FCF2CHF2	6.6	0.24	0.0000000000653	2680	0.0000000000705	787	0.0000000000705	225	0.0000000000000836	196	0.0000000000000576	146	79600	94700
1,1,1,2,2-pentafluoropropane	1814-88-6	HFC-245cb	CF3CF2CH3	39.9	0.251	0.00000000017	6970	0.000000000407	4550	0.000000000445	1420	0.00000000000189	4410	0.000000000000817	2070		
1,1,2,3,3-pentafluoropropane	24270-66-4	HFC-245ea	CHF2CHFCHF2	3.2	0.16	0.0000000000222	912	0.0000000000228	255	0.0000000000228	72.6	0.0000000000000246	57.4	0.0000000000000183	46.5	26000	30800
1,1,1,2,3-pentafluoropropane	431-31-2	HFC-245eb	CH2FCHFCF3	3.2	0.204	0.0000000000283	1160	0.000000000029	325	0.000000000029	92.6	0.0000000000000313	73.2	0.0000000000000234	59.2	33100	39200
1,1,1,3,3-pentafluoropropane	460-73-1	HFC-245fa	CHF2CH2CF3	7.9	0.245	0.000000000077	3170	0.0000000000861	962	0.0000000000861	274	0.000000000000112	262	0.0000000000000708	180	96700	115000
1,1,1-trifluoropropane	421-07-8	HFC-263fb	CH3CH2CF3	1.1	0.1	0.00000000000655	269	0.00000000000669	74.8	0.00000000000669	21.3	7.07E-015	16.5	5.34E-015	13.5	7660	9070
2,2-difluoropropane	420-45-1	HFC-272ca	CH3CF2CH3	9	0.08	0.0000000000464	1910	0.0000000000536	599	0.0000000000536	171	0.0000000000000771	180	0.0000000000000444	113	59900	71800
1,1,1,2,2,3,3,4,4-nonafluorobutane	375-17-7	HFC-329p	CHF2CF2CF2CF3	32	0.313	0.000000000122	5010	0.000000000259	2890	0.000000000272	866	0.00000000000112	2610	0.000000000000421	1070		
1,1,1,3,3-pentafluorobutane	406-58-6	HFC-365mfc	CH3CF2CH2CF3	8.9	0.228	0.0000000000711	2920	0.0000000000817	914	0.0000000000818	261	0.000000000000117	272	0.0000000000000677	172	91400	109000
1,1,1,2,2,3,4,5,5,5-decafluoropentane	138495-42-8	HFC-43-10mee	CF3CHFCHFCF2CF3	17	0.357	0.0000000000963	3960	0.000000000143	1600	0.000000000144	458	0.000000000000403	943	0.000000000000137	347	149000	189000
Trifluoroethylene	359-11-5	HFO-1123	CHF=CF2	0.004	0.002	4.14E-016	0.017	4.22E-016	0.005	4.23E-016	0.001	4.42E-019	0.001	3.36E-019	0.001	0.485	0.574
1,1-difluoroethene	75-38-7	HFO-1132a	CH2=CF2	0.013	0.004	4.6E-015	0.189	4.69E-015	0.052	4.69E-015	0.015	4.91E-018	0.011	3.73E-018	0.009	5.39	6.37
Fluoroethene	75-02-5	HFO-1141	CH2=CHF	0.007	0.002	2.13E-015	0.088	2.17E-015	0.024	2.17E-015	0.007	2.28E-018	0.005	1.73E-018	0.004	2.5	2.95
(z)-1,2,3,3,3-pentafluoroprop-1-ene	5528-43-8	HFO-1225ye(Z)	(Z)-CF3CF=CHF	0.027	0.025	0.0000000000000302	1.24	0.0000000000000308	0.344	0.0000000000000308	0.098	3.23E-017	0.075	2.45E-017	0.062	35.3	41.8
(e)-1,2,3,3,3-pentafluoroprop-1-ene	5595-10-8	HFO-1225ye(E)	(E)-CF3CF=CHF	0.016	0.015	0.0000000000000104	0.426	0.0000000000000106	0.118	0.0000000000000106	0.034	1.11E-017	0.026	8.41E-018	0.021	12.1	14.4
(z)-1,3,3,3-tetrafluoroprop-1-ene	29118-25-0	HFO-1234ze(Z)	(Z)-CF3CH=CHF	0.027	0.02	0.0000000000000276	1.13	0.0000000000000281	0.315	0.0000000000000282	0.09	2.95E-017	0.069	2.24E-017	0.057	32.3	38.2
(e)-1,3,3,3-tetrafluoroprop-1-ene	29118-24-9	HFO-1234ze(E)	(E)-CF3CH=CHF	0.052	0.045	0.00000000000012	4.94	0.000000000000123	1.37	0.000000000000123	0.391	1.28E-016	0.3	9.75E-017	0.247	141	167
2,3,3,3-tetrafluoroprop-1-ene	754-12-1	HFO-1234yf	CF3CF=CH2	0.033	0.026	0.000000000000044	1.81	0.0000000000000449	0.501	0.0000000000000449	0.143	4.7E-017	0.11	3.56E-017	0.09	51.5	60.9
(e)-1,1,1,4,4,4-hexafluorobut-2-ene	66711-86-2	HFO-1336mzz(E)	(E)-CF3CH=CHCF3	0.334	0.132	0.00000000000157	64.3	0.0000000000016	17.9	0.0000000000016	5.09	1.68E-015	3.92	1.27E-015	3.22	1830	2170
(z)-1,1,1,4,4,4-hexafluorobut-2-ene	692-49-9	HFO-1336mzz(Z)	(Z)-CF3CH=CHCF3	0.074	0.069	0.000000000000182	7.48	0.000000000000186	2.08	0.000000000000186	0.592	1.95E-016	0.455	1.48E-016	0.374	213	252
3,3,3-trifluoroprop-1-ene	677-21-4	HFO-1243zf	CF3CH=CH2	0.025	0.015	0.0000000000000229	0.94	0.0000000000000233	0.261	0.0000000000000234	0.074	2.45E-017	0.057	1.86E-017	0.047	26.8	31.7
3,3,4,4,4-pentafluorobut-1-ene	374-27-6	HFO-1345zfc	CF3CF2CH=CH2	0.025	0.016	0.000000000000016	0.656	0.0000000000000163	0.182	0.0000000000000163	0.052	1.71E-017	0.04	1.29E-017	0.033	18.7	22.1
3,3,4,4,5,5,6,6,6-nonafluorohex-1-ene	19430-93-4		n-C4F9CH=CH2	0.025	0.03	0.0000000000000179	0.734	0.0000000000000182	0.204	0.0000000000000182	0.058	1.91E-017	0.045	1.45E-017	0.037	20.9	24.7
3,3,4,4,5,5,6,6,7,7,8,8,8-tridecafluorooct-1-ene	25291-17-2		n-C6F13CH=CH2	0.025	0.034	0.0000000000000142	0.584	0.0000000000000145	0.162	0.0000000000000145	0.046	1.52E-017	0.036	1.15E-017	0.029	16.6	19.7
3,3,4,4,5,5,6,6,7,7,8,8,9,9,10,10,10-heptadecafluorodec-1-ene	21652-58-4		n-C8F17CH=CH2	0.025	0.038	0.0000000000000124	0.508	0.0000000000000126	0.141	0.0000000000000126	0.04	1.32E-017	0.031	1E-017	0.025	14.5	17.1
3,3,3-trifluoro-2-(trifluoromethyl)prop-1-ene	382-10-5		(CF3)2C=CH2	0.028	0.033	0.000000000000033	1.36	0.0000000000000337	0.377	0.0000000000000337	0.107	3.53E-017	0.083	2.68E-017	0.068	38.7	45.8
1,1,2,2,3,3-hexafluorocyclopentane	123768-18-3		cyc (-CF2CF2CF2CH2CH2-)	1.6	0.2	0.0000000000105	431	0.0000000000107	120	0.0000000000107	34.2	0.0000000000000114	26.6	8.57E-015	21.7	12300	14500
1,1,2,2,3,3,4-heptafluorocyclopentane	15290-77-4		cyc (-CF2CF2CF2CHFCH2-)	2.8	0.243	0.0000000000202	830	0.0000000000207	231	0.0000000000207	66	0.0000000000000222	52	0.0000000000000166	42.1	23600	28000
1,3,3,4,4,5,5-heptafluorocyclopentene	1892-03-1		cyc (-CF2CF2CF2CF=CH-)	0.61	0.215	0.00000000000395	162	0.00000000000403	45.1	0.00000000000403	12.8	4.24E-015	9.92	3.21E-015	8.14	4620	5470
(4s,5s)-1,1,2,2,3,3,4,5-octafluorocyclopentane	158389-18-5		trans-cyc (-CF2CF2CF2CHFCHF-)	3.2	0.259	0.0000000000225	925	0.0000000000231	258	0.0000000000231	73.6	0.0000000000000249	58.2	0.0000000000000186	47.1	26300	31200
(e)-1,3,4,4,4-pentafluoro-3-(trifluoromethyl)but-1-ene	14149-41-8	HFO-1438ezy(E)	(E)-(CF3)2CFCH=CHF	0.334	0.079	0.000000000000721	29.6	0.000000000000736	8.22	0.000000000000736	2.34	7.73E-016	1.81	5.85E-016	1.48	843	998
3,3,4,4,5,5,5-heptafluoropent-1-ene	355-08-8	HFO-1447fz	CF3(CF2)2CH=CH2	0.025	0.028	0.0000000000000206	0.847	0.000000000000021	0.235	0.000000000000021	0.067	2.2E-017	0.051	1.67E-017	0.042	24.1	28.6
1,3,3,4,4-pentafluorocyclobutene	374-31-2		cyc (-CH=CFCF2CF2-)	0.74	0.27	0.0000000000081	333	0.00000000000827	92.4	0.00000000000827	26.4	8.72E-015	20.4	6.59E-015	16.7	9470	11200
3,3,4,4-tetrafluorocyclobutene	2714-38-7		cyc (-CH=CHCF2CF2-)	0.23	0.21	0.00000000000224	92.1	0.00000000000229	25.6	0.00000000000229	7.29	2.4E-015	5.61	1.82E-015	4.61	2620	3100
1,1,1-trichloroethane	71-55-6	Methyl chloroform	CH3CCl3	5	0.065	0.0000000000138	567	0.0000000000144	161	0.0000000000144	46	0.000000000000016	37.5	0.0000000000000117	29.7	16400	19400
Tetrachloromethane	56-23-5	Carbon tetrachloride	CCl4	32	0.166	0.0000000000927	3810	0.000000000196	2200	0.000000000206	658	0.000000000000849	1990	0.00000000000032	810		
Chloromethane	74-87-3	Methyl chloride	CH3Cl	0.9	0.005	0.000000000000485	19.9	0.000000000000495	5.54	0.000000000000495	1.58	5.23E-016	1.22	3.95E-016	1	567	672
Dichloromethane	75-09-2	Methylene chloride	CH2Cl2	0.493	0.029	0.000000000000978	40.2	0.000000000000998	11.2	0.000000000000998	3.18	1.05E-015	2.46	7.95E-016	2.01	1140	1350
Trichloromethane	67-66-3	Chloroform	CHCl3	0.501	0.074	0.00000000000181	74.2	0.00000000000184	20.6	0.00000000000184	5.87	1.94E-015	4.53	1.47E-015	3.72	2110	2500
Chloroethane	75-00-3		CH3CH2Cl	0.132	0.004	0.0000000000000422	1.73	0.000000000000043	0.481	0.000000000000043	0.137	4.51E-017	0.105	3.42E-017	0.087	49.4	58.4
1,2-dichloroethane	107-06-2		CH2ClCH2Cl	0.225	0.009	0.000000000000114	4.68	0.000000000000116	1.3	0.000000000000116	0.371	1.22E-016	0.285	9.25E-017	0.234	133	158
1,1,2-trichloroethene	79-01-6		CHCl=CCl2	0.015	0.006	3.85E-015	0.158	3.93E-015	0.044	3.93E-015	0.013	4.11E-018	0.01	3.12E-018	0.008	4.51	5.34
1,1,2,2-tetrachloroethene	127-18-4		CCl2=CCl2	0.301	0.052	0.000000000000556	22.8	0.000000000000567	6.34	0.000000000000567	1.81	5.96E-016	1.39	4.51E-016	1.14	651	770
2-chloropropane	75-29-6		CH3CHClCH3	0.06	0.004	0.0000000000000158	0.651	0.0000000000000162	0.181	0.0000000000000162	0.052	1.69E-017	0.04	1.28E-017	0.033	18.5	21.9
1-chlorobutane	109-69-3		CH3(CH2)2CH2Cl	0.012	0.001	5.95E-016	0.024	6.07E-016	0.007	6.07E-016	0.002	6.35E-019	0.001	4.82E-019	0.001	0.697	0.824
Bromomethane	74-83-9	Methyl bromide	CH3Br	0.8	0.004	0.000000000000213	8.74	0.000000000000217	2.43	0.000000000000217	0.692	2.29E-016	0.535	1.73E-016	0.438	249	294
Dibromomethane	74-95-3	Methylene bromide	CH2Br2	0.411	0.01	0.000000000000133	5.45	0.000000000000135	1.51	0.000000000000135	0.431	1.42E-016	0.333	1.08E-016	0.273	155	184
Bromodifluoromethane	1511-62-2	Halon-1201	CHBrF2	4.9	0.152	0.0000000000325	1340	0.000000000034	380	0.000000000034	108	0.0000000000000376	88	0.0000000000000275	69.8	38500	45800
Dibromodifluoromethane	75-61-6	Halon-1202	CBr2F2	2.5	0.272	0.0000000000189	775	0.0000000000193	216	0.0000000000193	61.5	0.0000000000000207	48.4	0.0000000000000155	39.3	22000	26100
Bromochlorodifluoromethane	353-59-3	Halon-1211	CBrClF2	16	0.3	0.00000000012	4920	0.000000000173	1930	0.000000000173	552	0.000000000000458	1070	0.00000000000016	406	182000	229000
Bromotrifluoromethane	75-63-8	Halon-1301	CBrF3	72	0.299	0.000000000202	8320	0.000000000644	7200	0.000000000864	2750	0.00000000000323	7560	0.000000000002	5060		
2-bromo-1,1,1-trifluoroethane	421-06-7	Halon-2301	CH2BrCF3	3.2	0.135	0.0000000000155	635	0.0000000000159	177	0.0000000000159	50.6	0.0000000000000171	40	0.0000000000000128	32.4	18100	21400
2-bromo-2-chloro-1,1,1-trifluoroethane	151-67-7	Halon-2311	CHBrClCF3	1	0.133	0.00000000000394	162	0.00000000000403	45	0.00000000000403	12.8	4.25E-015	9.95	3.21E-015	8.14	4610	5460
2-bromo-1,1,1,2-tetrafluoroethane	124-72-1	Halon-2401	CHBrFCF3	2.9	0.189	0.0000000000176	723	0.000000000018	201	0.000000000018	57.5	0.0000000000000194	45.3	0.0000000000000145	36.7	20600	24400
1,2-dibromo-1,1,2,2-tetrafluoroethane	124-73-2	Halon-2402	CBrF2CBrF2	28	0.312	0.000000000099	4070	0.000000000194	2170	0.0000000002	639	0.000000000000791	1850	0.000000000000277	702		
Tribromomethane	75-25-2		CHBr3	0.156	0.006	0.0000000000000219	0.901	0.0000000000000224	0.25	0.0000000000000224	0.071	2.35E-017	0.055	1.78E-017	0.045	25.7	30.4
Bromochloromethane	74-97-5	Halon-1011	CH2BrCl	0.452	0.02	0.000000000000415	17.1	0.000000000000424	4.74	0.000000000000424	1.35	4.46E-016	1.04	3.37E-016	0.855	486	575
Bromoethane	74-96-4		CH3CH2Br	0.137	0.006	0.0000000000000427	1.75	0.0000000000000436	0.487	0.0000000000000436	0.139	4.57E-017	0.107	3.46E-017	0.088	50	59.1
1,2-dibromoethane	106-93-4	EDB	CH2BrCH2Br	0.244	0.012	0.0000000000000894	3.67	0.0000000000000913	1.02	0.0000000000000913	0.291	9.58E-017	0.224	7.26E-017	0.184	105	124
1-bromopropane	106-94-5		CH3CH2CH2Br	0.041	0.002	4.57E-015	0.188	4.66E-015	0.052	4.66E-015	0.015	4.88E-018	0.011	3.71E-018	0.009	5.35	6.33
2-bromopropane	75-26-3		CH3CHBrCH3	0.055	0.004	0.000000000000011	0.453	0.0000000000000112	0.126	0.0000000000000112	0.036	1.18E-017	0.028	8.93E-018	0.023	12.9	15.3
Nitrogen trifluoride	7783-54-2		NF3	569	0.204	0.000000000326	13400	0.00000000156	17400	0.00000000572	18200	0.00000000000781	18200	0.00000000000789	20000		
Pentadecafluorotriethylamine	359-70-6		N(C2F5)3	1000	0.61	0.000000000187	7700	0.000000000923	10300	0.00000000386	12300	0.00000000000461	10800	0.00000000000481	12200		
Perfluorotripropylamine	338-83-0	PTPA	N(CF2CF2CF3)3	1000	0.75	0.000000000164	6750	0.000000000808	9030	0.00000000338	10800	0.00000000000403	9430	0.00000000000421	10700		
Heptacosafluorotributylamine	311-89-7	PFTBA	N(CF2CF2CF2CF3)3	1000	0.907	0.000000000154	6340	0.000000000759	8490	0.00000000317	10100	0.00000000000379	8860	0.00000000000396	10000		
Perfluorotripentylamine	338-84-1		N(CF2CF2CF2CF2CF3)3	1000	0.95	0.000000000132	5420	0.00000000065	7260	0.00000000272	8650	0.00000000000324	7580	0.00000000000339	8580		
Heptafluoroisobutyronitrile	42532-60-5		(CF3)2CFCN	34.5	0.248	0.000000000111	4580	0.000000000246	2750	0.000000000262	835	0.00000000000109	2560	0.000000000000431	1090		
Sulfur hexafluoride	2551-62-4		SF6	3200	0.567	0.000000000445	18300	0.00000000225	25200	0.0000000107	34100	0.0000000000112	26200	0.0000000000121	30600		
Pentafluoro(trifluoromethyl)-lambda6-sulfane	373-80-8		SF5CF3	800	0.585	0.000000000339	13900	0.00000000165	18500	0.00000000661	21100	0.00000000000827	19300	0.00000000000854	21600		
Sulfuryl fluoride	2699-79-8		SO2F2	36	0.211	0.000000000183	7510	0.000000000414	4630	0.000000000444	1410	0.00000000000187	4360	0.000000000000756	1920		
Tetrafluoromethane	75-73-0	PFC-14	CF4	50000	0.099	0.000000000129	5300	0.00000000066	7380	0.00000000332	10600	0.00000000000328	7660	0.00000000000357	9050		
Hexafluoroethane	76-16-4	PFC-116	C2F6	10000	0.261	0.000000000218	8940	0.00000000111	12400	0.0000000055	17500	0.00000000000551	12900	0.00000000000599	15200		
Octafluoropropane	76-19-7	PFC-218	C3F8	2600	0.27	0.000000000165	6770	0.000000000831	9290	0.00000000389	12400	0.00000000000413	9660	0.00000000000444	11200		
Hexafluorocyclobutene	697-11-0		cyc (-CF=CFCF2CF2-)	1.02	0.3	0.000000000011	453	0.0000000000113	126	0.0000000000113	35.9	0.0000000000000119	27.8	8.98E-015	22.8	12900	15300
Octafluorocyclobutane	115-25-3	PFC-C-318	cyc (-CF2CF2CF2CF2-)	3200	0.314	0.00000000018	7400	0.000000000912	10200	0.00000000433	13800	0.00000000000453	10600	0.00000000000488	12400		
Decafluorobutane	355-25-9	PFC-31-10	n-C4F10	2600	0.369	0.000000000178	7300	0.000000000897	10000	0.0000000042	13400	0.00000000000446	10400	0.00000000000478	12100		
Octafluorocyclopentene	559-40-0		cyc (-CF2CF2CFCF2CF2-)	1.1	0.246	0.00000000000684	281	0.00000000000698	78.1	0.00000000000699	22.3	7.39E-015	17.3	5.57E-015	14.1	8000	9470
Dodecafluoropentane	678-26-2	PFC-41-12	n-C5F12	4100	0.408	0.000000000163	6680	0.000000000825	9220	0.00000000397	12700	0.0000000000041	9580	0.00000000000443	11200		
Tetradecafluorohexane	355-42-0	PFC-51-14	n-C6F14	3100	0.449	0.000000000152	6260	0.000000000771	8620	0.00000000366	11600	0.00000000000383	8960	0.00000000000412	10500		
Hexadecafluoroheptane	335-57-9	PFC-61-16	n-C7F16	3000	0.503	0.000000000149	6120	0.000000000752	8410	0.00000000356	11300	0.00000000000374	8740	0.00000000000402	10200		
Octadecafluorooctane	307-34-6	PFC-71-18	n-C8F18	3000	0.558	0.000000000146	6010	0.000000000739	8260	0.0000000035	11100	0.00000000000367	8590	0.00000000000395	10000		
1,1,2,2,3,3,4,4,4a,5,5,6,6,7,7,8,8,8a-octadecafluoronaphthalene	306-94-5	PFC-91-18	C10F18	2000	0.537	0.000000000133	5480	0.000000000669	7480	0.00000000307	9780	0.00000000000333	7790	0.00000000000356	9010		
1,1,2,2,3,3,4,4,4a,5,5,6,6,7,7,8,8,8a-octadecafluoronaphthalene	60433-11-6		Z-C10F18	2000	0.56	0.000000000139	5710	0.000000000698	7800	0.0000000032	10200	0.00000000000347	8120	0.00000000000371	9400		
1,1,2,2,3,3,4,4,4a,5,5,6,6,7,7,8,8,8a-octadecafluoronaphthalene	60433-12-7		E-C10F18	2000	0.512	0.000000000127	5220	0.000000000637	7120	0.00000000292	9310	0.00000000000317	7420	0.00000000000339	8580		
1,1,2,2-tetrafluoroethene	116-14-3	PFC-1114	CF2=CF2	0.003	0.002	3.47E-016	0.014	3.54E-016	0.004	3.54E-016	0.001	3.71E-019	0.001	2.81E-019	0.001	0.406	0.481
1,1,2,3,3,3-hexafluoroprop-1-ene	116-15-4	PFC-1216	CF3CF=CF2	0.015	0.013	7.88E-015	0.324	8.04E-015	0.09	8.04E-015	0.026	8.42E-018	0.02	6.39E-018	0.016	9.23	10.9
1,1,2,3,4,4-hexafluorobuta-1,3-diene	685-63-2		CF2=CFCF=CF2	0.003	0.003	3.47E-016	0.014	3.54E-016	0.004	3.54E-016	0.001	3.71E-019	0.001	2.82E-019	0.001	0.407	0.481
Octafluoro-1-butene	357-26-6		CF3CF2CF=CF2	0.016	0.019	8.91E-015	0.366	9.09E-015	0.102	9.09E-015	0.029	9.52E-018	0.022	7.22E-018	0.018	10.4	12.3
Octafluoro-2-buene	360-89-4		CF3CF=CFCF3	0.085	0.07	0.000000000000173	7.1	0.000000000000176	1.97	0.000000000000176	0.562	1.85E-016	0.432	1.4E-016	0.355	202	239
Difluoromethoxy(trifluoro)methane	3822-68-2	HFE-125	CHF2OCF3	135	0.417	0.000000000328	13500	0.00000000128	14300	0.00000000241	7680	0.0000000000065	15200	0.00000000000517	13100		
Difluoromethoxy(difluoro)methane	1691-17-4	HFE-134	CHF2OCHF2	26.9	0.449	0.00000000031	12700	0.000000000593	6630	0.00000000061	1940	0.00000000000237	5530	0.000000000000814	2060		
Trifluoro(methoxy)methane	421-14-7	HFE-143a	CH3OCF3	4.9	0.189	0.0000000000528	2170	0.0000000000551	616	0.0000000000551	176	0.0000000000000611	143	0.0000000000000447	113	62600	74300
1,1,1,2-tetrafluoro-2-(trifluoromethoxy)ethane	2356-62-9	HFE-227ea	CF3CHFOCF3	54.8	0.459	0.000000000238	9800	0.000000000673	7520	0.000000000807	2570	0.0000000000033	7720	0.00000000000175	4440		
2-chloro-1-(difluoromethoxy)-1,1,2-trifluoroethane	13838-16-9	HCFE-235ca2	CHF2OCF2CHFCl	4.42	0.409	0.0000000000564	2320	0.0000000000585	654	0.0000000000585	186	0.0000000000000642	150	0.0000000000000473	120	66500	78900
2-chloro-2-(difluoromethoxy)-1,1,1-trifluoroethane	26675-46-7	HCFE-235da2	CHF2OCHClCF3	3.5	0.426	0.0000000000469	1930	0.0000000000482	539	0.0000000000482	154	0.0000000000000522	122	0.0000000000000388	98.4	54900	65100
2-(difluoromethoxy)-1,1,1,2-tetrafluoroethane	57041-67-5	HFE-236ea2	CHF2OCHFCF3	14.1	0.464	0.000000000171	7020	0.000000000232	2590	0.000000000233	741	0.000000000000537	1260	0.000000000000206	521	249000	308000
1,1,1-trifluoro-2-(trifluoromethoxy)ethane	20193-67-3	HFE-236fa	CF3CH2OCF3	7.5	0.371	0.0000000000894	3670	0.0000000000987	1100	0.0000000000988	315	0.000000000000125	291	0.0000000000000811	205	111000	133000
1,1,1,2,2-pentafluoro-2-methoxyethane	22410-44-2	HFE-245cb2	CF3CF2OCH3	5	0.336	0.000000000064	2630	0.0000000000669	747	0.0000000000669	213	0.0000000000000743	174	0.0000000000000542	137	75900	90100
1,1-difluoro-2-(trifluoromethoxy)ethane	84011-15-4	HFE-245fa1	CHF2CH2OCF3	6.7	0.314	0.0000000000772	3170	0.0000000000836	934	0.0000000000836	266	0.0000000000000998	233	0.0000000000000683	173	94300	112000
2-(difluoromethoxy)-1,1,1-trifluoroethane	1885-48-9	HFE-245fa2	CHF2OCH2CF3	5.5	0.36	0.0000000000745	3060	0.0000000000786	878	0.0000000000786	251	0.0000000000000886	207	0.0000000000000639	162	89000	106000
2,2,3,3,3-pentafluoropropan-1-ol	422-05-9		CF3CF2CH2OH	0.471	0.164	0.000000000003	123	0.00000000000307	34.3	0.00000000000307	9.78	3.23E-015	7.54	2.44E-015	6.19	3520	4160
1,1,2,2-tetrafluoro-1-methoxyethane	425-88-7	HFE-254cb1	CH3OCF2CHF2	2.5	0.26	0.0000000000287	1180	0.0000000000293	328	0.0000000000293	93.5	0.0000000000000314	73.4	0.0000000000000235	59.6	33500	39700
1,1,1-trifluoro-2-methoxyethane	460-43-5	HFE-263mf	CF3CH2OCH3	0.077	0.046	0.000000000000181	7.43	0.000000000000184	2.06	0.000000000000184	0.588	1.93E-016	0.452	1.47E-016	0.371	212	250
Trifluoromethoxyethane	690-22-2	HFE-263m1	CF3OCH2CH3	0.397	0.126	0.00000000000256	105	0.00000000000261	29.2	0.00000000000261	8.32	2.74E-015	6.42	2.08E-015	5.27	2990	3540
3,3,3-trifluoropropan-1-ol	2240-88-2		CF3CH2CH2OH	0.041	0.026	0.0000000000000544	2.23	0.0000000000000555	0.62	0.0000000000000555	0.177	5.81E-017	0.136	4.41E-017	0.112	63.7	75.3
1,1,1,2,2-pentafluoro-2-(1,1,2,2-tetrafluoroethoxy)ethane	134769-21-4	HFE-329mcc2	CHF2CF2OCF2CF3	25	0.545	0.000000000184	7550	0.000000000337	3770	0.000000000345	1100	0.00000000000129	3020	0.000000000000432	1090		
2-(difluoromethoxy)-1,1,1,3,3,3-hexafluoropropane	26103-08-2	HFE-338mmz1	(CF3)2CHOCHF2	22.3	0.452	0.000000000158	6500	0.000000000272	3040	0.000000000276	880	0.000000000000967	2260	0.000000000000314	797		
1,1,1,2,2-pentafluoro-2-(2,2,2-trifluoroethoxy)ethane	156053-88-2	HFE-338mcf2	CF3CH2OCF2CF3	7.5	0.454	0.0000000000842	3460	0.000000000093	1040	0.0000000000931	297	0.000000000000117	274	0.0000000000000764	194	105000	125000
1,1,1,3,3,3-hexafluoro-2-(fluoromethoxy)propane	28523-86-6	HFE-347mmz1	(CF3)2CHOCH2F	1.9	0.308	0.0000000000171	702	0.0000000000175	195	0.0000000000175	55.7	0.0000000000000186	43.5	0.000000000000014	35.4	20000	23600
1,1,1,2,2,3,3-heptafluoro-3-methoxypropane	375-03-1	HFE-347mcc3	CH3OCF2CF2CF3	5.1	0.339	0.0000000000492	2020	0.0000000000515	576	0.0000000000516	164	0.0000000000000574	134	0.0000000000000418	106	58500	69400
1-(2,2-difluoroethoxy)-1,1,2,2,2-pentafluoroethane	171182-95-9	HFE-347mcf2	CHF2CH2OCF2CF3	6.7	0.431	0.0000000000796	3270	0.0000000000862	963	0.0000000000862	275	0.000000000000103	241	0.0000000000000705	179	97300	116000
1,1,2,2-tetrafluoro-1-(2,2,2-trifluoroethoxy)ethane	406-78-0	HFE-347pcf2	CHF2CF2OCH2CF3	6.1	0.482	0.0000000000821	3370	0.0000000000876	980	0.0000000000877	279	0.000000000000101	237	0.0000000000000715	181	99100	118000
1,1,1,2,3,3,3-heptafluoro-2-methoxypropane	22052-84-2	HFE-347mmy1	(CF3)2CFOCH3	3.7	0.318	0.0000000000341	1400	0.0000000000351	392	0.0000000000351	112	0.0000000000000381	89	0.0000000000000283	71.8	40000	47400
1,1,1,2,3,3-hexafluoro-3-methoxypropane	382-34-3	HFE-356mec3	CH3OCF2CHFCF3	2.5	0.288	0.0000000000231	949	0.0000000000236	264	0.0000000000236	75.3	0.0000000000000253	59.2	0.000000000000019	48	27000	32000
1,1,1-trifluoro-2-(2,2,2-trifluoroethoxy)ethane	333-36-8	HFE-356mff2	CF3CH2OCH2CF3	0.351	0.19	0.00000000000214	88	0.00000000000219	24.4	0.00000000000219	6.97	2.3E-015	5.37	1.74E-015	4.41	2510	2970
1-(2,2-difluoroethoxy)-1,1,2,2-tetrafluoroethane	50807-77-7	HFE-356pcf2	CHF2CH2OCF2CHF2	6	0.378	0.0000000000698	2870	0.0000000000744	831	0.0000000000744	237	0.0000000000000856	200	0.0000000000000606	154	84100	100000
3-(difluoromethoxy)-1,1,2,2-tetrafluoropropane	35042-99-0	HFE-356pcf3	CHF2OCH2CF2CHF2	3.5	0.378	0.0000000000421	1730	0.0000000000433	484	0.0000000000433	138	0.0000000000000468	110	0.0000000000000349	88.4	49300	58500
1,1,2,2,3,3-hexafluoro-1-methoxypropane	160620-20-2	HFE-356pcc3	CH3OCF2CF2CHF2	2.5	0.303	0.0000000000242	995	0.0000000000248	277	0.0000000000248	79	0.0000000000000266	62.1	0.0000000000000199	50.4	28300	33500
1,1,1,3,3,3-hexafluoro-2-methoxypropane	13171-18-1	HFE-356mmz1	(CF3)2CHOCH3	0.178	0.125	0.000000000000713	29.3	0.000000000000728	8.13	0.000000000000728	2.32	7.63E-016	1.78	5.78E-016	1.47	835	988
1,1,1,2,2-pentafluoro-3-methoxypropane	378-16-5	HFE-365mcf3	CF3CF2CH2OCH3	0.069	0.058	0.00000000000014	5.77	0.000000000000143	1.6	0.000000000000143	0.457	1.5E-016	0.351	1.14E-016	0.289	164	195
1-ethoxy-1,1,2,2-tetrafluoroethane	512-51-6	HFE-374pc2	CHF2CF2OCH2CH3	0.208	0.132	0.0000000000011	45	0.00000000000112	12.5	0.00000000000112	3.56	1.17E-015	2.74	8.89E-016	2.25	1280	1520
4,4,4-trifluorobutan-1-ol	461-18-7		CF3(CH2)2CH2OH	0.015	0.006	4.33E-015	0.178	4.42E-015	0.049	4.42E-015	0.014	4.63E-018	0.011	3.51E-018	0.009	5.08	6.01
2,2,3,3,4,4,5,5-octafluorocyclopentan-1-ol	16621-87-7		cyc (-(CF2)4CH(OH)-)	0.301	0.156	0.0000000000012	49.1	0.00000000000122	13.6	0.00000000000122	3.89	1.28E-015	3	9.71E-016	2.46	1400	1660
1-(difluoromethoxy)-2-[difluoromethoxy(difluoro)methoxy]-1,1,2,2-tetrafluoroethane	188690-77-9	HFE-43-10pccc124	CHF2OCF2OCF2CF2OCHF2	14.1	1.03	0.000000000212	8720	0.000000000288	3220	0.000000000289	920	0.000000000000667	1560	0.000000000000255	647	309000	383000
1,1,1,2,2,3,3,4,4-nonafluoro-4-methoxybutane	219484-64-7	HFE-449s1	C4F9OCH3	4.8	0.36	0.0000000000395	1620	0.0000000000412	460	0.0000000000412	131	0.0000000000000455	106	0.0000000000000334	84.6	46700	55500
1,1,1,2,2,3,3,4,4-nonafluoro-4-methoxybutane	163702-07-6	n-HFE-7100	CF3CF2CF2CF2OCH3	4.8	0.425	0.0000000000467	1920	0.0000000000486	544	0.0000000000487	155	0.0000000000000538	126	0.0000000000000394	99.9	55200	65600
2-(difluoromethoxymethyl)-1,1,1,2,3,3,3-heptafluoropropane	163702-08-7	i-HFE-7100	(CF3)2CFCF2OCH3	4.8	0.341	0.0000000000375	1540	0.0000000000391	437	0.0000000000391	124	0.0000000000000432	101	0.0000000000000317	80.2	44300	52600
1-ethoxy-1,1,2,2,3,3,4,4,4-nonafluorobutane	163702-05-4	HFE-569sf2	C4F9OC2H5	0.8	0.301	0.00000000000532	219	0.00000000000543	60.7	0.00000000000543	17.3	5.73E-015	13.4	4.33E-015	11	6220	7370
1-ethoxy-1,1,2,3,3,3-hexafluoro-2-(trifluoromethyl)propane	163702-06-5	i-HFE-7200	(CF3)2CFCF2OCH2CH3	0.63	0.216	0.00000000000301	124	0.00000000000307	34.3	0.00000000000307	9.78	3.23E-015	7.56	2.45E-015	6.2	3520	4160
1,1,1,2,2,3,4,5,5,5-decafluoro-3-methoxy-4-(trifluoromethyl)pentane	132182-92-4	HFE-7300	(CF3)2CFCFOC2H5CF2CF2CF3	5.24	0.48	0.0000000000345	1420	0.0000000000362	405	0.0000000000362	115	0.0000000000000405	94.7	0.0000000000000294	74.6	41100	48800
4-ethoxy-1,1,1,2,2,3,3,4,5,6,6,6-dodecafluoro-5-(trifluoromethyl)hexane	297730-93-9	HFE-7500	n-C3F7CFOC2H5CF(CF3)2	0.3	0.27	0.00000000000114	47	0.00000000000117	13	0.00000000000117	3.72	1.22E-015	2.86	9.28E-016	2.35	1340	1580
Bis(difluoromethoxy)-difluoromethane	78522-47-1	HFE-236ca12	CHF2OCF2OCHF2	26.5	0.648	0.000000000285	11700	0.000000000542	6060	0.000000000557	1770	0.00000000000215	5020	0.000000000000733	1860		
1,2-bis(difluoromethoxy)-1,1,2,2-tetrafluoroethane	188690-78-0	HFE-338pcc13	CHF2OCF2CF2OCHF2	13.4	0.87	0.000000000223	9180	0.000000000297	3320	0.000000000297	948	0.000000000000649	1520	0.000000000000259	657	321000	395000
1,1,1,3,3,3-hexafluoropropan-2-ol	920-66-1	HFIP	(CF3)2CHOH	1.9	0.274	0.000000000018	742	0.0000000000185	206	0.0000000000185	58.8	0.0000000000000197	46	0.0000000000000148	37.4	21100	25000
1-(difluoromethoxy)-2-[2-(difluoromethoxy)-1,1,2,2-tetrafluoroethoxy]-1,1,2,2-tetrafluoroethane	205367-61-9	HG-02	CHF2(OCF2CF2)2OCHF2	26.9	1.15	0.000000000268	11000	0.000000000513	5730	0.000000000527	1680	0.00000000000205	4780	0.000000000000704	1780		
1,1,3,3,4,4,6,6,7,7,9,9,10,10,12,12-hexadecafluoro-2,5,8,11-tetraoxadodecane	173350-37-3	HG-03	CHF2(OCF2CF2)3OCHF2	26.9	1.43	0.00000000025	10300	0.000000000479	5350	0.000000000492	1570	0.00000000000191	4470	0.000000000000657	1660		
2-ethenoxy-1,1,1-trifluoroethane	406-90-6	Fluroxene	CF3CH2OCH=CH2	0.01	0.011	5.05E-015	0.207	5.15E-015	0.058	5.15E-015	0.016	5.39E-018	0.013	4.09E-018	0.01	5.91	6.99
2-ethoxy-3,3,4,4,5-pentafluorotetrahydro-2,5-bis[1,2,2,2-tetrafluoro-1-(trifluoromethyl)ethyl]-furan	920979-28-8		C12H5F19O2	0.81	0.489	0.00000000000427	175	0.00000000000436	48.7	0.00000000000436	13.9	4.6E-015	10.7	3.47E-015	8.8	4990	5910
Difluoro(methoxy)methane	359-15-9		CH3OCHF2	1.1	0.153	0.0000000000119	491	0.0000000000122	136	0.0000000000122	38.9	0.0000000000000129	30.1	9.73E-015	24.7	14000	16500
1,1,2,2-tetrafluoro-1,2-dimethoxyethane	73287-23-7	HG'-01	CH3OCF2CF2OCH3	1.7	0.289	0.0000000000177	727	0.0000000000181	202	0.0000000000181	57.7	0.0000000000000192	45	0.0000000000000145	36.7	20700	24500
1,1,2,2-Tetrafluoro-1-methoxyethane	485399-46-0	HG'-02	CH3O(CF2CF2O)2CH3	1.7	0.562	0.00000000002	823	0.0000000000205	229	0.0000000000205	65.3	0.0000000000000218	50.9	0.0000000000000164	41.5	23400	27700
1,1,2,2-tetrafluoro-1-methoxy-2-[1,1,2,2-tetrafluoro-2-(1,1,2,2-tetrafluoro-2-methoxyethoxy)ethoxy]ethane	485399-48-2	HG'-03	CH3O(CF2CF2O)3CH3	1.7	0.762	0.0000000000192	789	0.0000000000196	219	0.0000000000196	62.5	0.0000000000000209	48.8	0.0000000000000157	39.8	22400	26600
1,1,1,2,3,3-hexafluoro-3-(trifluoromethoxy)propane	428454-68-6	HFE-329me3	CF3CFHCF2OCF3	33.6	0.489	0.00000000018	7410	0.000000000393	4390	0.000000000416	1330	0.00000000000173	4040	0.000000000000671	1700		
3,3,4,4,5,5,6,6,7,7,7-undecafluoroheptan-1-ol	185689-57-0		CF3(CF2)4CH2CH2OH	0.047	0.054	0.0000000000000468	1.92	0.0000000000000477	0.533	0.0000000000000477	0.152	5E-017	0.117	3.79E-017	0.096	54.8	64.8
3,3,4,4,5,5,6,6,7,7,8,8,9,9,9-pentadecafluorononan-1-ol	755-02-2		CF3(CF2)6CH2CH2OH	0.047	0.06	0.0000000000000393	1.62	0.0000000000000401	0.449	0.0000000000000402	0.128	4.21E-017	0.098	3.19E-017	0.081	46.1	54.5
3,3,4,4,5,5,6,6,7,7,8,8,9,9,10,10,11,11,11-nonadecafluoroundecan-1-ol	87017-97-8		CF3(CF2)8CH2CH2OH	0.047	0.045	0.000000000000024	0.985	0.0000000000000245	0.273	0.0000000000000245	0.078	2.56E-017	0.06	1.94E-017	0.049	28.1	33.2
2-chloro-1,1,2-trifluoro-1-methoxyethane	425-87-6		CH3OCF2CHClF	1.43	0.211	0.0000000000119	488	0.0000000000121	136	0.0000000000121	38.7	0.0000000000000129	30.1	9.7E-015	24.6	13900	16400
1‐(difluoro(trifluoromethoxy)methoxy)‐1,1,2,3,3,3‐hexafluoro‐2‐(trifluoromethoxy)propane	1309353-34-1	PFPMIE	CF3OCFCF3CF2OCF2OCF3	800	0.64	0.000000000189	7750	0.00000000092	10300	0.00000000368	11700	0.00000000000459	10700	0.00000000000475	12000		
1,1,2-trifluoro-2-(trifluoromethoxy)ethene	1187-93-5	HFE-216	CF3OCF=CF2	0.004	0.006	9.09E-016	0.037	9.27E-016	0.01	9.28E-016	0.003	9.71E-019	0.002	7.37E-019	0.002	1.06	1.26
Perfluoroethyl formate	313064-40-3		CF3CF2OCHO	3.6	0.408	0.0000000000519	2130	0.0000000000534	597	0.0000000000534	170	0.0000000000000579	135	0.0000000000000431	109	60800	72100
2,2,2-trifluoroethyl formate	32042-38-9		CF3CH2OCHO	0.548	0.192	0.0000000000048	197	0.0000000000049	54.8	0.0000000000049	15.6	5.16E-015	12.1	3.9E-015	9.89	5620	6650
Formic acid;1,1,1,3,3,3-hexafluoropropan-2-ol	856766-70-6		(CF3)2CHOCHO	3.1	0.255	0.0000000000235	964	0.000000000024	269	0.0000000000241	76.7	0.0000000000000259	60.6	0.0000000000000193	49	27400	32500
Ethenyl 2,2,2-trifluoroacetate	433-28-3		CF3COOCH=CH2	0.004	0.004	7.05E-016	0.029	7.19E-016	0.008	7.19E-016	0.002	7.52E-019	0.002	5.71E-019	0.001	0.825	0.976
Ethyl 2,2,2-trifluoroacetate	383-63-1		CF3COOCH2CH3	0.06	0.056	0.000000000000139	5.7	0.000000000000141	1.58	0.000000000000142	0.451	1.48E-016	0.347	1.12E-016	0.285	162	192
Prop-2-enyl 2,2,2-trifluoroacetate	383-67-5		CF3COOCH2CH=CH2	0.003	0.005	6.36E-016	0.026	6.48E-016	0.007	6.49E-016	0.002	6.79E-019	0.002	5.15E-019	0.001	0.745	0.881
Methyl 2,2,2-trifluoroacetate	431-47-0		CF3COOCH3	1	0.158	0.00000000000721	296	0.00000000000736	82.3	0.00000000000736	23.5	7.78E-015	18.2	5.87E-015	14.9	8430	9980
2,2,3,3,4,4,4-heptafluorobutan-1-ol	375-01-9		CF3CF2CF2CH2OH	0.55	0.199	0.0000000000032	131	0.00000000000326	36.5	0.00000000000326	10.4	3.43E-015	8.03	2.6E-015	6.58	3740	4430
1,1,2-trifluoro-2-(trifluoromethoxy)ethane	84011-06-3		CHF2CHFOCF3	9	0.353	0.0000000000976	4010	0.000000000113	1260	0.000000000113	359	0.000000000000162	379	0.0000000000000933	236	126000	151000
1-ethoxy-1,1,2,3,3,3-hexafluoropropane	380-34-7		CF3CHFCF2OCH2CH3	0.403	0.193	0.00000000000232	95.2	0.00000000000236	26.4	0.00000000000237	7.54	2.49E-015	5.81	1.88E-015	4.77	2710	3210
1,1,1,2,2,3,3-heptafluoro-3-(1,2,2,2-tetrafluoroethoxy)propane	3330-15-2		CF3CF2CF2OCHFCF3	59.4	0.591	0.000000000202	8320	0.000000000593	6630	0.000000000733	2340	0.00000000000293	6860	0.00000000000163	4140		
2,2,3,3-tetrafluoropropan-1-ol	76-37-9		CHF2CF2CH2OH	0.255	0.112	0.00000000000127	52	0.00000000000129	14.4	0.00000000000129	4.12	1.36E-015	3.17	1.03E-015	2.6	1480	1750
2,2,3,4,4,4-hexafluorobutan-1-ol	382-31-0		CF3CHFCF2CH2OH	0.367	0.227	0.00000000000267	110	0.00000000000273	30.5	0.00000000000273	8.69	2.87E-015	6.7	2.17E-015	5.5	3130	3700
1,1,2,2-tetrafluoro-3-methoxypropane	60598-17-6		CHF2CF2CH2OCH3	0.071	0.052	0.000000000000147	6.03	0.00000000000015	1.68	0.00000000000015	0.478	1.57E-016	0.367	1.19E-016	0.302	172	203
1,1,1,2,2,4,5,5,5-nonafluoro-4-(trifluoromethyl)pentan-3-one	756-13-8		CF3CF2COCF(CF3)2	0.019	0.028	0.00000000000001	0.411	0.0000000000000102	0.114	0.0000000000000102	0.033	1.07E-017	0.025	8.12E-018	0.021	11.7	13.9
3,3,3-trifluoropropanal	460-40-2		CF3CH2CHO	0.008	0.005	2.21E-015	0.091	2.25E-015	0.025	2.25E-015	0.007	2.36E-018	0.006	1.79E-018	0.005	2.58	3.06
2-fluoroethanol	371-62-0		CH2FCH2OH	0.044	0.012	0.0000000000000465	1.91	0.0000000000000474	0.53	0.0000000000000474	0.151	4.97E-017	0.116	3.77E-017	0.095	54.4	64.4
2,2-difluoroethanol	359-13-7		CHF2CH2OH	0.167	0.046	0.000000000000542	22.3	0.000000000000553	6.18	0.000000000000553	1.76	5.8E-016	1.36	4.4E-016	1.11	634	751
2,2,2-trifluoroethanol	75-89-8		CF3CH2OH	0.458	0.117	0.00000000000313	129	0.0000000000032	35.7	0.0000000000032	10.2	3.36E-015	7.86	2.54E-015	6.44	3660	4340
HG-04	173350-38-4	HG-04	CHF2O(CF2CF2O)4CHF2	26.9	1.46	0.000000000204	8400	0.000000000392	4380	0.000000000403	1280	0.00000000000156	3660	0.000000000000538	1360		
1,1,1-trifluoropropan-2-one	421-50-1		CF3COCH3	0.014	0.011	7.88E-015	0.324	8.04E-015	0.09	8.04E-015	0.026	8.41E-018	0.02	6.39E-018	0.016	9.23	10.9
1,1,1-trifluorobutan-2-one	381-88-4		CF3COCH2CH3	0.018	0.01	8.34E-015	0.343	8.51E-015	0.095	8.51E-015	0.027	8.91E-018	0.021	6.76E-018	0.017	9.77	11.6
1-chloro-2-ethenoxyethane	110-75-8	2ClEVE	ClCH2CH2OCH=CH2	0	0.001	1.65E-017	0.001	1.68E-017	0	1.68E-017	0	1.76E-020	0	1.33E-020	0	0.019	0.023
Ethane	74-84-0		C2H6	0.159	0.001	0.0000000000000383	1.57	0.0000000000000391	0.437	0.0000000000000391	0.125	4.1E-017	0.096	3.11E-017	0.079	44.8	53
Propane	74-98-6		C3H8	0.036	0	1.75E-015	0.072	1.78E-015	0.02	1.78E-015	0.006	1.87E-018	0.004	1.41E-018	0.004	2.04	2.42
Butane	106-97-8		n-C4H10	0.019	0	5.42E-016	0.022	5.53E-016	0.006	5.53E-016	0.002	5.79E-019	0.001	4.4E-019	0.001	0.635	0.751
2-methylpentan-3-one	565-69-5		CH3CH2COCH(CH3)2	0.015	0.02	0.0000000000000175	0.719	0.0000000000000179	0.2	0.0000000000000179	0.057	1.87E-017	0.044	1.42E-017	0.036	20.5	24.3
Ethyl methyl ether	540-67-0		CH3CH2OCH3	0.005	0.002	8.56E-016	0.035	8.73E-016	0.01	8.73E-016	0.003	9.14E-019	0.002	6.94E-019	0.002	1	1.19
2,2,3,3,4,4,5,5-octafluorooxolane	773-14-8	Octafluorooxolane	c-C4F8O	3000	0.463	0.000000000246	10100	0.00000000124	13900	0.00000000589	18800	0.00000000000618	14500	0.00000000000665	16900		
Crotonaldehyde	4170-30-3		CH3CH=CHCHO	0.001	0	0	0	0	0	0	0	0	0	0	0	0	0
Methyl vinyl ketone	78-94-4	MVK	CH3COCH=CH2	0.001	0	2.48E-017	0.001	2.53E-017	0	2.53E-017	0	2.64E-020	0	2.01E-020	0	0.029	0.034
Allyl ether	557-40-4	AE	(CH2=CHCH2)2O	0	0.001	1.19E-017	0	1.21E-017	0	1.21E-017	0	1.27E-020	0	9.65E-021	0	0.014	0.017
Allyl ethyl ether	557-31-3	AEE	CH3CH2OCH2CH=CH2	0.001	0.001	3.39E-017	0.001	3.46E-017	0	3.46E-017	0	3.62E-020	0	2.75E-020	0	0.04	0.047
(z)-hex-2-en-1-ol	928-94-9		CH3CH2CH2CH=CHCH2OH	0	0.038	2.23E-016	0.009	2.28E-016	0.003	2.28E-016	0.001	2.38E-019	0.001	1.81E-019	0	0.261	0.309
(e)-hex-2-en-1-ol	928-95-0		CH3CH2CH2CH=CHCH2OH	0	0.036	2.08E-016	0.009	2.12E-016	0.002	2.12E-016	0.001	2.22E-019	0.001	1.68E-019	0	0.243	0.288
3-butenenitrile	109-75-1	Allyl cyanide	CH2=CHCH2CN	0.002	0	4.08E-017	0.002	4.16E-017	0	4.16E-017	0	4.35E-020	0	3.3E-020	0	0.048	0.056
Hexamethyldisiloxane	107-46-0		C6H18OSi2	0.025	0.047	0.0000000000000418	1.72	0.0000000000000426	0.476	0.0000000000000426	0.136	4.46E-017	0.104	3.39E-017	0.086	48.9	57.9
Octamethyltrisiloxane	107-51-7		C8H24O2Si3	0.019	0.06	0.0000000000000285	1.17	0.000000000000029	0.325	0.000000000000029	0.093	3.04E-017	0.071	2.31E-017	0.058	33.3	39.4
Decamethyltetrasiloxane	141-62-8		C10H30O3Si4	0.014	0.06	0.0000000000000155	0.635	0.0000000000000158	0.176	0.0000000000000158	0.05	1.65E-017	0.039	1.25E-017	0.032	18.1	21.4
Dodecamethylpentasiloxane	141-63-9		C12H36O4Si5	0.011	0.064	0.0000000000000107	0.439	0.0000000000000109	0.122	0.0000000000000109	0.035	1.14E-017	0.027	8.67E-018	0.022	12.5	14.8
Hexamethylcyclotrisiloxane	541-05-9		C6H18O3Si3	0.038	0.1	0.000000000000101	4.14	0.000000000000103	1.15	0.000000000000103	0.328	1.08E-016	0.252	8.18E-017	0.207	118	140
Octamethylcyclotetrasiloxane	556-67-2		C8H24O4Si4	0.027	0.12	0.0000000000000648	2.66	0.0000000000000661	0.739	0.0000000000000661	0.211	6.92E-017	0.162	5.25E-017	0.133	75.9	89.8
Decamethylcyclopentasiloxane	541-02-6		C10H30O5Si5	0.016	0.098	0.0000000000000253	1.04	0.0000000000000258	0.289	0.0000000000000258	0.082	2.71E-017	0.063	2.05E-017	0.052	29.7	35.1
Dodecamethylcyclohexasiloxane	540-97-6		C12H36O6Si6	0.011	0.086	0.0000000000000124	0.51	0.0000000000000127	0.142	0.0000000000000127	0.04	1.33E-017	0.031	1.01E-017	0.026	14.6	17.2
