CAS	Tc	Pc	Vc
675-62-7	561.7	2525000	0.000488
2897-60-1	698.7	1598000	0.000865
7351-61-3	708.1	2113000	0.000664
2530-83-8	701.4	1812000	0.000732
14814-09-6	647.5	1863000	0.000736
51526-06-8	780.9	1917000	0.000799
7439-15-8	771	2170000	0.000704
138495-42-8	454.2	2288000	0.00043
1814-88-6	380.11	3137000	0.0002732
431-89-0	374.83	2912000	0.000274
431-63-0	412.38	3412000	0.00027
76-11-9	552	3340000	0.000351
630-20-6	624	4020000	0.000325
811-97-2	374.18	4056000	0.0001988
690-39-1	398.07	3219000	0.000266
23153-23-3	670.9	3296000	0.000435
406-58-6	473.7	3392000	0.00031
460-73-1	427.2	3640000	0.000259
71-55-6	545	4300000	0.000281
2366-36-1	565	3990000	0.000294
354-58-5	483	3320000	0.000321
420-46-2	345.88	3764000	0.000195
679-86-7	447.57	3925000	0.000256
76-12-0	551	3340000	0.000351
79-34-5	645	4090000	0.000325
359-35-3	391.8	4640000	0.000191
632-50-8	827	1670000	0.001022
79-00-5	602	4480000	0.000281
76-13-1	487.25	3410000	0.000325
430-66-0	429.8	5241000	0.000179
4259-00-1	579.54	2939000	0.000417
1520-42-9	840	2040000	0.000808
3073-66-3	611.3	2978000	0.000469
4516-69-2	569.54	2827000	0.000417
40650-41-7	713.6	2719000	0.000555
557-91-5	628	6030000	0.000276
1717-00-6	478.85	4340000	0.000253
75-34-3	523	5070000	0.00024
75-35-4	482	5190000	0.000224
78-99-9	560	4240000	0.000291
374-07-2	418.55	3300000	0.000294
78-01-3	643	2570000	0.000534
75-37-6	386.44	4520000	0.000179
75-38-7	302.8	4460000	0.000154
534-15-6	507.8	3773000	0.000297
590-66-9	591.15	2938000	0.00045
1638-26-2	547	3445000	0.00036
612-00-0	775	2680000	0.000604
119-64-2	720	3650000	0.000408
488-23-3	693	3110000	0.000475
3726-45-2	642	2570000	0.000528
38842-05-6	708	2070000	0.000703
527-53-7	679	2970000	0.000482
100-50-5	655	4030000	0.000345
1679-51-2	703.7	4050000	0.000372
87-61-6	734	4510000	0.000395
96-18-4	652	3870000	0.000334
42205-08-3	683	2380000	0.000593
61827-86-9	702.7	2795000	0.000531
526-73-8	664.5	3454000	0.000414
4773-83-5	726	2770000	0.000529
635-11-0	703	1556000	0.0009127
95-93-2	676	2900000	0.000482
120-82-1	725	3720000	0.000395
877-44-1	684	2380000	0.0006
61827-87-0	697.3	2795000	0.000531
17851-27-3	687.3	2678000	0.00054
95-63-6	649.1	3232000	0.00043
65185-88-8	878	1070000	0.00137
19295-81-9	841	1160000	0.00127
120-80-9	764	7490000	0.0003
590-19-2	452	4360000	0.00022
584-03-2	680	5210000	0.000303
106-93-4	650.15	5477000	0.0002616
78-75-1	647.9	4653000	0.000322
124-73-2	487.8	3393000	0.000341
354-23-4	461.6	3610000	0.000278
99-54-7	758	3600000	0.000436
616-21-7	600	3680000	0.000343
107-06-2	561.6	5370000	0.00022
356-18-3	497	2730000	0.000386
78-87-5	572	4240000	0.000291
76-14-2	418.85	3260000	0.000294
629-14-1	561	2930000	0.000402
367-11-3	566	4299000	0.00029
624-72-6	445	4340000	0.000195
110-71-4	536.15	3871000	0.0002706
7778-85-0	543	3446000	0.00035
17059-44-8	687.7	2724000	0.000586
103-29-7	785.1	2650000	0.000619
558-30-5	521	4660000	0.000242
122-60-1	720	2950000	0.000464
106-88-7	526	4390000	0.000258
540-63-6	663	5360000	0.000209
592-44-9	526	3350000	0.000331
591-95-7	500	3800000	0.000276
78-90-0	587	5270000	0.000316
57-55-6	676.4	5941000	0.000247
75-56-9	482.25	4920000	0.000186
629-20-9	641.4	4420000	0.000328
108-70-3	718	3720000	0.000425
102-25-0	678	2300000	0.000593
717-74-8	696.6	1950000	0.000739
1460-02-2	717.8	1656000	0.000894
108-46-3	810	7490000	0.0003
106-99-0	425	4320000	0.000221
592-57-4	558	4730000	0.000277
109-64-8	680.6	4648000	0.000328
662-01-1	449	2570000	0.000369
142-28-9	603	4150000	0.000291
372-18-9	548.4	4299000	0.000292
96-31-1	787.1	4870000	0.000323
80-73-9	749.9	4275000	0.000362
99-12-7	787.7	3313000	0.000455
702-79-4	708	3000000	0.00057
505-22-6	590	5150000	0.000239
136-35-6	845	2830000	0.000642
79808-30-3	667.1	2186000	0.00069
109-76-2	632	5590000	0.000316
504-63-2	718.2	6550000	0.000239
503-30-0	520	5750000	0.000188
3645-00-9	832	2675000	0.000663
7209-38-3	750.3	2266000	0.000744
4538-37-8	724.3	2947000	0.000459
110-63-4	723.8	5520000	0.00029
619-82-9	819.8	3736000	0.000459
105-08-8	800.3	4000000	0.00044
106-37-6	738.15	4472000	0.000371
110-56-5	641	3610000	0.000343
1476-11-5	640	3780000	0.000343
110-57-6	646	3780000	0.000346
1119-85-3	755	2950000	0.000426
540-36-3	556.9	4400000	0.0002999
123-91-1	587	5208000	0.000238
1012-72-2	708	2300000	0.000732
592-45-0	510	3350000	0.000331
591-93-5	479	3740000	0.000303
626-95-9	708.4	4354000	0.000342
706-31-0	745	2990000	0.000563
111-78-4	645	3900000	0.000366
628-76-2	668	3190000	0.000396
592-42-7	508	3350000	0.000339
3173-72-6	818	2720000	0.000635
462-94-2	642	3735000	0.000422
17059-48-2	717.3	3098000	0.0005
13048-33-4	765	1930000	0.000782
1647-16-1	606.8	2267000	0.000565
78-96-6	614	5670000	0.000278
109-65-9	570.4	4041000	0.000313
143-15-7	727.9	1837000	0.000807
629-04-9	646.1	2897000	0.000482
90-11-9	824	3700000	0.000453
106-94-5	535.5	4578000	0.000263
71-36-3	563.1	4414000	0.000273
106-98-9	419.5	4020000	0.000241
75-68-3	410.29	4041000	0.000225
97-00-7	813.77	3490000	0.000478
90-13-1	785	3400000	0.000434
543-59-9	571.2	3352000	0.000356
15890-40-1	579.82	2898000	0.000417
4850-28-6	579.26	2878000	0.000417
823-76-7	673.7	3361000	0.000432
112-30-1	688	2308000	0.000645
872-05-9	616.6	2223000	0.000584
764-93-2	619.85	2370000	0.000552
661-19-8	824.4	1035000	0.0015289
112-53-8	718.7	1954000	0.000787
112-41-4	657.1	1888000	0.000725
629-96-9	807.7	1154000	0.00138
3452-07-1	771	1220000	0.0013
1569-02-4	560.4	3748000	0.000333
18970-44-0	666	2670000	0.00053
1453-24-3	614.9	3305000	0.000407
1008-17-9	708.8	2469000	0.000606
1127-76-0	776	3320000	0.00052
13556-58-6	733	2752000	0.000555
1454-85-9	779.2	1377000	0.00116
6765-39-5	736	1410000	0.00108
111-70-6	632.3	3085000	0.000444
592-76-7	537.4	2920000	0.000402
628-71-7	547	3210000	0.000387
36653-82-4	768.6	1468000	0.00108
629-73-2	722	1480000	0.001008
111-27-3	611.3	3446000	0.000382
61868-14-2	894	716000	0.0024983
592-41-6	504	3210000	0.000348
693-02-7	516.2	3620000	0.000322
355-37-3	471.75	1935000	0.000531
148462-57-1	611.7	2602000	0.000487
16747-50-5	582	3020000	0.000428
1074-17-5	662	2940000	0.000482
19177-04-9	670	2840000	0.000495
3228-03-3	726.8	3408000	0.000495
3228-02-2	722.5	3408000	0.000495
1074-43-7	654	2810000	0.000482
1074-55-1	656	2810000	0.000482
17699-86-4	626	3120000	0.000437
693-89-0	542	4130000	0.000303
2958-75-0	707.2	2770000	0.00055
767-58-8	694.1	3437000	0.000441
767-59-9	703	3460000	0.000436
90-12-0	772	3600000	0.000465
1559-81-5	719.3	3057000	0.000497
108-22-5	552.2	4181000	0.000313
1634-09-9	792	2680000	0.000631
26438-27-7	844	1523000	0.000961
66325-11-9	779	1890000	0.000771
2876-53-1	813	2250000	0.000741
627-05-4	623	3760000	0.000341
108-03-2	605	4350000	0.000288
26438-26-6	835.1	1643000	0.000906
1454-84-8	798.8	1220000	0.00131
18435-45-5	760	1280000	0.001226
143-08-8	670.9	2527000	0.000576
124-11-8	593.1	2428000	0.000524
3452-09-3	598.05	2610000	0.000497
86-89-5	803	2440000	0.000686
112-92-5	789.3	1295000	0.00123
112-88-9	748	1340000	0.001153
111-87-5	652.3	2783000	0.000509
111-66-0	566.9	2663000	0.000464
629-05-0	574	2880000	0.000442
629-76-5	757.3	1569000	0.00101
13360-61-7	708	1570000	0.000936
71-41-0	588.1	3897000	0.000326
109-67-1	464.8	3560000	0.0002934
871-28-3	503	4400000	0.000256
627-19-0	481.2	4170000	0.000277
605-02-7	849	2630000	0.000656
71-23-8	536.8	5169000	0.000219
58797-58-3	689.9	2300000	0.000628
1243297-10-0	729.4	1527000	0.00084
74338-98-0	690	2959000	0.000467
1120-36-1	691	1627000	0.000865
18435-53-5	857	847000	0.00205
112-70-9	732.4	1810000	0.00086
2437-56-1	674.8	1749000	0.000795
112-42-5	703.9	2119000	0.000715
821-95-4	637.8	2044000	0.000657
111-90-0	670	3167000	0.00044
112-59-4	684	2410000	0.000631
111-77-3	672	3670000	0.000382
18912-81-7	705.3	2503000	0.0006
497-23-4	754.8	4998000	0.00023
857237-25-3	722.7	2492000	0.000566
1885-48-9	444.03	3420000	0.000289
3603-45-0	728.4	2893000	0.00053
594-82-1	568	2870000	0.000461
13475-81-5	623	2510000	0.000557
7154-79-2	607.5	2741000	0.000478
1186-53-4	592.6	2600000	0.00049
464-06-2	531.1	2950000	0.000398
564-02-3	563.5	2730000	0.000436
4390-04-9	692	1570000	0.000863
86154-51-0	515.5	3201000	0.00036
3010-96-6	699.5	3172000	0.000456
1070-87-7	574.6	2490000	0.000504
144-19-4	697.9	2704000	0.000503
540-84-1	543.8	2570000	0.000468
1071-81-4	581.4	2190000	0.000584
3522-94-9	569.8	2330000	0.000519
306-83-2	456.94	3676000	0.000278
812-04-4	462	3610000	0.000277
75-84-3	552.7	4078000	0.000327
16747-32-3	590	2570000	0.000511
75-83-2	489	3100000	0.000358
1071-26-7	576.7	2350000	0.000519
590-73-8	549.8	2530000	0.000478
15869-87-1	602	2160000	0.000574
590-35-2	520.5	2770000	0.000416
628-87-5	731	3540000	0.000357
754-12-1	367.85	3382000	0.0002386
16747-38-9	607.5	2720000	0.000493
594-56-9	531	3140000	0.000381
560-21-4	573.5	2820000	0.000455
106538-38-9	738	3700000	0.000408
565-75-3	566.4	2730000	0.00046
1795-05-7	656.8	3630000	0.000398
513-85-9	611	5130000	0.000267
7581-97-7	599	3740000	0.000343
78-88-6	578	4380000	0.000277
1191-99-7	524	5500000	0.000205
513-81-5	526	3520000	0.000315
563-78-0	501	3320000	0.000335
16746-86-4	561	2760000	0.000445
1889-67-4	805	1990000	0.000781
563-79-1	528	3320000	0.000335
4923-91-5	786	3464000	0.0004561
79-29-8	500	3150000	0.000361
17312-44-6	653.5	1880000	0.000724
6117-98-2	689.7	1656000	0.000853
3074-71-3	588.8	2390000	0.000533
584-94-1	563.5	2630000	0.000468
2884-06-2	633.9	2016000	0.000661
7146-60-3	613.1	2173000	0.000599
565-59-3	537.3	2910000	0.000393
632-16-6	637	4050000	0.000348
17312-77-5	671.4	1761000	0.000787
591-96-8	497	3800000	0.000295
526-75-0	722.95	4900000	0.00036
107-39-1	550	2680000	0.000436
107-40-4	555	2680000	0.000436
16747-30-1	581	2460000	0.000511
108-75-8	653	3330000	0.000417
95-80-7	804	4380000	0.000376
320-60-5	646	2810000	0.000443
95-73-8	705	3590000	0.000404
53951-43-2	621.3	3540000	0.000363
1068-87-7	591	2530000	0.000512
589-43-5	553.5	2560000	0.000472
4032-94-4	600	2170000	0.000575
108-08-7	519.8	2740000	0.000418
51-28-5	766.9	3888000	0.000394
6362-80-7	835	2000000	0.000839
584-84-9	725	3040000	0.000525
105-67-9	707.65	4400000	0.00039
1708-29-8	542	5500000	0.000206
627-58-7	567	2740000	0.000445
764-13-6	597	2740000	0.000425
625-86-5	558.6	4125000	0.000306
592-13-2	550	2490000	0.000482
15869-89-3	603	2170000	0.000575
1003-38-9	551.1	3643000	0.000333
638-02-8	629.9	4462000	0.000328
95-87-4	707.05	4900000	0.00035
123-18-2	658	1970000	0.00068
59919-41-4	807	2580000	0.00063
108-82-7	603	2550000	0.000538
1072-05-5	579	2300000	0.00052
581-42-0	777	3170000	0.00052
2051-30-1	606	2170000	0.000575
108-48-5	623.75	3750000	0.000373
573-56-8	770.1	3905000	0.000394
128-37-0	724	2110000	0.000757
1141-38-4	904	3050000	0.000586
91-08-7	749	2900000	0.000525
576-26-1	701.05	4300000	0.00039
16587-40-9	772.4	3464000	0.000478
582-16-1	775	3230000	0.0006
1072-16-8	604	2130000	0.000575
21282-97-3	724.2	2257000	0.000621
124-68-5	619.8	3862000	0.000315
90-41-5	838	3933000	0.000594
929-06-6	735	5900000	0.0003392
78-76-2	567	4630000	0.00032
75-26-3	532	5510000	0.000266
78-92-2	535.9	4188000	0.00027
96-29-7	608.5	4204000	0.000303
111-76-2	633.9	3270000	0.0004236
115-84-4	732	2597000	0.000569
17890-53-8	818.7	2841000	0.000635
51655-57-3	681.5	1826000	0.000778
110-65-6	695	5860000	0.000256
2837-89-0	395.65	3660000	0.0002438
75-88-7	430	3840000	0.000238
359-10-4	400.55	4458000	0.000197
497-04-1	669.7	5065000	0.000283
107-07-3	585	5920000	0.000212
557-98-2	478	4710000	0.000234
930-68-7	684.2	4535000	0.000315
1502-22-3	792.8	2933000	0.000581
19089-47-5	592.3	3640000	0.000363
111-15-9	607.3	3166000	0.000453
88-09-5	655	3410000	0.000389
149-57-5	674.6	2778000	0.000528
97-95-0	591.2	3535000	0.000366
760-21-4	511	3300000	0.000343
104-76-7	640.4	2756000	0.000492
1632-16-2	569	2670000	0.000453
3404-71-5	543	2950000	0.000398
645-62-5	636	2640000	0.000461
1196-81-2	774	3526000	0.000464
123-05-7	619.2	2679000	0.000483
103-11-7	655	2070000	0.000664
5444-75-7	755.6	1868000	0.000824
2870-04-4	671	3020000	0.000482
939-27-5	771	3170000	0.00052
1758-88-9	663	2880000	0.000482
1551-32-2	657.8	3810000	0.000379
872-55-9	626.6	4409000	0.000328
119-67-5	772	3830000	0.000372
543-49-7	608.3	3000000	0.000447
110-43-0	611.4	2970000	0.000436
626-93-7	585.3	3311000	0.000385
591-78-6	587.1	3300000	0.000377
764-35-2	549	3530000	0.000331
923-26-2	663	3140000	0.000446
149-30-4	749	4000000	0.000406
1589-47-5	588.4	3940000	0.000305
109-86-4	597.6	5285000	0.000263
1195-14-8	768.7	3500000	0.00045
7786-29-0	638.3	2500000	0.000542
6165-55-5	788.6	3709000	0.000455
77-68-9	687.9	1757000	0.000776
2163-42-0	697	5350000	0.000292
137-32-6	575.4	3940000	0.000329
563-46-2	465	3447000	0.000292
78-80-8	492	4380000	0.000248
60435-70-3	608.5	2857000	0.00048
15870-10-7	567	2600000	0.000453
624-22-6	595	3030000	0.000432
6094-02-6	538	2870000	0.000398
2980-71-4	616	2190000	0.000553
4588-18-5	593	2380000	0.000508
105-30-6	604.4	3450000	0.00038
763-29-1	505	3190000	0.000343
78-83-1	547.8	4295000	0.000274
594-39-8	526	3660000	0.000367
75-85-4	543.7	3710000	0.000324
513-35-9	470	3420000	0.000292
623-36-9	605	3260000	0.000355
625-27-4	514	3160000	0.000363
75-65-0	506.2	3972000	0.000275
609-26-7	567.1	2700000	0.000442
4265-25-2	697	3640000	0.000407
96-17-3	543.2	3829000	0.000311
116-53-0	643	3890000	0.000347
6975-98-0	631.8	1982000	0.00067
22663-61-2	682.5	1826000	0.000776
1560-97-0	668	1717000	0.0008
16630-91-4	605.7	2682000	0.000482
592-27-8	559.7	2500000	0.000488
925-54-2	592	2850000	0.000439
591-76-4	530.4	2740000	0.000421
4536-23-6	666	3110000	0.000454
2177-47-1	711	3460000	0.000436
91-57-6	761	3500000	0.000465
871-83-0	610	2120000	0.000583
3221-61-2	582.87	2310000	0.000541
3004-93-1	694	2540000	0.000572
107-83-5	497.7	3040000	0.000368
78-84-2	519	4210000	0.000264
109-06-8	621	4600000	0.000335
96-47-9	537	3758000	0.000267
1795-09-1	628.4	4183000	0.000328
554-14-3	609	4910000	0.000275
1560-96-9	684.1	1604000	0.000867
7045-71-8	650.7	1842000	0.000735
79-46-9	594	4450000	0.000288
628-99-9	649.5	2541000	0.000577
821-55-6	651.9	2482000	0.00056
498-66-8	583	3930000	0.000337
1551-27-5	649.2	3897000	0.000381
123-96-6	629.8	2749000	0.000512
111-13-7	632.7	2709000	0.000497
2084-19-7	584.3	3536000	0.000385
6032-29-7	561	3700000	0.000326
107-87-9	561.19	3672000	0.000321
6196-58-3	641.2	3036000	0.000458
627-21-4	519	4030000	0.000276
1123-85-9	685	3490000	0.00044
617-94-7	660	3490000	0.00044
2039-93-2	666	3010000	0.000454
60-12-8	684	3920000	0.000387
16587-32-9	807.5	3156000	0.000582
616-45-5	802	6170000	0.000264
3268-49-3	650	4020000	0.000314
109-55-7	593.3	3586000	0.000369
919-31-3	672.1	1761000	0.000743
677-21-4	378.59	3609000	0.000211
7154-80-5	609.5	2320000	0.000577
1067-20-5	610.05	2675000	0.000473
558-37-2	480	3290000	0.000333
917-92-0	488.5	3675000	0.000319
75-97-8	570.9	3430000	0.000382
563-16-6	562	2650000	0.000443
562-49-2	536.4	2950000	0.000414
760-23-6	589	3850000	0.00033
95-76-1	800	4110000	0.000409
102-36-3	730.3	3409000	0.000441
583-48-2	568.8	2690000	0.000466
632-15-5	642.8	4189000	0.000341
95-65-8	729.95	5000000	0.00035
3055-14-9	681.4	2239000	0.000644
10410-35-2	713.7	3216000	0.000463
1964-45-0	784.8	3464000	0.000485
108-68-9	715.65	3600000	0.00048
156-87-6	649	5500000	0.000245
78-94-4	540	4403000	0.000242
608-23-1	685.1	3388000	0.000428
107-05-1	514.15	4710000	0.000234
10605-40-0	640.7	2599000	0.000518
2530-87-2	647.3	2134000	0.000611
3525-25-5	636.7	2546000	0.000537
3404-58-8	553.9	2604000	0.000453
4038-04-4	530	3030000	0.000398
55735-23-4	669	3260000	0.000424
31283-14-4	776.5	3526000	0.000477
57297-82-2	691.4	1622000	0.000884
15869-80-4	590	2390000	0.000528
619-99-8	565.5	2610000	0.000455
933-98-2	680	2880000	0.000507
617-78-7	540.6	2890000	0.000416
589-82-2	605.4	3073000	0.000434
106-35-4	606.6	2920000	0.000433
589-38-8	582.82	3320000	0.000378
928-49-4	544	3530000	0.000331
38433-80-6	615	4590000	0.000281
7331-52-4	830.6	5397000	0.000297
107-96-0	729	5020000	0.000281
51933-10-9	610	4102000	0.000321
37143-54-7	548	4090000	0.000333
110-67-8	638	3630000	0.000324
872-93-5	817	4240000	0.000353
598-25-4	490	3830000	0.000291
1115-08-8	497	3490000	0.000323
123-51-3	577.2	3930000	0.000329
563-45-1	452.7	3530000	0.000305
598-23-2	463.2	4200000	0.000275
3404-61-3	528	2950000	0.000398
589-35-5	588	3400000	0.00038
760-20-3	495	3290000	0.0003433
598-75-4	556.1	3870000	0.000327
565-61-7	574.7	3295000	0.000373
1067-08-9	576.5	2810000	0.000455
77-74-7	575.6	3520000	0.00038
590-86-3	543.2	3829000	0.000316
922-62-3	515	3290000	0.000343
1757-42-2	633.2	3896000	0.00034
1120-62-3	526	4130000	0.000303
13151-34-3	634.1	1989000	0.000668
17312-57-1	669	1719000	0.000798
589-81-1	563.6	2550000	0.000464
19269-28-4	595	2850000	0.000421
589-34-4	535.2	2810000	0.000404
5911-04-6	613	2160000	0.000583
2216-33-3	590.15	2340000	0.000529
96-14-0	504.6	3120000	0.000368
108-99-6	645	4660000	0.00032
616-44-4	613	4910000	0.000276
616-12-6	517	3190000	0.000343
6418-41-3	684.7	1606000	0.000864
1002-43-3	652.3	1847000	0.000732
98-46-4	667	2800000	0.00046
925-78-0	648.1	2453000	0.0005604
106-68-3	627.7	2704000	0.000497
584-02-1	559.6	3714000	0.000325
96-22-0	560.95	3740000	0.000336
122-97-4	694	3430000	0.00044
1137-99-1	871.4	2960000	0.000615
10220-23-2	669.8	3133000	0.000443
18970-30-4	813.6	1841000	0.000877
1821-27-8	926	2620000	0.00071
1100-10-3	946	2000000	0.000929
1207-12-1	939.4	2981000	0.000618
20207-13-0	706.9	2850000	0.000564
121-17-5	686	2740000	0.00049
615-60-1	689.1	3322000	0.000413
874-41-9	665	2880000	0.000482
934-80-5	667	2880000	0.00049
123-19-3	602	2920000	0.000434
99-93-4	860	4450000	0.000394
25714-71-0	599	4480000	0.000265
3006-96-0	814.4	4510000	0.00041
2628-17-3	736	4520000	0.000374
63444-56-4	735	2380000	0.000621
104-01-8	768	3900000	0.00047
7372-88-5	904.1	3378000	0.000565
13151-05-8	557.3	2604000	0.000453
3769-23-1	534	3040000	0.000398
38514-03-3	631.7	2484000	0.000538
691-37-2	496	3220000	0.000345
108-11-2	574.4	3470000	0.00038
691-38-3	499	3220000	0.000346
34885-03-5	647.6	3243000	0.000418
1759-81-5	527	4130000	0.000303
93-51-6	707.8	4056000	0.000402
589-53-7	561.7	2540000	0.000476
17301-94-9	610	2160000	0.000583
2216-34-4	587.65	2340000	0.000523
832-64-4	895.3	2721000	0.000641
108-89-4	646.15	4660000	0.000326
674-76-0	501	3220000	0.000346
4485-09-0	643.7	2453000	0.0005604
589-63-9	623.8	2704000	0.000497
67-47-0	794.9	4950000	0.000334
16219-75-3	629	3400000	0.0004081
934-74-7	655	2750000	0.000482
109-49-9	586.8	3413000	0.000342
620-02-0	687.8	4703000	0.000315
627-98-5	605	3030000	0.000432
3524-73-0	528	2870000	0.000398
110-12-3	604.1	2981000	0.000428
874-35-1	711.2	3522000	0.00044
15869-85-9	610	2160000	0.000583
502-56-7	640	2320000	0.00056
6047-69-4	702.6	2516000	0.000573
373-04-6	807.8	3456000	0.000482
4048-33-3	665	3440000	0.000436
1191-25-9	730	3580000	0.000435
5026-76-6	558	2600000	0.000453
38514-05-5	633.4	2484000	0.000538
13151-06-9	579	2380000	0.000508
148-24-3	788	4360000	0.000414
55505-26-5	676.7	2393000	0.000598
26741-24-2	619	2190000	0.000563
611-32-5	787	4300000	0.0004391
208-96-8	792	3200000	0.000544
83-32-9	803.15	3100000	0.000553
105-57-7	539.7	3220000	0.000402
75-07-0	466	5570000	0.000154
107-89-1	620	4590000	0.000278
107-29-9	568	6040000	0.000213
60-35-5	761	6600000	0.000215
103-90-2	736	4260000	0.000452
103-84-4	825	3730000	0.00043
64-19-7	591.95	5786000	0.000177
108-24-7	606	4000000	0.000304
102-01-2	879	3030000	0.000564
541-50-4	678.5	4697000	0.00029
513-86-0	607.4	4463000	0.000279
67-64-1	508.1	4700000	0.000213
75-86-5	620	4250000	0.000296
75-05-8	545.5	4850000	0.000193
98-86-2	709.6	4010000	0.000386
498-02-2	786	3650000	0.000467
13831-30-6	764	4320000	0.000311
75-36-5	508	5740000	0.000196
74-86-2	308.3	6138000	0.000112
50-78-2	765	3270000	0.000469
260-94-6	905	3640000	0.000543
107-02-8	506	5000000	0.000197
5809-59-6	639	4510000	0.000278
79-10-7	615	5660000	0.000208
107-13-1	540	4660000	0.000216
24615-84-7	729.5	3441000	0.000417
281-23-2	703	2920000	0.000485
124-04-9	841	3700000	0.000437
111-69-3	781	2830000	0.000406
1857-24-5	790	1610000	0.00103
132259-10-0	132.45	3774000	0.0000915
591-87-7	559	3680000	0.000323
999-55-3	575.5	3396000	0.000361
107-18-6	545.1	5620000	0.000208
557-40-4	550.6	3199000	0.000366
106-92-3	629	3680000	0.000366
96-05-9	600	3020000	0.000415
107-11-9	505	5170000	0.000247
869-29-4	639.1	2864000	0.000469
39972-78-6	563	2880000	0.000447
106-89-8	615	4900000	0.000233
13027-88-8	771.7	5342000	0.000318
594-61-6	664	4920000	0.000301
98-85-1	699	3770000	0.000391
7775-38-4	690	3230000	0.000449
98-83-9	654	3360000	0.000399
99-83-2	649	2820000	0.000489
80-56-8	644	2760000	0.000454
99-86-5	649	2800000	0.000489
98-55-5	675	2950000	0.000507
59-02-9	964.3	1080000	0.00172
540-61-4	638	5440000	0.000229
2432-74-8	697	3050000	0.000441
7664-41-7	405.65	11280000	0.0000725
12135-76-1	479	3154000	0.00024
104-46-1	723	2900000	0.000482
62-53-3	705	5630000	0.000293
100-66-3	645.6	4250000	0.000337
120-12-7	873	2900000	0.000554
84-65-1	900	3150000	0.00058
10025-91-9	794	4820000	0.00027
7440-37-1	150.86	4898000	0.0000746
7784-34-1	629	5260000	0.000258
7784-42-1	373	6550000	0.0000978
123-99-9	844	2720000	0.000574
100-52-7	695	4650000	0.000324
55-21-0	824	5050000	0.000346
71-43-2	562.05	4895000	0.000256
2459-10-1	821.7	2334000	0.000703
92-87-5	929	3300000	0.000596
205-99-2	1026	2186000	0.000804
65-85-0	751	4470000	0.000344
100-47-0	702.3	4215000	0.0003132
119-61-9	830	3352000	0.0005677
95-15-8	764	4760000	0.000379
98-07-7	737	3340000	0.000447
98-08-8	559.9	3210000	0.000356
98-88-4	697	4060000	0.000367
140-11-4	699	3180000	0.000449
100-51-6	720.15	4374000	0.000382
100-44-7	686	3910000	0.00036
98-87-3	731	3650000	0.000404
539-30-0	662	3110000	0.000442
104-57-4	698	3590000	0.000397
100-53-8	718	4060000	0.000367
100-46-9	684	4320000	0.000373
555-10-2	648	2820000	0.000487
127-91-3	643	2760000	0.000494
138-87-4	665.2	3012000	0.000503
279-23-2	594	3696000	0.000352
280-33-1	625	3420000	0.000405
92-51-3	727	2560000	0.000598
92-52-4	773	3380000	0.000497
2752-17-2	655.8	4421000	0.00039
93-96-9	770.6	1992000	0.000778
542-88-1	579	4580000	0.000258
1656-48-0	783	2830000	0.000377
1691-17-4	420.25	4228000	0.000223
371-78-8	376.75	3058000	0.000287
35112-74-4	736.2	1309000	0.00111
10294-33-4	573.15	4870000	0.000271
10294-34-5	451.95	3871000	0.0001483
7637-07-2	260.9	4990000	0.0001236
7726-95-6	584.15	10300000	0.000135
108-86-1	670.15	4519000	0.000324
353-59-3	426.15	4254000	0.000246
74-97-5	557	6470000	0.000204
1511-62-2	411.98	5132000	0.000167
74-96-4	503.8	5565000	0.000204
74-83-9	464	6929000	0.000152
75-62-7	606	4970000	0.000284
598-73-2	432	4480000	0.000239
75-63-8	340.15	3970000	0.0002
123-72-8	537.2	4410000	0.000258
111-34-2	536	3120000	0.000364
109-74-0	585.4	3880000	0.000291
79-92-5	638	2750000	0.000499
76-22-2	709	2990000	0.000505
463-72-9	517	7380000	0.000201
124-38-9	304.21	7383000	0.000094
75-15-0	552.49	7329000	0.000173
630-08-0	132.92	3499000	0.0000944
56-23-5	556.35	4560000	0.000276
75-73-0	227.51	3745000	0.000143
353-50-4	297	5760000	0.000141
463-58-1	378.8	6349000	0.0001351
7782-50-5	417.15	7710000	0.000124
7790-91-2	433.7	4578000	0.000161
107-20-0	555	5370000	0.000201
79-11-8	686	5780000	0.000221
79-04-9	581	5110000	0.000245
542-18-7	638	3827000	0.000365
75-45-6	369.3	4971000	0.000166
593-70-4	427	5620000	0.000154
67-66-3	536.4	5472000	0.000239
107-30-2	521	5030000	0.000214
76-15-3	353.15	3157000	0.000252
126-99-8	525	4260000	0.000273
79-38-9	379.15	4053000	0.000212
75-72-9	302	3870000	0.0001803
218-01-9	979	2390000	0.000749
140-10-3	797	3540000	0.000431
5194-50-3	538	3350000	0.000331
156-59-2	544	5190000	0.000224
2207-01-4	606.15	2938000	0.00046
1192-18-3	565.15	3445000	0.00037
10061-01-5	594.4	4704000	0.000275
638-04-0	591.15	2938000	0.00045
2532-58-3	551	3445000	0.00036
1574-41-0	499	3740000	0.000276
624-29-3	598.15	2938000	0.00046
565-48-0	694.8	2949000	0.000551
766-90-5	671	3360000	0.000407
590-18-1	435.5	4210000	0.000234
20348-51-0	621	2180000	0.00059
7206-26-0	663	1890000	0.000726
6443-92-1	543.7	2840000	0.000402
7688-21-3	511.4	3160000	0.000345
7443-70-1	614	3790000	0.000374
6434-77-1	598.1	2370000	0.000525
7642-04-8	572	2590000	0.000462
627-20-3	475	3640000	0.000292
768-00-3	685	3010000	0.00047
7642-10-6	545	2840000	0.000421
7642-09-3	509	3170000	0.000351
5454-79-5	625	3790000	0.000374
14850-22-7	569	2590000	0.000461
7731-28-4	622	3790000	0.000374
7642-15-1	568	2590000	0.000461
15798-64-8	554	4590000	0.000257
503-64-0	647	4700000	0.00027
1190-76-7	568	3880000	0.000265
493-01-6	703.6	3200000	0.00048
645-49-8	784	2740000	0.000596
498-23-7	829	4240000	0.00034
52458-04-5	643.9	3387000	0.000396
98-82-8	631	3209000	0.000434
460-19-5	400.15	5924000	0.000151
506-77-4	449	5990000	0.000163
287-23-0	459.93	4980000	0.00021
291-64-5	604.2	3820000	0.000353
628-92-2	598	4010000	0.000336
110-82-7	553.8	4080000	0.000308
2043-61-0	639.4	3579000	0.000379
108-93-0	650.1	4260000	0.000322
108-94-1	653	4000000	0.000311
100-64-1	715	4690000	0.000369
110-83-8	560.4	4350000	0.000291
622-45-7	648	3120000	0.000436
4351-54-6	645	3520000	0.000384
766-07-4	685	4210000	0.000356
3173-53-3	633	3470000	0.000408
1569-69-3	664	3970000	0.000355
108-91-8	615	4200000	0.00036
827-52-1	744	2880000	0.000529
292-64-8	647.2	3560000	0.00041
931-88-4	632	3680000	0.000387
542-92-7	507	5150000	0.000225
287-92-3	511.7	4510000	0.00026
120-92-3	624.5	4600000	0.000258
142-29-0	507	4800000	0.000245
1123-00-8	708	3620000	0.00041
1003-03-8	584	4640000	0.000308
75-19-4	398	5540000	0.000162
1759-53-1	671	5995000	0.000248
6228-73-5	779.1	5739000	0.000252
5500-21-0	621.9	4462000	0.000243
765-30-0	508.6	5748000	0.00019
355-25-9	386.35	2323000	0.000378
541-02-6	617.4	1035000	0.00123
141-62-8	599.4	1190000	0.0011
112-31-2	674	2600000	0.000575
1740-19-8	828	1750000	0.00098
1446-61-3	863	1700000	0.00102
7789-20-0	643.89	21671000	0.0000563
111-91-1	696.2	3066000	0.000465
111-44-4	666	3590000	0.000364
142-16-5	778.6	1068000	0.00134
106-20-7	702	1470000	0.000985
431-03-8	546.9	4384000	0.000263
999-21-3	693	2330000	0.000606
131-17-9	790.2	2096000	0.000759
592-88-1	653.53	3359000	0.000385
124-02-7	556	3320000	0.000392
927-49-1	678.5	2052000	0.000692
2050-92-2	639	2120000	0.000629
132-64-9	824	3640000	0.000495
132-65-0	897	3860000	0.000512
103-50-4	777	2560000	0.000634
19287-45-7	289.8	4053000	0.0001731
75-61-6	478	4070000	0.000249
74-95-3	611	7170000	0.000223
105-76-0	716	1900000	0.000719
109-43-3	768	1320000	0.00105
1962-75-0	787.2	1694000	0.000876
79-02-7	555	4950000	0.000239
79-43-6	686	5170000	0.000265
79-36-7	585	4610000	0.000283
1719-53-5	595.75	3060000	0.0004556
75-71-8	384.95	4125000	0.000217
75-43-4	451.58	5184000	0.000196
75-09-2	510	6080000	0.000185
4109-96-0	451.5	4599000	0.000237
461-58-5	834	5340000	0.000329
7133-46-2	802	2650000	0.000707
77-73-6	660	3060000	0.000445
111-42-2	736.6	4270000	0.000349
105-58-8	576	3390000	0.000356
110-81-6	642	3870000	0.000358
60-29-7	466.7	3640000	0.00028
141-05-9	680	2610000	0.000508
105-53-3	653	2780000	0.000469
84-66-2	776	2260000	0.000688
123-25-1	663	2530000	0.0005674
352-93-2	557.15	3960000	0.000318
96-10-6	723.15	3000000	0.000493
109-89-7	496.6	3710000	0.000301
111-46-6	744.6	4600000	0.000312
112-36-7	624	2370000	0.000558
111-96-6	608	2860000	0.000422
112-73-2	680	1760000	0.000803
112-15-2	680.2	2590000	0.000557
124-17-4	679	2060000	0.000682
6881-94-3	679.8	3002000	0.000489
111-40-0	709.8	4380000	0.000345
623-81-4	624	3770000	0.000373
75-10-5	351.26	5784000	0.000123
3822-68-2	354.49	3376000	0.000212
110-99-6	820	4420000	0.000331
110-33-8	767	1320000	0.00105
75-11-6	747	5470000	0.000272
628-55-7	562	2530000	0.000487
108-83-8	615	2480000	0.000522
84-69-5	762	1780000	0.000891
110-96-3	580	2570000	0.000524
28553-12-0	852.7	1084000	0.00153
27554-26-3	851	1180000	0.00142
544-02-5	664.4	2181000	0.000646
108-20-3	500.05	2880000	0.000386
565-80-0	576	3020000	0.000416
625-80-9	585.2	3225000	0.000415
108-18-9	523.1	3200000	0.000418
674-82-8	616	5960000	0.000234
19201-34-4	660	3480000	0.000436
2150-02-9	720	3690000	0.000378
616-38-6	548	4500000	0.000251
624-92-0	615	5360000	0.000252
115-10-6	400.1	5370000	0.00017
1119-40-0	682	2770000	0.000494
1459-93-4	766	2650000	0.0005678
624-48-6	675	3220000	0.000403
690-02-8	448.3	5268000	0.000193
131-11-3	772	2770000	0.000561
1111-74-6	402	3560000	0.000258
106-65-0	657	3280000	0.000424
75-18-3	503.04	5530000	0.000201
67-68-5	729	5650000	0.000227
120-61-6	777.4	2760000	0.000529
94-60-0	748.4	2513000	0.000609
840-65-3	883	2485000	0.000698
503-17-3	473.2	4870000	0.000221
1184-58-3	619	3620000	0.00032
124-40-3	437.2	5340000	0.00018
1066-35-9	472	3620000	0.000299
75-78-5	520.35	3490000	0.000358
1112-39-6	524	2660000	0.000441
108-01-0	571.82	4140000	0.0003
598-26-5	470.2	4235000	0.000258
108-59-8	622.4	4074000	0.000325
593-74-8	601	6610000	0.000213
629-45-8	711	2470000	0.000613
142-96-1	584.1	2460000	0.000487
84-74-2	797	1660000	0.000944
544-40-1	652	2579000	0.000518
598-04-9	767	2540000	0.000569
111-92-2	602.3	2570000	0.000512
84-77-5	870	940000	0.0017
3648-21-3	830	1240000	0.00132
112-58-3	658	1816000	0.000698
84-75-3	817	1340000	0.00119
84-76-4	858	1020000	0.00157
629-82-3	707	1440000	0.00091
4654-26-6	855	1160000	0.00144
1120-48-5	734	1260000	0.0010926
2456-27-1	736	1300000	0.00102
1323-65-5	902	1240000	0.00123
693-65-2	622	2090000	0.000593
629-19-6	675	3030000	0.000463
111-43-3	530.6	3028000	0.000382
131-16-8	784	1900000	0.000816
111-47-7	608	3080000	0.000412
598-03-8	763	3110000	0.000463
142-84-7	550	3140000	0.000402
3648-20-2	886	890000	0.00183
102-09-0	796.5	2618000	0.000624
882-33-7	829.8	3569000	0.000584
101-84-8	766.8	3080000	0.000503
501-65-5	832	2900000	0.000611
122-39-4	817	3180000	0.000539
80-10-4	814	2330000	0.000674
101-81-5	778	2923000	0.0005616
2432-63-5	691	2200000	0.000614
88917-22-0	647	2270000	0.000609
29911-28-2	647.1	2096000	0.000661
6863-58-7	559	2530000	0.000494
1590-87-0	432	5130000	0.000223
110-05-4	547	2480000	0.000508
110-06-5	689.7	3159000	0.000518
6163-66-2	550	2323000	0.000487
107-47-1	623.2	2591000	0.000518
109-93-3	463	4250000	0.00025
540-97-6	645.8	901000	0.00148
141-63-9	628.4	945000	0.0014
112-54-9	705.1	2320000	0.00067
693-23-2	847	2150000	0.000721
25990-60-7	955.7	5842000	0.000343
2652-13-3	707.2	575000	0.00244
112-86-7	809.9	1021000	0.00155
74-84-0	305.32	4872000	0.0001455
594-44-5	682	4740000	0.000304
64-17-5	514	6137000	0.000168
141-78-6	523.3	3880000	0.000286
141-97-9	642.9	3270000	0.00041
140-88-5	553	3680000	0.000323
93-89-0	698	3180000	0.000489
110-38-3	688.1	1788000	0.000776
106-32-1	649	2118000	0.000638
75-00-3	460.35	5270000	0.000192
541-41-3	508.15	4500000	0.000274
105-56-6	679	3340000	0.000358
353-36-6	375.31	5028000	0.000159
109-94-4	508.4	4740000	0.000229
3031-74-1	560	6581000	0.000191
75-03-6	554	4711000	0.000246
624-42-0	617	2727000	0.000483
627-02-1	519.2	3041000	0.000386
97-62-1	553.15	3040000	0.00041
625-54-7	489	3410000	0.000329
565-69-5	567	3320000	0.000369
108-64-5	587.95	2840000	0.000442
97-64-3	606.95	3740000	0.000354
106-33-2	716.3	1529000	0.000919
539-88-8	666.1	2924000	0.000467
544-35-4	777.8	1127000	0.00139
1191-41-9	779.8	1150000	0.00139
75-08-1	499.15	5490000	0.000207
97-63-2	577	3250000	0.000375
20333-39-5	628.9	4615000	0.000312
124-06-1	738.7	1323000	0.00107
105-54-4	571	2950000	0.000403
5756-43-4	583	2460000	0.000487
3698-94-0	700	2400000	0.0007009
26158-99-6	633.2	2797000	0.000465
111-62-6	772.1	1098000	0.00131
101-97-3	702.1	2853000	0.000517
3878-46-4	710.1	3049000	0.000491
105-37-3	546	3362000	0.000345
30453-31-7	660	3612000	0.000417
628-32-0	500.23	3370000	0.000339
4110-50-3	583.9	3446000	0.000374
111-61-5	777.9	1019000	0.00138
14290-92-7	588	3130000	0.000412
4151-69-3	659.9	3076000	0.000481
919-94-8	546	2740000	0.000452
625-60-5	590.55	4075000	0.000319
121-32-4	748	3270000	0.000467
109-92-2	475.15	4070000	0.000263
763-69-9	621	2660000	0.000458
107-00-6	440	4600000	0.000208
462-95-3	524	3280000	0.000349
75-04-7	456.15	5620000	0.000207
100-41-4	617.15	3609000	0.000374
3071-32-7	737	3790000	0.000416
105-39-5	618	3790000	0.000327
1678-91-7	609.15	3040000	0.00043
1640-89-7	569.5	3400000	0.000375
139-87-7	734.8	3694000	0.000427
74-85-1	282.34	5041000	0.000131
96-49-1	806	6770000	0.000193
107-21-1	719	8200000	0.000187
111-55-7	654.2	3067000	0.000434
2274-11-5	689	2700000	0.000518
628-96-6	654	4040000	0.000362
2807-30-9	615.2	3651000	0.000347
75-21-8	469.15	7190000	0.0001403
107-15-3	593	6290000	0.000264
151-56-4	537	6850000	0.000173
542-10-9	627	3140000	0.000416
15403-89-1	625	3060000	0.000437
17689-77-9	672.1	1689000	0.000735
115-21-9	559.95	3330000	0.000403
536-74-3	650	4280000	0.000332
97-53-0	740.6	2962000	0.000504
206-44-0	905	2610000	0.000655
86-73-7	826	3000000	0.000524
7782-41-4	144.12	5172000	0.0000665
462-06-6	560.09	4551000	0.000269
103-70-8	787	4110000	0.000382
110-17-8	771	4980000	0.000297
764-42-1	657	3730000	0.000287
110-00-9	490.15	5500000	0.000218
3238-40-2	894.5	4466000	0.00032
98-01-1	670.15	5660000	0.000252
98-00-0	632	5350000	0.000263
13450-90-3	694	3820000	0.000263
919-30-2	634.6	1911000	0.000799
96-48-0	731	5130000	0.000272
99-85-4	661	2800000	0.000489
108-29-2	727	4840000	0.000279
10038-98-9	550	3850000	0.000322
7783-58-6	352	4604000	0.000167
7782-65-2	308	5550000	0.00014
111-30-8	660	3590000	0.000347
110-94-1	840	4270000	0.000381
108-55-4	838	5800000	0.000275
544-13-8	782	3150000	0.000352
102-76-1	701.4	2333000	0.000624
141-46-8	609.3	6644000	0.000167
79-14-1	616	7310000	0.000177
90-05-1	697	4730000	0.000353
151-67-7	496	3920000	0.000296
375-03-1	437.7	2481000	0.000378
111-71-7	620	3160000	0.000434
118-74-1	825	2850000	0.000526
77-47-4	746	3010000	0.000526
14986-21-1	597.4	2676000	0.000519
67-72-1	695	3340000	0.000412
13465-77-5	599.7	2786000	0.000499
2471-08-1	751.3	470000	0.00327
556-68-3	689.2	692000	0.00198
541-01-5	671.8	677000	0.00199
604-88-6	746	1730000	0.000923
685-63-2	409.9	3131000	0.000286
684-16-2	357.14	2837000	0.000329
392-56-3	516.73	3273000	0.000335
76-16-4	293.03	3043000	0.000224
87-85-4	758	2770000	0.000593
541-05-9	554.2	1780000	0.000692
999-97-3	544	1920000	0.000613
107-46-0	519	1920000	0.000611
124-09-4	685	3590000	0.000442
111-49-9	624	4270000	0.000361
66-25-1	594	3460000	0.000378
628-73-9	633.8	3300000	0.000391
2691-41-0	1030	2500000	0.00065
109-78-4	692.3	4830000	0.000262
302-01-2	653.15	14700000	0.000158
122-66-7	939	3090000	0.000599
10035-10-6	363.15	8552000	0.0001
7647-01-0	324.65	8310000	0.000081
74-90-8	457	5400000	0.000135
10034-85-2	423.85	8310000	0.0001219
7722-84-1	730.15	21700000	0.0000777
7783-07-5	411.15	8920000	0.00012
7783-06-4	373.53	8963000	0.0000985
107-16-4	664	5930000	0.000195
6064-63-7	683	3640000	0.000402
15687-27-1	765	2980000	0.000668
288-32-4	844.8	10550000	0.000191
496-11-7	684.9	3950000	0.000396
95-13-6	687	3820000	0.000368
120-72-9	790	4300000	0.000431
7553-56-2	819.15	11654000	0.000155
591-50-4	721.15	4519000	0.000351
13463-40-6	559.65	3153000	0.0003996
75-28-5	407.8	3640000	0.000259
115-11-7	417.9	4000000	0.000239
110-19-0	560.8	3010000	0.000389
106-63-8	587	2950000	0.000433
513-36-0	528	3900000	0.0003
542-55-2	551.35	3881000	0.000352
97-85-8	601.89	2610000	0.000502
513-44-0	559	4060000	0.000307
97-86-9	612	2670000	0.000493
78-81-9	513.73	4215000	0.0003126
538-93-2	650	3050000	0.000478
1678-98-4	642.1	2585000	0.000519
558-43-0	626.3	5033000	0.000286
33021-02-2	558.3	2561000	0.000487
79-31-2	605	3700000	0.000292
97-72-3	631.5	2719000	0.000486
78-82-0	565	3760000	0.000278
78-78-4	460.4	3380000	0.000306
123-92-2	586.1	2760000	0.000442
106-27-4	618.83	2355000	0.00057
659-70-1	637	2200000	0.0006
78-59-1	707.6	3090000	0.000484
121-91-5	1007	3950000	0.000424
99-63-8	768	3330000	0.000471
5835-26-7	807.1	1648000	0.000998
78-79-5	484	3850000	0.000276
67-63-0	508.3	4765000	0.000222
108-21-4	532	3290000	0.000336
689-12-3	560	3310000	0.000376
1860-27-1	549	2740000	0.000435
75-29-6	489	4540000	0.000247
75-30-9	578	5120000	0.00029
78448-33-6	537	2790000	0.000435
75-33-2	517	4750000	0.000254
142-91-6	766.2	1090000	0.0013
75-31-0	471.85	4540000	0.000221
696-29-7	627	2850000	0.000464
3875-51-2	593	3040000	0.00042
119-65-3	803.15	5100000	0.000374
652-67-5	824.7	5133000	0.000347
503-74-2	629.09	3688000	0.0003116
288-14-2	590	6100000	0.0001909
97-65-4	821	4240000	0.00034
463-51-4	370	5810000	0.000144
7439-90-9	209.35	5502000	0.0000912
50-21-5	675	5960000	0.000251
78-97-7	643	5030000	0.000243
147-81-9	955.7	5842000	0.000343
498-07-7	905.7	4797000	0.000415
123-76-2	738	4020000	0.000343
56-86-0	782	4130000	0.00042
60-33-3	775	1410000	0.00099
463-40-1	780	1440000	0.00107
2216-51-5	658	2710000	0.000533
63-91-2	854	3470000	0.000506
56-87-1	821	3530000	0.000502
110-16-7	773	4990000	0.000297
108-31-6	721	7280000	0.000219
141-82-2	834	6100000	0.000279
118-71-8	748.5	4853000	0.00031
108-42-9	751	4590000	0.000364
618-46-2	724	3680000	0.000406
121-73-3	742	3980000	0.000432
108-43-0	729	5320000	0.00032
108-39-4	705.85	4560000	0.000312
535-77-3	649	2810000	0.000494
108-36-1	761	4660000	0.000372
541-73-1	683.95	4070000	0.000351
141-93-5	663	2880000	0.000488
99-62-7	684	2450000	0.0006
108-57-6	692	3120000	0.00044
108-78-1	1008	5858000	0.000304
7487-94-7	972	11521000	0.0001746
141-79-7	600	3410000	0.000355
108-67-8	637.3	3127000	0.000433
78-85-3	530	4250000	0.000255
126-98-7	554	3880000	0.000265
74-82-8	190.56	4599000	0.0000986
67-56-1	512.5	8084000	0.000117
625-45-6	691	4980000	0.000251
5878-19-3	584.1	4213000	0.000287
4454-05-1	599	3930000	0.000331
79-20-9	506.55	4750000	0.000228
96-33-3	536	4250000	0.00027
2110-78-3	585.1	3488000	0.000353
17860-39-8	589.3	2935000	0.000411
93-58-3	693	3590000	0.000436
111-11-5	650.7	2384000	0.000571
74-87-3	416.25	6680000	0.000141
96-34-4	600	4500000	0.00027
79-22-1	525	5360000	0.000221
993-00-0	442	4170000	0.000246
105-34-0	687	3810000	0.000305
110-42-9	686.9	1942000	0.000714
75-54-7	483	3950000	0.000289
105-59-9	741.9	4160000	0.000379
111-82-0	712	1650000	0.00085
1120-28-1	797.9	959000	0.00147
1120-34-9	806.2	938000	0.00162
540-67-0	437.8	4400000	0.000221
78-93-3	536.7	4207000	0.000267
624-89-5	533	4260000	0.000254
593-53-3	317.42	5875000	0.000113
107-31-3	487.2	6000000	0.000172
78-98-8	534.9	5505000	0.000209
3031-73-0	566.1	9244000	0.000139
74-88-4	528.2	6600000	0.000175
625-44-5	497	3410000	0.000329
108-10-1	574.6	3270000	0.000374
547-63-7	540.7	3432000	0.000339
624-83-9	488	5480000	0.000202
814-78-8	566	3890000	0.000302
598-53-8	464.48	3762000	0.000276
563-80-4	552.8	3800000	0.00031
1551-21-9	553.1	4021000	0.000328
547-64-8	607.3	4235000	0.000302
301-00-8	769.4	1329000	0.00114
74-93-1	469.95	7230000	0.000145
80-62-6	566	3680000	0.000323
124-10-7	741.2	1421000	0.000993
628-28-4	512.74	3371000	0.000329
628-29-5	593	3470000	0.00036
623-42-7	554.5	3473000	0.00034
163702-07-6	468.45	2230000	0.000454
628-80-8	546.49	3042000	0.00038
557-17-5	476.25	3801000	0.000276
3877-15-4	565	3970000	0.000307
112-62-9	777	1210000	0.00123
112-39-0	762.2	1235000	0.00115
1120-25-8	744.4	1415000	0.000956
99-75-2	718.4	3178000	0.000483
1741-83-9	611.9	3081000	0.000426
100-68-5	712.8	4206000	0.000392
554-12-1	530.6	4004000	0.000282
141-24-2	800.3	1184000	0.00125
6795-87-5	498	3410000	0.000329
992-94-9	352.5	4700000	0.000205
681-84-5	562.8	2873000	0.000445
112-61-8	781.1	1084000	0.00131
6163-64-0	570	3540000	0.00036
1634-04-4	497.1	3286000	0.000329
994-05-8	534	3040000	0.000386
13286-92-5	632	3130000	0.000435
75-79-6	517	3530000	0.00034
124-70-9	544.1	2940000	0.000409
107-25-5	437	4670000	0.00021
2935-90-2	644	3926000	0.000347
1571-08-0	759.5	3169000	0.000488
74-99-7	402.4	5630000	0.000164
109-87-5	480.6	3950000	0.000213
74-89-5	430.05	7460000	0.000154
108-87-2	572.1	3480000	0.000369
26519-91-5	541	4430000	0.000279
26472-00-4	675	2640000	0.000541
96-37-7	532.7	3790000	0.000319
594-11-6	440.5	4514000	0.000217
109-83-1	630	5220000	0.000253
993-10-2	595.4	3951000	0.000336
4553-62-2	742	2880000	0.000404
694-92-8	600	3440000	0.000377
620-17-7	716.45	4290000	0.000387
7525-62-4	670.7	2936000	0.000462
620-14-4	637.15	3150000	0.000427
4253-34-3	663.5	1649000	0.000698
100-80-1	657	3290000	0.000407
99-09-2	815	4420000	0.000406
108-90-7	632.35	4519000	0.000308
13465-78-6	399.2	5301000	0.000175
1679-64-7	797.8	3108000	0.000472
598-50-5	836.5	6353000	0.000271
111-03-5	856.9	1201000	0.00137
542-44-9	832.2	1340000	0.00123
1948-33-0	805.5	3765000	0.000511
110-91-8	618	5340000	0.000259
108-45-2	824	5180000	0.000377
92-06-8	883	2480000	0.000724
585-34-2	725.1	3339000	0.000471
587-03-1	681	3910000	0.000387
620-23-5	691	3670000	0.000376
99-04-7	754	3901000	0.000397
108-44-1	707	4280000	0.000333
108-38-3	617	3541000	0.000376
103-76-4	780	4937000	0.000369
4439-20-7	781.8	3804000	0.000442
122-96-3	825.3	3880000	0.000494
91-66-7	702	2850000	0.000556
3710-84-7	567	4130000	0.000331
616-39-7	506.1	3343000	0.000343
127-19-5	658	4030000	0.000321
121-69-7	687.15	3630000	0.000465
68-12-2	649.6	4420000	0.000262
927-62-8	538	2930000	0.000418
74-31-7	1017	2310000	0.000817
4062-60-6	625	2160000	0.000686
111-41-1	698	4460000	0.000328
140-31-8	710.7	3787000	0.000415
91-20-3	748.4	4050000	0.000407
106-97-8	425.12	3796000	0.000255
123-86-4	575.4	3090000	0.000389
141-32-2	598	2910000	0.000428
136-60-7	724	2590000	0.000555
109-69-3	539.2	3721000	0.000306
628-81-9	531	2990000	0.000382
592-84-7	559	3510000	0.000336
111-36-4	568	3440000	0.00036
109-79-5	570.1	3970000	0.000307
97-88-1	619	2630000	0.000481
109-21-7	616	2540000	0.000494
590-01-2	594.6	2800000	0.000442
123-95-5	764	1110000	0.00123
591-68-4	629	2330000	0.000547
109-73-9	531.9	4200000	0.00031
104-51-8	660.5	2890000	0.000497
1678-93-9	667	2570000	0.000534
2040-95-1	621	2720000	0.000483
4813-50-7	565	5210000	0.000294
107-92-6	615.7	4060000	0.000293
628-08-0	585.4	3314000	0.000379
124-18-5	617.7	2110000	0.000617
5451-52-5	672	1990000	0.000697
143-10-2	696	2130000	0.000624
2016-57-1	663	2180000	0.000629
104-72-3	753	1770000	0.000813
1795-16-0	751.25	1650000	0.000858
112-40-3	658	1820000	0.000755
143-07-7	743	1930000	0.000767
124-22-1	696	1880000	0.000735
123-01-3	780	1560000	0.000923
544-85-4	855	750000	0.00223
112-95-8	768	1160000	0.00134
471-77-2	812	1670000	0.000998
595-37-9	653	3410000	0.000389
7440-01-9	44.4	2653000	0.0000417
463-82-1	433.8	3196000	0.000307
18328-90-0	556	3180000	0.000405
103-69-5	698.55	3580000	0.000426
100-74-3	617	3683000	0.000375
629-94-7	778	1110000	0.00141
593-49-7	826	883000	0.00186
629-78-7	736	1340000	0.00111
506-12-7	792	1370000	0.00108
14752-75-1	826	1210000	0.0012
142-82-5	540.2	2740000	0.000428
111-14-8	677.3	3043000	0.000466
112-06-1	637	2330000	0.000547
112-23-2	628	2540000	0.000494
1639-09-4	645	2770000	0.000465
111-68-2	607	2850000	0.000471
1078-71-3	714	2180000	0.000648
630-01-3	819	910000	0.00178
544-76-3	723	1400000	0.00104
57-10-3	785	1490000	0.001015
1459-09-2	818	1270000	0.00114
110-54-3	507.6	3025000	0.000371
142-62-1	660.2	3308000	0.000408
630-06-8	874	680000	0.00254
142-92-7	618	2540000	0.000494
629-33-4	607	2800000	0.000442
111-31-9	623	3080000	0.000412
111-26-2	584	3180000	0.000418
1077-16-3	698	2380000	0.000593
59-67-6	760	4640000	0.000349
13463-39-3	452.55	3040000	0.00035
100-54-9	703	4120000	0.000344
10102-43-9	180.15	6480000	0.000058
98-95-3	719	4400000	0.000349
79-24-3	593	5160000	0.000236
7727-37-9	126.2	3400000	0.0000892
7783-54-2	234	4461000	0.0001187
75-52-5	588.15	6310000	0.000173
2696-92-6	440.65	9120000	0.000139
10024-97-2	309.57	7245000	0.0000974
872-50-4	721.6	4520000	0.00031
79-16-3	718	4980000	0.000267
100-61-8	701.55	5200000	0.000373
100-60-7	622	3490000	0.000393
123-39-7	721	5620000	0.000215
626-67-5	581.5	3660000	0.000356
96-54-8	610	4770000	0.000283
120-94-5	550	4200000	0.0003
1116-54-7	887.1	4836000	0.00037
62-75-9	661	4890000	0.000257
629-92-5	758	1210000	0.00126
111-84-2	594.6	2290000	0.000551
112-05-0	710.7	2514000	0.000584
143-13-5	661	1990000	0.000653
5451-92-3	656	2140000	0.000639
1455-21-6	681	2310000	0.000571
65185-89-9	914.6	995000	0.00148
112-20-9	648	2360000	0.000577
630-02-4	832	850000	0.00193
593-45-3	747	1270000	0.00119
4445-07-2	834	1160000	0.00125
111-65-9	568.7	2490000	0.000486
124-07-2	694.26	2779000	0.000523
112-14-1	652	2150000	0.0006
112-32-3	645	2330000	0.000547
111-88-6	667.3	2520000	0.000518
111-86-4	627	2580000	0.000524
2189-60-8	729	2020000	0.000703
124-19-6	658.5	2680000	0.000543
25154-52-3	770	2070000	0.000757
629-99-2	812	950000	0.00171
629-62-9	708	1480000	0.000969
1002-84-2	774	1570000	0.000952
2131-18-2	809	1330000	0.00109
109-66-0	469.7	3370000	0.000313
109-52-4	639.16	3630000	0.00035
14868-53-2	628.6	2775000	0.000531
628-63-7	599.9	2770000	0.000442
638-49-3	576	3125000	0.000389
110-66-7	598	3470000	0.000359
110-58-7	555	3580000	0.000365
538-68-1	679.9	2604000	0.00055
4292-92-6	669.2	2385000	0.000603
109-60-4	549.73	3360000	0.000345
925-60-0	569	3250000	0.000376
2315-68-6	710	2850000	0.000502
110-74-7	538	4020000	0.000285
107-08-4	586.3	4152000	0.000301
644-49-5	579.4	2840000	0.000442
107-03-9	536.6	4630000	0.000254
2210-28-8	599	2910000	0.000428
105-66-8	593.7	2720000	0.000442
106-36-5	568.6	3060000	0.000389
107-10-8	496.95	4740000	0.00026
103-65-1	638.35	3200000	0.00044
1678-92-8	639.15	2807000	0.000477
2040-96-2	596	3020000	0.000428
646-31-1	804	980000	0.00163
629-59-4	693	1570000	0.000897
544-63-8	763	1640000	0.00089
2016-42-4	722	1660000	0.00084
1459-10-5	800	1400000	0.00103
7783-29-1	570.6	3181000	0.000427
638-67-5	796	1020000	0.00156
629-50-5	675	1680000	0.000826
638-53-9	754	1790000	0.000828
123-02-4	790	1480000	0.000978
1120-21-4	639	1950000	0.000685
112-37-8	732	2090000	0.000705
6742-54-7	764	1672000	0.000868
90-04-0	736	4240000	0.000368
95-51-2	722	4590000	0.000364
118-91-2	792	4030000	0.000383
88-73-3	757	3980000	0.000432
95-57-8	675	5000000	0.000325
95-49-8	656	3910000	0.000354
95-48-7	697.55	5010000	0.000282
556-69-4	688.9	624000	0.002466
360-89-4	392	2330000	0.000347
115-25-3	388.37	2777000	0.0003248
76-19-7	345.05	2680000	0.000299
7403-22-7	799.5	3337000	0.000465
556-67-2	586.5	1317000	0.000984
107-51-7	564.4	1460000	0.000868
124-13-0	638.9	2960000	0.000488
527-84-4	657	2900000	0.00049
95-50-1	705	4070000	0.000351
135-01-3	668	2880000	0.000502
578-54-1	704	3740000	0.000426
90-00-6	703	4290000	0.000351
7564-63-8	666.7	2936000	0.000462
611-14-3	650	3290000	0.000427
112-80-1	781	1390000	0.001
611-15-4	659	3470000	0.000407
91-23-6	782	3760000	0.000422
119-75-5	835	2870000	0.000623
88-72-2	720	3800000	0.000441
95-54-5	781	5180000	0.000315
84-15-1	857	2990000	0.000731
88-18-6	703.6	3339000	0.000471
529-20-4	694	3670000	0.000386
118-90-1	751	3860000	0.000397
95-53-4	716.5	4700000	0.0003476
288-42-6	554	6320000	0.000237
7782-44-7	154.58	5043000	0.0000734
95-47-6	630.3	3763000	0.00037
10028-15-6	261	5570000	0.000089
536-50-5	695.9	3492000	0.000433
1945-53-5	789	1720000	0.000993
60-09-3	877	2900000	0.000642
92-67-1	867	3290000	0.000572
101-54-2	867	3190000	0.000596
123-63-7	579	3500000	0.000365
106-38-7	699	4370000	0.000379
106-47-8	754	4590000	0.000364
98-56-6	601	3010000	0.000399
100-00-5	751	3980000	0.000432
106-48-9	738	5320000	0.000325
106-43-4	660	3910000	0.00036
106-44-5	704.65	5150000	0.000277
599-64-4	834	2860000	0.000703
99-87-6	652	2800000	0.000497
106-46-7	684.75	4070000	0.000351
105-05-5	657.9	2803000	0.000497
100-18-5	689	2450000	0.000598
98-49-7	810	2490000	0.000669
100-10-7	832	3070000	0.000471
105-06-6	691.5	3077000	0.000462
76-01-7	665	3680000	0.000369
354-56-3	624	3340000	0.000382
605-01-6	731	1890000	0.000813
1191-87-3	769.8	1667000	0.000821
23778-52-1	776.6	1880000	0.00082
373-80-8	381.3	3371000	0.00029
354-33-6	339.17	3620000	0.0002113
22410-44-2	406.83	2887000	0.0003007
10493-43-3	401	2800000	0.000358
771-61-9	609	4000000	0.000341
700-12-9	719.15	2870000	0.000538
110-62-3	566.1	3845000	0.000313
7616-94-6	368.4	5370000	0.000161
375-22-4	530	2650000	0.000401
1805-22-7	451.44	2172000	0.000461
307-59-5	570.5	972000	0.00108
335-57-9	475.65	1610000	0.0006577
355-49-7	620.8	635000	0.0016
355-42-0	449.55	1802000	0.000563
375-96-2	523.9	1296000	0.000823
307-34-6	502.2	1478000	0.0007184
678-26-2	423.1	2047000	0.000461
123-07-9	716.45	4290000	0.000374
3454-07-7	674	2936000	0.000458
622-96-8	640.2	3230000	0.000427
85-01-8	869	2900000	0.000554
103-73-1	647.15	3420000	0.00039
108-95-2	694.25	6130000	0.000229
92-84-2	923	4001000	0.000541
103-71-9	653	4060000	0.00037
108-98-5	689	4740000	0.000315
140-29-4	732	3460000	0.000391
100-63-0	761	4910000	0.000418
149-74-6	689	2870000	0.000508
98-13-5	688	2960000	0.000499
75-44-5	455	5674000	0.00019
7803-51-2	324.75	6540000	0.000113
7647-19-0	295.7	3715000	0.000185
7719-12-2	563.15	5670000	0.00026
7783-55-3	271.1	4327000	0.0001485
496-14-0	700	4285000	0.0003562
88-99-3	800	3950000	0.000424
87-41-2	830.9	5095000	0.000375
123-31-9	838.8	5891000	0.000291
123-08-0	844	4990000	0.000361
127-27-5	807.1	1648000	0.000998
111-16-0	842	3280000	0.000484
110-85-0	638	5530000	0.00031
110-89-4	594.05	4651000	0.000308
4286-23-1	742.7	3936000	0.000369
80-47-7	711	2950000	0.000553
622-97-9	665	3360000	0.000431
100-01-6	851	4420000	0.000406
99-99-0	743	3207000	0.000441
156-43-4	754	3570000	0.000446
106-50-3	796	5180000	0.000317
463-49-0	394	5250000	0.000165
123-38-6	503.6	5038000	0.000204
74-98-6	369.83	4248000	0.0002
107-19-7	588.8	6190000	0.00019
624-65-7	541	5300000	0.000211
13511-13-2	636	3120000	0.000437
79-09-4	600.81	4668000	0.000235
123-62-6	623	3270000	0.000396
107-12-0	561.3	4260000	0.000242
540-54-5	503.15	4425000	0.000243
115-07-1	364.85	4600000	0.000185
57018-52-7	600.7	2720000	0.000469
94023-15-1	600.6	2720000	0.000469
871518-84-2	719	2479000	0.000595
54839-24-6	613	2760000	0.000462
21460-36-6	616.6	3376000	0.00039
107-98-2	579.8	4113000	0.000284
108-65-6	597.9	3009000	0.000421
5131-66-8	624.9	2739000	0.000457
1569-01-3	605.1	3051000	0.000417
75-55-8	539.9	5479000	0.000211
92-94-4	908	2990000	0.000729
80-46-6	752	2980000	0.000546
7364-19-4	684	2380000	0.000605
98-29-3	776	3770000	0.000511
98-54-4	734	3340000	0.000493
1746-23-2	709	2480000	0.000594
140-66-9	765	2280000	0.000704
104-87-0	715.8	3922000	0.000385
99-94-5	775	3800000	0.000394
106-49-0	718	4302000	0.000352
106-42-3	616.2	3531000	0.000379
290-37-9	626	5490000	0.000274
288-13-1	734	6600000	0.000235
129-00-0	936	2610000	0.00066
289-80-5	774	5490000	0.000274
110-86-1	619.95	5630000	0.000254
289-95-2	638	5490000	0.000274
109-97-7	639.75	6530000	0.00023
123-75-1	568.55	5610000	0.000249
1166-18-3	989.3	1906000	0.00101
91-63-4	769	3350000	0.00049
91-22-5	782.15	4860000	0.000371
106-51-4	683	5960000	0.000291
10043-92-2	377.5	6280000	0.0001376
121-82-4	895.2	4160000	0.000498
81-07-2	968	5725000	0.0005
69-72-7	739	5180000	0.000326
118-55-8	804.9	2646000	0.000617
6737-11-7	563.5	3307000	0.000374
105-46-4	561	3170000	0.000389
2998-08-5	580	2970000	0.000429
78-86-4	520.6	3900000	0.0003
589-40-2	546	3580000	0.000336
513-53-1	554	4060000	0.000307
13952-84-6	514.3	4000000	0.00031
135-98-8	664.54	2950000	0.000497
7058-01-7	654	2585000	0.000515
32970-45-9	559.4	2561000	0.000487
7803-62-5	269.7	4840000	0.0001327
83-46-5	953	1120000	0.00146
83-48-7	953.6	1138000	0.00144
100-42-5	636	3840000	0.000352
93-56-1	776.4	3924000	0.000408
505-48-6	843	2970000	0.000529
108-30-5	811	6730000	0.000223
123-56-8	858	5970000	0.000271
57-50-1	1086	2690000	0.000761
126-33-0	853	5030000	0.0003
7446-09-5	430.75	7884000	0.000122
2551-62-4	318.69	3760000	0.0001985
7446-11-9	490.85	8210000	0.000127
7791-25-5	545	4610000	0.000234
134-96-3	809	3829000	0.000454
91-10-1	752.2	3785000	0.000425
1694-31-1	636.5	2773000	0.000501
75-91-2	552	4340000	0.00029
623-27-8	739	3670000	0.000383
100-21-0	883.6	3486000	0.000424
100-20-9	755.4	3820000	0.000471
586-62-9	667	2820000	0.000493
540-88-5	545	3170000	0.000389
507-20-0	507	3900000	0.0003
637-92-3	509.4	2934000	0.000394
762-75-4	537	3580000	0.000334
75-66-1	530	4060000	0.000307
585-07-9	588.3	2727000	0.000481
75-64-9	483.9	3840000	0.000293
98-06-6	660	2970000	0.000492
3178-22-1	652	2660000	0.00051
2425-74-3	692	3560000	0.000383
25103-58-6	691	1860000	0.000771
25360-10-5	659	2340000	0.00058
141-59-3	627	2590000	0.000529
127-18-4	620	4490000	0.000248
10026-04-7	507	3590000	0.000326
107-52-8	653.2	804000	0.00168
821-38-5	849	1900000	0.000815
78-00-2	655	2125000	0.0006361
631-36-7	606	2400000	0.000587
112-60-7	795	2590000	0.000564
143-24-8	705	1940000	0.000674
5650-20-4	732	2360000	0.000678
23783-42-8	720	2601000	0.000612
112-57-2	774	2530000	0.000636
116-14-3	306.45	3944000	0.000172
10036-47-2	309.35	3710000	0.000213
109-99-9	540.15	5190000	0.000224
97-99-4	639	4660000	0.00029
142-68-7	572.04	4771000	0.0002627
110-01-0	631.95	5160000	0.000249
110-18-9	569	2820000	0.000443
75-76-3	450.4	2814000	0.000357
509-14-8	540	2680000	0.000439
632-51-9	996	1710000	0.00102
630-76-2	983	1790000	0.000966
479-45-8	828	2610000	0.000665
420-12-2	547	6780000	0.000167
4565-32-6	759.8	3707000	0.000413
68-11-1	733	6100000	0.000239
7719-09-7	567	4430000	0.000208
110-02-1	579.35	5690000	0.000219
62-56-6	854	8230000	0.000248
89-83-8	698.25	3408000	0.000436
7646-78-8	591.85	3744000	0.000351
7550-45-0	638	4661000	0.00034
108-88-3	591.75	4108000	0.000316
5194-51-4	535	3350000	0.000331
156-60-5	516.5	5510000	0.000224
6876-23-9	596.15	2938000	0.00046
822-50-4	553.15	3445000	0.00036
29118-24-9	382.51	3662000	0.000235
10061-02-6	606.5	4704000	0.000278
2207-03-6	598	2938000	0.00046
1759-58-6	553	3445000	0.00036
20237-34-7	521.1	3354000	0.000331
2004-70-8	500	3740000	0.000276
13990-93-7	649.9	2817000	0.000527
2207-04-7	587.7	2940000	0.00045
565-50-4	702.7	2949000	0.000551
873-66-5	670	3360000	0.000407
27656-49-1	637.8	1964000	0.000667
103554-13-8	777.2	1814000	0.000816
624-64-6	428.6	4100000	0.000238
20063-97-2	619	2180000	0.00059
7206-13-5	663	1890000	0.000726
14686-13-6	543.1	2850000	0.000402
4050-45-7	509.8	3168000	0.000345
926-54-5	530.3	3380000	0.000336
7443-52-9	617	3790000	0.000374
6434-78-2	597.1	2370000	0.000525
13389-42-9	571.6	2589000	0.000462
74392-36-2	701.6	1567000	0.000937
646-04-8	474.2	3660000	0.000293
767-99-7	654	3010000	0.000464
21956-56-9	885	2160000	0.000721
14686-14-7	540	2850000	0.000406
13269-52-8	509	3170000	0.000351
7443-55-2	627	3790000	0.000374
14919-01-8	574	2580000	0.00048
7731-29-5	622	3790000	0.000374
14850-23-8	573	2580000	0.00048
107-93-7	666	4700000	0.00027
627-26-9	586	3880000	0.000282
493-02-7	687	3200000	0.00048
103-30-0	820	2740000	0.000607
102-70-5	592	2460000	0.000521
621-77-2	660	1500000	0.000893
75-25-2	696	6090000	0.000286
621-71-6	876.6	455000	0.00282
538-23-8	850.7	593000	0.00221
75-87-6	565	4410000	0.000288
76-03-9	688	4810000	0.000309
76-02-8	604	4320000	0.0003408
79-01-6	571	4910000	0.000256
75-69-4	471.2	4408000	0.000248
10025-78-2	479	4170000	0.000268
375-85-9	583	2075000	0.00061
10486-19-8	720	2238000	0.00071
97-93-8	678.15	8930000	0.00023
122-52-1	664.4	5377000	0.000391
1115-99-7	581.2	2500000	0.000468
122-51-0	585	2676000	0.000484
121-44-8	535.15	3040000	0.00039
94-28-0	820.7	1094000	0.001301
112-49-2	651	2310000	0.000548
280-57-9	655	3910000	0.000382
112-24-3	718	3170000	0.000482
76-05-1	491.25	3258000	0.000204
2314-97-8	396.44	3953000	0.0002253
75-46-7	299.01	4816000	0.000132
1187-93-5	363	3110000	0.000289
100-99-2	690.1	1759000	0.000822
121-43-7	501.7	3587000	0.000249
993-07-7	432	3190000	0.000311
1066-40-6	526.5	3809000	0.000326
75-24-1	620	4000000	0.000271
75-50-3	433.25	4070000	0.000254
75-77-4	497.75	3200000	0.000366
287-27-4	602	5860000	0.000218
1445-79-0	510	4040000	0.000211
77-99-6	708.6	3909000	0.000381
688-74-4	743.15	1989000	0.0008633
126-73-8	716.7	1523000	0.000927
102-82-9	644	1800000	0.000735
1116-76-3	782	1010000	0.00137
110-88-3	604	5820000	0.000224
217-59-4	990.8	2870000	0.000689
58-72-0	908	2100000	0.00086
519-73-3	865	2200000	0.000753
102-69-2	577.5	2230000	0.000576
75899-69-3	664	2020000	0.000704
25498-49-1	657	2180000	0.000652
1067-53-4	723.9	1779000	0.00087
7783-26-8	495.9	3667000	0.00033
112-44-7	690	2393000	0.000636
5332-52-5	710	1980000	0.000676
7307-55-3	682	2020000	0.000682
110-59-8	610.3	3580000	0.000342
7727-18-6	636	3740000	0.00029
7632-51-1	697	6030000	0.000268
121-34-6	825.1	3798000	0.00045
121-33-5	777	4010000	0.000415
108-05-4	519.13	3958000	0.00027
75-01-4	432	5670000	0.000179
75-02-5	327.8	5240000	0.000144
692-45-5	498	5020000	0.000217
3377-92-2	556	2950000	0.000423
105-38-4	546	3680000	0.000323
109-75-1	584	3880000	0.000259
689-97-4	454	4860000	0.000205
695-12-5	599.4	3270000	0.000407
4427-96-7	759.1	4800000	0.000285
3048-64-4	626	3210000	0.000427
75-94-5	543.15	3060000	0.000408
2768-02-7	553.7	2685000	0.000439
7732-18-5	647.1	22064000	0.0000559
7440-63-3	289.74	5840000	0.000118
