CAS	Name	A	B	C	Tmin	Tmax
50-29-3	2,2-Bis(4-chlorophenyl)-1,1,1-trichloroethane, p,p'-DDT	29.899113484229545	10344.335899254636	-37.012	293.0	354.0
50-32-8	Benzo[a]pyrene	33.63316967783613	14232.278459796198	0.0	358.0	431.0
50-36-2	Cocaine	34.87265123339482	13548.410687176965	0.0	294.0	314.0
51-17-2	Benzimidazole	33.54866480492325	12242.844939449342	0.0	323.0	340.0
51-28-5	2,4-Dinitrophenol	36.97189503682657	12556.259006797132	-0.399	293.0	333.0
51-35-4	L-4-Hydroxyproline	40.63187706799153	19565.1346127232	0.0	456.0	482.0
51-79-6	Ethyl carbamate	28.673539542632533	6566.9634748786475	-43.194	255.0	272.0
52-52-8	Cycloleucine	27.04662501932666	14072.40997678962	0.0	443.0	468.0
53-70-3	Dibenzo[a,h]-anthracene	36.604678766195875	16797.94771517537	-1.747	433.0	460.0
55-21-0	Benzamide	33.83849119057841	11654.902861804241	0.0	325.0	342.0
56-04-2	4-Hydroxy-2-mercapto-6-methyl pyrimidine	27.431386988365965	9372.589727968916	1.819	293.0	313.0
56-23-5	Tetrachloromethane	17.612703634820754	1643.1247223605512	-95.25	226.0	249.0
56-40-6	Aminoacetic acid	38.133388035285556	16350.401158405399	-0.221	405.0	472.0
56-41-7	Alanine	34.10213718372623	13300.196619322394	-34.143	400.0	469.0
56-49-5	3-Methylcholanthrene	35.21343382715794	15296.072772759448	0.0	401.0	425.0
56-55-3	Benz[a]anthracene	24.279355228715488	7273.184743580665	-97.131	333.0	423.0
57-13-6	Urea	31.70682698903731	11082.065742369185	-13.15	333.0	401.0
57-56-7	Semicarbazide	35.127317144679964	12512.270421180576	-10.15	337.0	364.0
57-97-6	7,12-Dimethylbenz-[a]anthracene,(9,10-Dimethyl-1,2-benzanthracene)	38.38975785953951	15716.177120391118	0.0	379.0	396.0
58-08-2	Caffeine	14.925057236725316	3299.8439071101393	-172.375	349.0	356.0
58-89-9	γ-Hexachloro-cyclohexane	35.241387210186886	12162.339656842993	4.107	318.0	386.0
59-31-4	2-Hydroxyquinoline	35.50457268631611	13852.011136858417	0.0	373.0	391.0
60-09-3	4-Amino-azobenzene	34.905992665541376	13029.787933756454	0.0	356.0	398.0
60-11-7	4-(Dimethylamino)-azobenzene	37.46681267671471	14161.941392960509	0.0	346.0	381.0
60-35-5	Acetamide	32.17102814378491	9325.699885135185	0.0	298.0	349.0
60-57-1	Dieldrin	24.5446130314284	7601.75212342545	-58.609	308.0	348.0
61-90-5	L-Leucine	27.06230562380995	11220.35439788422	0.0	446.0	464.0
62-44-2	N-(4-ethoxyphenyl)-acetamide	37.32513461594279	13898.610853970431	0.0	312.0	388.0
62-56-6	Thiourea	32.72765506416529	12998.488894587383	2.629	368.0	395.0
62-57-7	2-Aminoisobutyric acid	38.1022801106792	16067.917716611793	-0.986	399.0	422.0
63-68-3	L-Methionine	33.51684307893807	15685.858982471666	0.0	463.0	486.0
63-91-2	L-Phenylalanine	42.24092353097577	18512.78414767213	0.0	451.0	469.0
64-10-8	Phenylurea	35.71862099656084	15988.989704794145	-10.15	363.0	419.0
64-18-6	Methanoic acid	32.08974689000222	6445.165933799633	-16.35	236.0	276.0
64-19-7	Ethanoic acid	32.3305972907294	6785.234726183924	-20.44	238.0	287.0
65-71-4	5-Methyluracil	36.37640048007644	16171.82186893315	0.276	420.0	503.0
65-85-0	Benzoic acid	42.8877196835978	16738.801211891634	72.947	293.0	313.0
66-22-8	Uracil	34.838112456999916	15710.538089498375	0.0	452.0	587.0
66-56-8	2,3-Dinitrophenol	33.78921586958833	11858.131324696991	-0.681	303.0	343.0
67-52-7	Barbituric acid	35.16507954020507	14350.976721340041	-7.15	386.0	510.0
67-72-1	Hexachloroethane	24.000074682786238	5400.7133356175345	-24.85	354.0	460.0
69-72-7	2-Hydroxybenzoic acid	33.88405934956876	10935.883825155364	-9.149	368.0	408.0
71-30-7	Cytosine	35.644017239547836	17722.997460775172	0.0	480.0	553.0
71-43-2	Benzene	26.995300397603824	4853.503988267499	-16.45	210.0	276.0
72-18-4	L-Norvaline	46.306436848718846	19564.85830251204	0.0	438.0	456.0
72-48-0	1,2-Dihydroxy-anthraquinone	29.906596885781777	11917.222565938495	-42.394	404.0	504.0
73-24-5	Adenine	28.926985083818387	13136.549594178216	0.0	448.0	473.0
73-32-5	L-Isoleucine	26.914456634988802	13930.409554104677	0.0	442.0	461.0
74-82-8	Methane	21.459448342878467	1039.939531399831	-4.66	58.0	89.0
74-84-0	Ethane	26.7993273803391	2324.689909886789	-3.15	81.0	89.0
74-86-2	Ethyne	25.522152506808094	2645.601194297369	-0.31	148.0	190.0
74-90-8	Hydrogen cyanide	26.589032283795955	4358.950156824052	0.309	237.0	256.0
75-22-9	Trimethylamine-borane(3)-complex(1:1)	28.32018483426167	7203.867721941172	7.75	296.0	367.0
75-46-7	Trifluoromethane	30.3964258126144	3082.470663991129	0.0	55.0	118.0
75-47-8	Triiodomethane	28.639691541765522	8957.274757330673	9.771	308.0	365.0
75-73-0	Tetrafluoromethane	21.13374768147446	1220.1329330222661	-15.41	76.0	89.0
76-11-9	1,2,2,2-Tetrachloro-1,1-difluoroethane	21.087281514297842	3180.9199922271823	-33.072	260.0	313.0
76-12-0	1,1,2,2-Tetrachloro-1,2difluoroethane	23.007683533556737	4188.381560890332	0.0	258.0	299.0
76-16-4	Hexafluoroethane	15.050386943336981	409.07726762132216	-91.53	146.0	171.0
76-84-6	Triphenylmethanol	33.8364879415475	14668.848593427869	0.0	353.0	373.0
78-11-5	2,2-Bis(hydroxy-methyl)-1,3-propanediol tetranitrate	45.71782702139678	17845.034470703857	0.0	370.0	411.0
79-05-0	Propanamide	32.61819016884435	9530.169441393056	0.0	318.0	346.0
79-06-1	Acryl amide	38.673620549803815	13642.452867545027	52.895	300.0	358.0
79-16-3	N-Methylacetamide	25.015284450287314	6500.197717522192	0.0	288.0	301.0
79-28-7	Tetrabromoethylene	28.84144404761366	6539.47981920867	28.082	220.0	310.0
79-40-3	Dithiooxamide	34.05375987092242	12615.288078241128	-0.381	348.0	370.0
80-62-6	Methyl metacrylate	35.84491778891156	7530.954539571162	2.384	194.0	224.0
81-14-1	3',5'-dinitro-2',6'-dimethyl-4'-tert-butylacetophenone	35.32372765311236	12970.461828835461	0.0	323.0	354.0
81-15-2	2,4,6-Trinitro-3,5-dimethyl-1-(1,1-dimethylethyl)-benzene	33.930663671850965	12077.05881275377	0.0	312.0	348.0
81-31-2	Violanthrene	35.01080633897447	23624.523054118912	0.0	560.0	730.0
81-60-7	1,4,5,8-Tetrahydroxy-anthraquinone	38.09857294867948	18227.263596140867	0.0	403.0	473.0
81-64-1	1,4-Dihydroxy-anthraquinone	34.48160320705165	13213.218770019637	-16.8	333.0	463.0
82-05-3	7H-Benz[de]-anthracene-7-one	35.82131629170837	13884.588110754097	0.0	385.0	405.0
82-28-0	1-Amino-2-methyl anthraquinone	35.81516838951008	14989.999346688119	0.0	358.0	388.0
82-34-8	1-Nitro-anthraquinone	38.62973327793135	16567.41289566481	0.0	407.0	440.0
82-38-2	1-Methylamino-anthraquinone	36.643108911397945	14913.843647322436	0.0	384.0	389.0
82-39-3	1-Methoxy-anthraquinone	36.09302133268167	15397.386516851186	0.0	443.0	450.0
82-45-1	1-Amino-anthraquinone	29.349463396680935	9712.260173132117	-90.347	413.0	522.0
82-71-3	2,4,6-Trinitro-1,3-benzendiol	27.70009866871837	14508.588670955483	0.0	325.0	435.0
83-32-9	Acenaphthene	28.100817552452124	7083.428706067025	-56.06	338.0	367.0
83-34-1	3-Methylindole	29.861166881897006	8243.922382595652	-28.735	288.0	334.0
83-66-9	6-tert-Butyl-3-methyl-2,4-dinitroanisole	35.839506713943024	12369.487119564015	0.0	303.0	346.0
83-73-8	5,7-Diiodo-8-quinolinol	32.22467837645167	13331.967688435525	0.0	323.0	383.0
84-11-7	Phenanthrenquinone	37.98114110893678	15876.324216193947	0.0	353.0	413.0
84-15-1	o-Terphenyl	22.621194625697683	7666.358055964677	0.0	325.0	333.0
84-60-6	2,6-Dihydroxy-anthraquinone	38.83309759334458	20895.959718920967	0.0	463.0	533.0
84-65-1	9,10-Anthraquinone	31.453749861466335	12165.25933474091	-4.722	450.0	558.0
85-01-8	Phenanthrene	33.68912249559588	11221.418192197183	0.05	306.0	321.0
85-02-9	5,6-Benzoquinoline	28.73566328844151	10063.171838719318	0.0	288.0	324.0
85-19-8	(5-Chloro-2-hydroxyphenyl)phenylmethanone	30.428662003916315	11052.40844637142	0.0	293.0	367.0
85-41-6	Phthalimide	27.950850185345423	9960.983112292242	0.0	378.0	418.0
85-44-9	Phthalic anhydride	32.40757271038819	10207.617606773021	-6.887	313.0	395.0
86-28-2	N-Ethylcarbazole	34.953863409624724	11826.848403623573	0.0	310.0	329.0
86-55-5	1-Naphthoic acid	42.27318274812862	13084.937149318754	0.0	340.0	361.0
86-57-7	1-Nitronaphthalene	26.276203073061783	8320.434982650751	0.0	309.0	327.0
86-73-7	Fluorene	19.18504689142267	3562.9672134418474	-133.083	307.0	348.0
86-74-8	Carbazole	16.15362453894322	5282.436447145709	0.0	378.0	434.0
87-18-3	Salicylic acid 4-tert-butylphenyl ester	48.13554136904053	16532.56096769725	0.0	293.0	336.0
87-61-6	1,2,3-Trichlorobenzene	29.442925325605565	7921.353236918117	0.05	286.0	304.0
87-66-1	1,2,3-Trihydroxybenzene	25.459844554191672	5091.812335052012	-124.649	377.0	398.0
87-85-4	Hexamethylbenzene	28.368700302171053	7714.049198410769	-42.816	303.0	343.0
87-86-5	Pentachlorophenol	32.73064842478618	11605.770301089935	0.0	319.0	393.0
87-87-6	Tetrachlorohydro-quinone	28.17157599235983	10732.671480358267	0.0	298.0	358.0
88-74-4	2-Nitroaniline	32.531659021049634	10902.300621574046	-0.661	313.0	342.0
88-75-5	2-Nitrophenol	36.83454583602947	10240.371879720862	0.0	288.0	318.0
88-88-0	2ClN3O6 1-Chloro-2,4,6-trinitro benzene	12.616715680998784	1805.1691482800072	-217.609	341.0	362.0
88-89-1	2,4,6-Trinitrophenol	33.15722533911426	12636.586990351323	0.0	314.0	407.0
89-64-5	4ClNO3 4-Chloro-2-nitrophenol	33.331531030653906	9760.65820920176	0.0	328.0	354.0
89-83-8	p-Cymen-3-ol	27.3218990671941	5593.38905102909	-87.27	273.0	323.0
90-15-3	1-Naphthol	31.55190906398067	10144.674140670935	0.0	314.0	323.0
90-30-2	N-Phenyl-1-naphthylamine	32.45445334288155	11815.540408231878	0.0	313.0	329.0
90-43-7	2-Phenylphenol	18.761302156758973	5583.646813500633	-76.088	292.0	314.0
91-20-3	Naphthalene	26.95387689178086	6032.56571098603	-52.5	310.0	353.0
91-52-1	2,4-Dimethoxy-benzoic acid dimethyl ester	55.57883188895122	28515.513127700353	143.347	346.0	367.0
91-59-8	2-Naphthalenamine	26.447262119620312	8885.675873864024	0.0	283.0	323.0
91-64-5	1,2-Benzopyrone	32.409552933568165	10331.64174763696	0.0	293.0	325.0
92-06-8	m-Terphenyl	39.61583836985698	14411.230768053509	1.215	313.0	363.0
92-24-0	Naphthacene	34.04544753873671	15759.403550341895	12.967	420.0	450.0
92-43-3	1-Phenyl-3-pyrazolidinone	28.015621904011347	10138.839390045288	0.0	327.0	349.0
92-44-4	2,3-Dihydroxy-naphthalene	38.86931725685738	15379.578323741967	28.36	340.0	358.0
92-52-4	1,1-Biphenyle	33.47159728186074	9870.843813656806	-0.985	280.0	334.0
92-55-7	5-Nitro-2-furaldiacetate	43.11590586631351	15201.206266928093	0.0	288.0	318.0
92-69-3	4-Phenylphenol	32.624982794868686	11659.185670077211	0.0	327.0	348.0
92-84-2	Phenothiazine	27.582482622168236	10841.107120142637	0.0	336.0	395.0
92-85-3	Thianthrene	30.79813480793814	10267.109497820707	-27.837	358.0	427.0
92-94-4	p-Terphenyl	33.63881101131396	12713.32754633063	-21.932	333.0	433.0
93-07-2	3,4-Dimethoxy-benzoic acid dimethyl ester	26.348918710298534	7000.049797264618	-118.334	359.0	378.0
93-08-3	2-Acetyl-naphthalene	32.776492893987694	10537.11062582519	0.0	295.0	316.0
93-09-4	2-Naphthoic acid	27.915850891931914	5014.263571705064	-140.004	347.0	364.0
93-91-4	1-Phenyl-1,3-butane dione	27.13621860529506	6895.97525364638	-48.942	279.0	299.0
93-98-1	Benzanilide	30.81390751582515	11923.860918761597	0.0	352.0	369.0
94-01-9	Dibenzoyl resorcinol	50.484178163894455	19940.386905328436	0.0	323.0	399.0
94-80-4	2,4-Dichloro-phenoxyacetic acid butyl ester	35.06627561386469	8673.16108529123	-36.867	293.0	325.0
95-14-7	1,2,3-Benzotriazole	31.789512819726728	10428.504594743941	-21.303	326.0	345.0
95-15-8	Benzo[b]thiophene	27.957573733816965	7350.441078620801	0.0	272.0	303.0
95-45-4	Dimethylglyoxime	32.80009439119088	11645.784624835986	0.0	331.0	352.0
95-47-6	1,2-Dimethylbenzene	38.65349595609105	8728.59351881997	0.0	210.0	243.0
95-48-7	2-Methylphenol	34.36539173740823	9163.137377569805	-0.15	245.0	296.0
95-51-2	6ClN 2-Chloroaniline	19.94729466060742	6921.570789540102	0.0	3e-06	268.73
95-65-8	3,4-Dimethylphenol	35.488132228752136	10464.811756490271	2.01	270.0	337.0
95-87-4	2,5-Dimethylphenol	34.96544541264248	9797.499570689666	-6.36	264.0	347.0
95-93-2	1,2,4,5-Tetramethylbenzene	29.252985081284486	6971.9283255238815	-32.85	249.0	351.0
96-31-1	1,3-Dimethylurea	31.959420573738758	9943.345310479908	-18.15	304.0	376.0
97-56-3	4-Amino-2',3-dimethylazobenzene	36.17798672261315	13546.108102083972	0.0	1.0	373.0
98-27-1	2-Methyl-4-tert-butylphenol	43.12055708820136	17624.347807636026	112.116	275.0	297.0
98-73-7	4-tert-Butylbenzoic acid	21.964888796641592	5037.199621816379	-121.839	325.0	342.0
98-92-0	3-Pyridine-carboxamide	36.864548519791185	13456.62734278513	0.0	363.0	394.0
98-96-4	Pyrazine-carboxamide	30.589842960425898	10573.47074702866	0.0	353.0	383.0
99-04-7	3-Methyl benzoic acid	36.193483120288995	12059.867712449477	6.084	303.0	324.0
99-05-8	3-Aminobenzoic acid	44.11566528784059	20041.359866826413	70.397	361.0	390.0
99-09-2	3-Nitro-benzenamine	34.82659953153494	11731.671048804665	0.0	288.0	343.0
99-47-8	6ClNO3 Benzeneacetyl-chloride, 3-nitro-	36.843664072997726	12823.17927594719	-3.745	273.0	343.0
99-65-0	1,3-Dinitrobenzene	29.163852012334683	10131.374409173803	0.0	336.0	361.0
99-92-3	Acetophenone, 4'-amino-	39.54303062921651	16327.51576516613	68.53	314.0	338.0
99-94-5	4-Methyl benzoic acid	29.668440509613404	8774.12253386374	-43.846	318.0	337.0
99-96-7	4-Hydroxybenzoic acid	39.3632217593046	16680.18660576438	37.591	398.0	432.0
99-99-0	4-Nitrotoluene	32.25875663582798	9110.005226548968	0.0	273.0	325.0
100-00-5	1-Chloro-4-nitrobenzene	34.71204592315849	10019.719755429427	0.0	283.0	304.0
100-01-6	4-Nitroaniline	29.00002308296816	9984.00666063709	-39.842	359.0	416.0
100-02-7	4-Nitrophenol	34.37252975119652	11883.4344322839	0.0	305.0	352.0
100-06-1	p-Methoxy-acetophenone	37.87112359319353	11333.9132895005	0.0	287.0	331.0
100-09-4	4-Methoxy benzoic acid	36.51727263606582	13211.174074457058	0.0	334.0	356.0
100-21-0	Terephthalic acid	34.12891624835775	14160.898321913382	-43.0	523.0	633.0
100-23-2	4-Nitro-N,N-dimethylaniline	32.719734171445396	11888.246835128259	0.0	344.0	366.0
100-25-4	1,4-Dinitrobenzene	30.90990228835207	11255.151063809546	0.0	339.0	398.0
100-64-1	Cyclohexanon-oxime	33.306893370158875	9607.075783499058	0.0	287.0	348.0
100-76-5	Quinuclidine	24.034912795243237	5045.1826843337885	-24.671	273.0	363.0
100-97-0	Hexamethylene tetramine	29.03147639533846	9447.149735865158	-0.576	302.0	326.0
101-42-8	1,1-Dimethyl-3-phenylurea	36.26962960931431	12361.243864931095	-13.15	335.0	400.0
101-77-9	4,4'-Diamino-diphenylmethane	34.23059840606437	13135.73908422548	0.0	343.0	364.0
101-81-5	Diphenylmethane	29.462888738361823	8612.326787134329	0.0	273.0	298.0
101-83-7	Dicyclohexylamine	16.919372237469318	1723.3191559793477	-214.2	354.0	529.0
102-07-8	1,3-Diphenylurea	35.90766323269565	15280.09283221407	-11.15	410.0	500.0
102-36-3	1,2-Dichloro-4-isocyanatobenzene	24.89584936151371	7657.03949409333	62.218	333.0	463.0
103-29-7	1,2-Diphenylethane	14.533479615810748	1680.5279146111466	-187.926	293.0	323.0
103-30-0	trans-1,2-Diphenylethylene	32.0132089615111	9803.007354232106	-32.401	297.0	364.0
103-32-2	N-Benzylaniline	14.748310804987092	5152.319666125709	0.0	290.0	309.0
103-36-6	trans-Cinnamic acid, ethyl ester	28.209407465437724	9058.61843502862	23.55	288.0	333.0
103-70-8	Formanilide	26.762831406615145	8000.817751062434	-23.282	298.0	318.0
103-81-1	2-Phenylacetamide	25.65052162574251	7410.667494313153	-68.275	330.0	351.0
103-84-4	Acetanilide	30.742688558898845	10483.706769763377	0.0	317.0	336.0
103-89-9	N-(4-Methyl-phenyl)acetamide	33.518639095310604	11908.574056329211	0.0	330.0	351.0
104-54-1	Cinnamyl alcohol	41.76615351065133	12798.279120751551	0.0	288.0	308.0
105-60-2	6-Hexanelactam	33.48419242231941	10005.353927034239	-11.15	285.0	336.0
106-34-3	Quinhydrone	32.28300285685721	10515.305144994536	0.0	317.0	334.0
106-37-6	1,4-Dibromobenzene	32.347521291162906	9308.78509504205	8.984	274.0	353.0
106-39-8	1-Bromo-4-chlorobenzene	29.20110783913933	6868.318904094429	-30.33	273.0	338.0
106-41-2	4-Bromophenol	43.076715868030746	15071.616777894389	55.403	260.0	298.0
106-44-5	4-Methylphenol	21.479895298504253	5706.220325755984	0.0	250.0	290.0
106-47-8	4-Chloroaniline	32.69670832051545	9601.779837785172	0.0	299.0	346.0
106-51-4	1,4-Benzoquinone	29.067534877894747	7240.7390170352855	-20.633	250.0	386.0
106-57-0	2,5-Piperazinedione	27.114090762551385	12486.918959306711	0.0	413.0	450.0
106-93-4	1,2-Dibromoethane	27.651445045703408	6001.665019038051	0.0	251.0	281.0
107-15-3	1,2-Diaminoethane	66.51811432970385	33921.23688848024	281.577	242.0	278.0
107-26-6	Bromoethylmercury	28.945566945518852	9196.52486141822	0.0	285.0	303.0
107-91-5	Acetamide, 2-cyano-	32.46264133547223	11838.64224446989	-2.145	323.0	345.0
108-19-0	Biuret	33.29284760109161	13905.081118081744	-10.15	395.0	457.0
108-30-5	Succinic anhydride	33.76340389069587	10999.978583803944	15.551	289.0	388.0
108-31-6	Maleic anhydride	9.57486261804807	211.4924407915031	-271.098	308.0	318.0
108-46-3	1,3-Benzenediol	31.40585609153206	9512.607624888791	-26.918	328.0	379.0
108-68-9	3,5-Dimethylphenol	34.249571707230636	9829.229193271123	-2.66	266.0	334.0
108-70-3	1,3,5-Trichlorobenzene	26.021283877416412	6806.441534890399	0.05	281.0	301.0
108-78-1	2,4,6-Triamino-1,3,5-triazine	34.94465306925275	16181.029906720036	23.673	417.0	614.0
108-80-5	Cyanuric acid	37.08129085459471	17425.59557016406	-6.15	441.0	650.0
108-89-4	4-Methylpyridine	35.10521232778723	7546.952900797284	0.0	213.0	239.0
108-93-0	Cyclohexanol	29.083952309607792	7306.332758579407	0.0	350.0	456.0
108-95-2	Phenol	21.564169912907836	3478.7455584954046	-102.15	243.0	305.0
109-66-0	Pentane	31.567060073892574	4616.683111453062	-8.15	142.0	142.0
109-77-3	Malononitrile	32.0503496590611	8720.083164316264	0.0	260.0	282.0
110-15-6	Butanedioic acid	38.554047305924634	14528.865235284387	0.482	355.0	376.0
110-54-3	Hexane	30.047353912516503	4601.9465668579	-23.15	168.0	177.0
110-61-2	Succinonitrile	28.185552683874306	8372.570114326323	-0.844	279.0	298.0
110-82-7	Cyclohexane	21.632786948679062	3034.3466355475534	-47.3	170.0	279.0
110-88-3	1,3,5-Trioxane	28.981579376373276	6239.015490423877	-13.086	298.0	328.0
110-94-1	Pentanedioic acid	34.42364714026098	12311.922492239164	0.0	283.0	323.0
111-61-5	Ethyl stearate	56.63208036218855	19410.792333939808	0.0	297.0	306.0
112-39-0	Hexadecanoic acid methyl ester	56.32583654482035	18404.56264830141	0.0	291.0	301.0
112-53-8	1-Dodecanol	50.24010414403708	15643.763121801549	0.0	285.0	294.0
112-61-8	Methyl stearate	55.423223188366684	18996.327017200878	0.0	301.0	310.0
115-09-3	Chloromethylmercury	26.603377388925306	7762.935382520127	0.0	267.0	285.0
115-77-5	Pentaerythritol tetragonal	42.12579427632607	17333.860580059176	0.0	379.0	408.0
116-71-2	Dibenzanthrone	47.177366634292916	25684.68738335236	0.0	513.0	548.0
116-85-8	1-Amino-4-hydroxy-anthraquinone	34.55475633545606	14335.676043397094	-10.53	419.0	485.0
117-10-2	1,8-Dihydroxy-anthraquinone	29.935218018487692	10086.787151433065	-62.434	373.0	451.0
117-12-4	1,5-Dihydroxy-anthraquinone	28.037956979413387	9569.48608185593	-86.677	410.0	502.0
117-79-3	2-Amino-anthraquinone	36.32093120518622	16431.189658978186	0.0	580.0	581.0
118-55-8	2-Hydroxybenzoic acid phenyl ester	40.997527580758984	13124.735030066062	0.0	280.0	315.0
118-75-2	Chloranil	32.662169544120545	11904.364930779217	0.0	333.0	356.0
118-90-1	2-Methyl benzoic acid	34.16870491876469	10592.58220330051	-12.394	297.0	316.0
118-92-3	2-Aminobenzoic acid	34.446580887787206	11913.298960940034	-1.587	325.0	377.0
118-96-7	sym-Trinitrotoluene	35.00504987624198	12435.202898118065	0.0	337.0	350.0
119-15-3	2,4-Dinitro-4'-hydroxydiphenyl-amine	41.273837791918275	18789.094358831415	0.0	440.0	470.0
119-61-9	Benzophenone	18.220678202774906	3032.598973461971	-151.956	306.0	321.0
119-75-5	2-Nitrodiphenyl-amine	36.92805381665596	12950.89676330029	0.0	330.0	346.0
120-12-7	Anthracene	31.291901155279785	11290.265486477705	-1.58	299.0	430.0
120-46-7	1,3-Diphenyl-1,3-propanedione	40.59335481938574	24522.492096440008	313.954	368.0	382.0
120-57-0	3,4-Methylene-dioxybenzaldehyde	37.936816345896645	11446.70311769572	0.0	293.0	308.0
120-61-6	Dimethyl terephthalate	31.27371073304513	8963.96376702582	-43.0	373.0	413.0
120-66-1	N-(2-Methyl-phenyl)acetamide	34.26794633627273	11705.817623380526	0.0	315.0	340.0
120-72-9	Indole	19.95931415479285	3687.2630593467593	-108.956	291.0	319.0
120-82-1	1,2,4-Trichlorobenzene	28.943264360425857	7492.611892602626	0.05	276.0	285.0
120-93-4	Ethylenurea	30.579941844526022	9915.253772345382	-26.15	350.0	400.0
121-14-2	2,4-Dinitrotoluene	33.94609099197402	11833.122948001983	0.0	331.0	342.0
121-32-4	3-Ethoxy-4-hydroxy benzaldehyde	37.8383347814693	12642.253652265183	4.884	288.0	333.0
121-33-5	4-Hydroxy-3-methoxy benzaldehyde	29.801737160646827	9218.219818164409	-21.58	288.0	333.0
121-82-4	Hexahydro-1,3,5-trinitro-1,3,5-triazine	40.6952211838998	18416.218334042143	35.421	328.0	411.0
121-89-1	3'-Nitro-acetophenone	37.69746262547992	13232.035495399585	0.0	293.0	343.0
121-91-5	Isophthalic acid	30.099392335618166	11496.807369319271	-43.0	493.0	563.0
122-34-9	2-Chloro-4,6-bis(ethylamino)-1,3,5-triazine	39.81630142805304	15733.563940428316	0.0	323.0	403.0
122-39-4	Diphenylamine	35.46436955059244	11391.85323819551	0.0	298.0	325.0
122-85-0	4-Acetamido-benzaldehyde	33.68030359468972	11910.768419922833	0.0	328.0	346.0
123-08-0	4-Hydroxy-benzaldehyde	32.11585820495677	10985.56209853671	0.0	311.0	335.0
123-30-8	4-Aminophenol	-2.851291120654528	1609.8684858624383	-604.493	403.0	458.0
123-31-9	1,4-Benzenediol	46.9151021922009	21123.107435759735	99.243	329.0	400.0
123-56-8	Succinimide	30.22603451573284	9678.916438400473	0.0	317.0	340.0
123-91-1	1,4-Dioxane	22.95679640300157	4288.9676880926845	0.0	237.0	272.0
124-04-9	Hexanoic acid	51.8597424984491	25245.501513055046	102.407	283.0	406.0
124-10-7	Tetradecanoic acid methyl ester	53.217346669278385	16562.494573906173	0.0	273.0	289.0
124-26-5	Stearamide	61.17802805958484	23549.857127308394	0.0	366.0	379.0
124-38-9	Carbon dioxide	26.67613907786392	2861.077107299752	-6.84	79.0	83.0
124-76-5	2-exo-Borneol	21.629747536356305	4985.449021851337	0.0	351.0	456.0
127-06-0	Acetone, oxime	25.94453871626692	5971.9317377322195	0.0	313.0	334.0
128-37-0	2,6-Di-tert-butyl-4-methyl phenol	45.574375970103254	18906.9567819865	107.884	303.0	333.0
128-64-3	Diisobenzanthrone	47.52551750035362	26121.227583377822	0.0	523.0	553.0
128-70-1	Pyranthrone	39.01097229177837	17837.007659069677	-69.465	481.0	559.0
128-95-0	1,4-Diamino anthraquinone	33.974689098829	13902.350252161452	-49.436	448.0	536.0
129-00-0	Pyrene	31.670906661586603	11680.507608038335	0.0	298.0	401.0
129-43-1	1-Hydroxy-9,10-anthraquinone	35.25748227998692	13631.589271076282	-0.159	333.0	463.0
130-15-4	1,4-Naphthaquinone	34.23391412859827	11111.000026647747	2.898	301.0	322.0
131-18-0	Dipentyl phthalate	34.18905977098675	12567.534765997527	0.0	353.0	433.0
131-53-3	2,2'-Dihydroxy-4-methoxy-benzophenone	78.55269044749187	27423.788457559087	0.0	303.0	342.0
131-54-4	2,2'-Dihydroxy-4,4'-dimethoxy-benzophenone	44.49745692210993	17672.3405887293	0.0	325.0	408.0
131-55-5	2,2',4,4'-Tetrahydroxy-benzophenone	34.96475463711459	17246.362346525402	0.0	363.0	471.0
131-56-6	2,4-Dihydroxy-benzophenone	41.22778609005839	16118.095650958321	0.0	312.0	418.0
131-57-7	2-Hydroxy-4-methoxy-benzophenone	7.791671644480691	4775.662796613743	0.0	308.0	323.0
132-64-9	Dibenzo[b,d]furan	30.535548003933098	9485.441725961648	0.0	303.0	343.0
132-65-0	Dibenzothiophene	33.244378184884084	11079.705592648863	0.0	303.0	366.0
134-20-3	Anthranilic acid methyl ester	33.64567271489109	7731.348520214434	0.0	287.0	299.0
135-19-3	2-Naphthol	19.110235901751295	3955.433632202311	-125.259	314.0	331.0
135-48-8	Pentacene	38.89480687383683	22077.92960661195	42.099	470.0	526.0
135-88-6	N-Phenyl-2-naphthylamine	36.75162974683076	13894.781654960781	0.0	333.0	364.0
137-04-2	7Cl2N 2-Chloroaniline, hydrochloride	29.994901024098095	9128.398276271804	-4.206	373.0	473.0
137-18-8	p-Xyloquinone	31.441799444833695	9279.417924766005	0.0	273.0	293.0
139-40-2	2-Chloro-4,6-bis(isopropylamino)-1,3,5-triazine	38.865103526137204	15042.788412530103	0.0	323.0	403.0
140-79-4	1,4-Dinitroso-piperazine	34.156938708939485	12393.381045074015	2.617	325.0	360.0
141-85-5	7Cl2N 3-Chloroaniline, hydrochloride	28.99097392355269	8138.834701536497	-10.27	373.0	473.0
142-04-1	8ClN Aniline hydrochloride	33.30935713620838	11039.175489841982	10.632	413.0	483.0
142-82-5	Heptane	31.354761728318522	5263.939781093688	-23.15	175.0	179.0
143-36-2	Iodomethylmercury	26.774689719844066	7814.283030093893	0.0	263.0	290.0
144-62-7	Ethanedioic acid	13.63176426754335	2709.9008830192274	-162.165	310.0	350.0
147-85-3	L-proline	30.198472572169702	12327.435008010665	0.0	442.0	467.0
148-24-3	8-Hydroxyquinoline	35.51007586468836	10775.755150033277	0.0	290.0	304.0
148-53-8	2-Hydroxy-3-methoxy benzaldehyde	11.716704245700202	1896.883415119053	-134.299	282.0	302.0
149-32-6	Erythritol	38.44271731667837	14887.412273039956	0.0	379.0	389.0
149-87-1	DL-5-oxo-2-pyrrolidine carboxylic acid	38.01805154797748	15557.653347078849	-5.802	392.0	415.0
149-91-7	Gallic acid	27.28793593707244	9039.949075094624	0.0	391.0	421.0
150-13-0	4-Aminobenzoic acid	23.780385039063678	6359.293325341514	-115.339	359.0	383.0
150-68-5	11ClN2O 3-(4'-Chloro-phenyl)-1,1-dimethylurea	29.015450403091222	9720.814276752591	-54.317	303.0	380.0
153-78-6	2-Aminofluorene	39.12069047145954	12592.837873584436	0.0	308.0	343.0
190-26-1	Ovalene	41.174826632919526	25420.539426654268	0.0	590.0	610.0
190-39-6	Phenanthro[1.10.9.8-opqra]perylene	36.64333916990725	21713.377426933854	0.0	590.0	630.0
190-93-2	Benzo[rst]phenanthro-[1, 10, 9-cde]-pentaphene	31.971394016222327	18535.809998602068	0.0	480.0	600.0
191-07-1	Coronene	27.1719317000874	12645.08122675938	-48.484	430.0	560.0
191-13-9	Pyranthrene	39.028817326249076	23371.238693889565	0.0	590.0	630.0
191-24-2	Benzo[ghi]perylene	33.441571572248094	15361.065539594296	-0.109	380.0	470.0
191-26-4	Dibenzochrysene(Anthanthrene)	34.5710125862126	16256.250756537964	0.0	465.0	495.0
191-68-4	Dibenzo[g,p]chrysene	34.94764642987364	16669.456559231025	-5.682	406.0	490.0
191-79-7	Tetrabenzo-[de,hi,op,st]pentacene	34.36608251293613	14253.001725633145	0.0	345.0	445.0
192-51-8	Dibenzo[fg,op]-naphthacene	34.55028932037566	17729.905216054154	0.0	431.0	555.0
192-65-4	Dibenzo[a,e]pyrene	35.93184037617209	17614.77596140445	0.0	414.0	506.0
192-97-2	Benzo[e]pyrene	33.944018665390324	14322.079278422965	0.0	359.0	423.0
198-55-0	Perylene	35.74942958510509	15755.03324383539	-11.229	380.0	520.0
206-44-0	Fluoranthene	31.226576816191542	11375.493371109787	0.0	283.0	358.0
207-08-9	Benzo[k]fluoranthene	25.271055602417093	8718.13517732759	-89.061	360.0	450.0
208-96-8	Acenaphthylene	29.256485010625838	8707.239344667541	-1.688	298.0	323.0
213-46-7	Picene	34.71147027688524	16924.000433506237	0.0	409.0	527.0
214-17-5	Benzo[b]chrysene,1,2:6,7-Dibenzophenanthrene	34.71147027688524	16463.483414907427	0.0	403.0	513.0
215-58-7	Dibenzo[a,c]-anthracene	37.2456263526817	16816.244056324304	1.164	424.0	450.0
217-59-4	Triphenylene	28.63264563138096	12940.528222626537	0.0	363.0	468.0
218-01-9	Chrysene	30.7907204839387	11467.410265437016	-44.418	353.0	443.0
229-87-8	Phenanthridine	32.2509278465118	11360.241047453794	0.0	288.0	323.0
230-17-1	Benzo[c]cinnoline	33.32047862220754	12229.950462928575	0.0	319.0	359.0
230-27-3	7,8-Benzoquinoline	16.34994294397189	3459.629497053368	-119.099	288.0	319.0
243-24-3	Benz[b]indeno[1,2-e]pyran	38.208935852186684	14943.289105491642	0.0	376.0	387.0
259-79-0	Biphenylene	30.198910063337372	8390.553303902607	-31.115	338.0	384.0
260-94-6	Acridine	29.087221980439843	9337.730892246078	-24.565	281.0	339.0
262-12-4	Dibenzo-p-dioxin	33.26616063986381	10378.027324335324	-11.227	0.1	373.32
271-44-3	Indazole	33.52563895399331	10937.509450231018	0.0	308.0	327.0
273-09-6	Benzofurazane	29.439218163605844	8317.752471017413	0.0	278.0	298.0
275-51-4	Azulene	19.608791626086365	2834.7585596868294	-152.095	293.0	373.0
277-10-1	Pentacyclo-[4.2.0.0(2,5).0(3,8)-.0,(4,7)]octane, (Cubane)	37.11767169906402	9647.831539645053	0.0	239.0	262.0
279-23-2	Bicyclo[2.2.1]heptane	22.45331314656749	3706.1972165664492	-37.779	300.0	364.0
280-33-1	Bicyclo[2.2.2]octane	24.759697504964976	5563.966618710812	0.0	323.0	363.0
280-57-9	12N2 1,4-Diazabicyclo-(2,2,2)octane	29.00819726004829	7445.708234258337	0.0	324.0	352.0
281-23-2	Adamantane	23.905714745675343	5392.820073918751	-40.929	290.0	435.0
283-24-9	3-Azabicyclo-[3,2,2]nonane	25.402118745910315	6279.1495485947635	0.0	303.0	443.0
288-05-1	Selenophene	21.767350021513632	3323.371721590352	-50.895	209.0	241.0
288-13-1	1H-Pyrazole	31.83135079086643	8588.621673601954	-1.824	253.0	272.0
288-32-4	Imidazole	30.90170508542101	9442.793244869212	-4.324	289.0	310.0
288-88-0	1,2,4-Triazol	32.09600992145516	10122.272290301196	0.0	281.0	296.0
288-94-8	1H-Tetrazole	31.202883215584635	10574.564474947832	-0.218	333.0	404.0
289-68-9	Tricyclo[8.2.2.2(4,7)]hexadecane	30.797075618795365	10246.503663823505	0.0	316.0	338.0
290-87-9	1,3,5-Triazine	27.480754412759758	5614.416258098312	-24.113	297.0	334.0
291-21-4	1,3,5-Trithiane	20.54978907604024	5165.3546003371475	-77.011	332.0	359.0
295-17-0	Cyclotetradecane	55.92221640386942	16591.81569248036	0.0	293.0	313.0
295-37-4	1,4,8,11-Tetraaza-cyclotetradecane	22.28177055713943	4871.781908735687	-161.185	352.0	373.0
302-17-0	Chloral hydrate	32.49447227179779	8849.686468860526	57.268	263.0	313.0
309-00-2	1,4,5,8-Dimethano-naphthalene,1,2,3,4,10,10-hexachloro- 1,4,4a,5,8,8a-hexahydro-,1 α,4 α,4 αβ,5 α,8 α,8 αβ-, Aldrin	35.67629948255161	11988.821449405146	-2.067	298.0	373.0
313-72-4	Octafluoronaphthalene	34.42090706400032	9579.272068501155	0.0	293.0	323.0
319-84-6	α-Hexachloro-cyclohexane	34.045171228525554	11476.689683361781	-8.542	313.0	427.0
319-85-7	β-Hexachloro-cyclohexane	31.57129683046368	11355.714165160969	-28.126	322.0	483.0
319-86-8	δ-Hexachloro-cyclohexane	19.678836264615242	3048.0285961701243	-196.688	372.0	411.0
326-91-0	4,4,4-Trifluoro-1-(2-thienyl)butane-1,3-dione	36.33594405999254	10445.90753287679	0.0	279.0	290.0
329-71-5	2,5-Dinitrophenol	33.49651125256693	11185.009716706762	-0.628	278.0	333.0
335-01-3	Pentafluoro-methanamine	23.198544811915013	2233.5075402042244	0.0	138.0	151.0
353-50-4	Carbonyl fluoride	19.608929781191943	1052.1524427330714	-58.484	130.0	161.0
354-38-1	2,2,2-Trifluoroacetamide	24.130262843944124	3822.4524353266256	-112.457	287.0	329.0
355-49-7	Perfluorohexadecane	37.915839795699476	12395.29449328629	0.0	288.0	309.0
355-68-0	Perfluorocyclohexane	25.089358612728933	4460.816521338109	3.112	252.0	326.0
359-40-0	Oxalyl difluoride	26.329346737008084	3072.788293675089	-59.733	234.0	260.0
359-65-9	Bis(trifluoromethyl)-phosphinous acid	27.489181874200117	4601.255791330002	-22.75	233.0	251.0
376-77-2	Perfluorocyclopentane	29.97825333387575	7034.4688392346925	88.433	229.0	282.0
383-70-0	4F3NO3 N-(Trifluoroacetyl) aminoacetic acid	35.632343133126355	11687.82292087878	-2.707	273.0	393.0
383-72-2	N-(Trifluoroacetyl)-glycine methyl ester	25.66231086141864	6893.939768424173	0.0	293.0	463.0
388-82-9	2,2'-Difluorobiphenyl	31.978946495327346	11441.715718384296	0.0	301.0	319.0
392-56-3	Hexafluorobenzene	33.376201181458	8100.793693215143	44.44	215.0	278.0
393-02-2	1,2,3,4-Tetrakis-(trifluoromethyl)-tetraphosphethane	32.10885834627407	7859.022258450768	0.0	292.0	339.0
398-23-2	4,4'-Difluorobiphenyl	31.363626680926547	11012.067155542163	0.0	294.0	319.0
400-58-8	N-Trifluoracetyl-glycylglycine	21.034114824500605	8061.350410572155	0.0	273.0	423.0
420-04-2	Cyanamide	30.27565522448686	8992.810553070849	-1.212	273.0	298.0
420-20-2	Trimethylamine-boron trifluoride(1:1)-complex	28.471464674871378	8289.306334778565	0.0	373.0	413.0
433-33-0	N-[N-(Trifluoro-acetyl)glycyl]glycine methyl ester	41.38896704656797	15385.873591386215	0.0	323.0	419.0
434-90-2	Decafluorobiphenyl	36.495352025980516	10306.338640050048	0.0	292.0	323.0
443-79-8	DL-Isoleucine	33.770035335763694	13909.043867026787	0.0	442.0	461.0
455-38-9	m-Fluorobenzoic acid	33.53024412417929	10985.633478674594	0.0	358.0	382.0
460-12-8	Butadiyne, Diacetylene	30.444273530846818	6234.295190983239	59.54	188.0	240.0
460-19-5	Cyanogene	26.56685838935042	3607.3380281838427	-10.461	202.0	245.0
460-55-9	Ethoxytrifluorosilicon	16.87564614655336	825.4767558383654	-115.1	206.0	248.0
461-58-5	Dicyanodiamide	33.86513210010435	14852.785998411513	-8.894	420.0	447.0
463-49-0	Propadiene	27.063203631996217	3304.0714533408764	0.0	115.0	134.0
463-56-9	Hydrogen thiocyanate	11.506478226709845	343.2924115144823	-88.35	151.0	163.0
463-82-1	2,2-Dimethylpropane	21.484270210180945	2350.2486044190227	-43.15	221.0	253.0
464-49-3	D-Camphor	26.528221011489983	8057.304768563764	61.025	338.0	453.0
471-46-5	Oxalic acid diamide	32.8773230952099	7326.309986846223	-93.748	354.0	370.0
471-47-6	Oxamic acid	33.859283533968146	12984.277339393424	0.0	348.0	364.0
479-45-8	N-Methyl-N,2,4,6-tetranitro-benzeneamine	39.857747959726936	16088.162044749399	0.0	335.0	416.0
480-63-7	2,4,6-Trimethyl-benzoic acid	27.411193317100405	7308.907048713374	-75.545	316.0	340.0
480-96-6	Benzofurazan 1-oxide	32.45493688575108	9880.622892546751	0.0	288.0	318.0
482-05-3	2,2'-Biphenyl-dicarboxylic acid	46.10443105851048	19974.69542321405	0.0	433.0	493.0
482-89-3	MDW, C.I. Vat Blue 1, Indigo	32.293525670732194	16357.143127557683	0.0	519.0	634.0
486-25-9	9-Fluorenone	64.64945139748453	40918.68015941959	297.251	298.0	338.0
489-98-5	2,4,6-Trinitroaniline	32.79530501419745	13957.174803225642	0.0	328.0	371.0
498-07-7	1,6-Amhydro-β-glucopyranose	30.455095680783888	11107.903049697668	0.0	468.0	528.0
499-06-9	3,5-Dimethyl-benzoic acid	35.7871919806302	12579.471367119606	6.167	322.0	340.0
503-17-3	2-Butyne	21.098149715936774	2065.2115957572896	-74.09	227.0	240.0
505-23-7	1,3-Dithiane	31.9396874194918	8518.70367725319	-3.258	252.0	270.0
505-29-3	1,4-Dithiane	31.543205292329155	8682.405964439602	-0.427	255.0	257.0
505-48-6	Octane dioic acid	43.8918770426525	17204.915814851513	0.0	379.0	407.0
505-54-4	Hexadecanedioic acid	44.41686644385514	18155.883458258053	0.0	377.0	398.0
505-60-2	Bis(2-chloroethyl) sulfide, yperite	50.492352340974584	20527.803993572332	133.745	263.0	288.0
506-68-3	Cyanogen bromide	27.84523060712979	5346.349301571945	-3.993	255.0	313.0
506-77-4	Cyanogen chloride	26.814800752164018	4290.105165128623	-0.533	176.0	258.0
506-78-5	Cyanogen iodide	29.108751151059337	7380.28718659619	6.306	294.0	413.0
506-80-9	Carbon diselenide	27.4531003657929	5572.633549000842	0.0	219.0	230.0
506-83-2	Bromomethylmercury	27.85667445504197	8128.125378268982	0.0	258.0	297.0
507-70-0	2-endo-Borneol	21.07975206104375	3461.9297795612692	-126.031	351.0	432.0
509-14-8	Tetranitromethane	28.400130588690423	6766.454842165465	24.314	256.0	287.0
517-25-9	Trinitromethane	24.987653429171385	5609.097286533496	0.0	280.0	299.0
517-51-1	5,6,11,12-Tetraphenyl-naphthacene, (Rubrene)	36.46143494756072	19334.807025871003	0.0	453.0	523.0
519-73-3	Triphenylmethane	38.00239396934512	13626.231155564885	4.693	303.0	363.0
519-87-9	N-Acetyl-diphenylamine	39.58949679639313	14683.055543451643	0.0	343.0	383.0
521-74-4	5,7-Dibromo-8-quinolinol	29.277369457419294	11305.692806600766	0.0	323.0	383.0
526-75-0	2,3-Dimethylphenol	35.47063258204538	10196.813877516694	0.0	265.0	342.0
527-72-0	2-Thenoic acid	36.046969630821785	11662.593496014842	0.0	314.0	323.0
528-29-0	1,2-Dinitrobenzene	28.000816281863393	9938.92434710136	0.0	343.0	397.0
528-90-5	2,4,5-Trimethyl-benzoic acid	27.289616824190322	7310.184983439986	-84.058	324.0	346.0
532-27-4	2-Chloroaceto-phenone	35.71307176648672	10359.882953802531	-8.027	273.0	323.0
533-75-5	2-Hydroxy-2,4,6-cycloheptatrien-1-one	35.02922701971842	10085.32270731392	0.0	273.0	323.0
534-52-1	6-Methyl-2,4-dinitrophenol	36.85308164602807	12050.889933171893	-5.007	290.0	324.0
536-66-3	4-Isopropylbenzoic acid	9.35010728712092	10256.18142896936	-23.467	315.0	334.0
540-80-7	tert-Butyl nitrite	44.00217086860692	19548.94743951945	0.0	267.0	287.0
541-05-9	Hexamethyl-cyclotrisiloxane	28.689289224668613	6639.734374157631	0.0	297.0	336.0
541-35-5	Butyramide	33.89151972527006	10392.257300210027	0.0	336.0	382.0
543-24-8	N-Acetylglycine	38.26933265917592	15217.607580545488	-0.923	376.0	398.0
544-76-3	Hexadecane	44.42101109702253	11352.435283988545	-48.15	287.0	290.0
552-30-7	Trimellitic acid anhydride	33.89274009536935	12982.670134998514	-9.718	333.0	433.0
553-86-6	Coumarin	32.7174315863524	10430.710471263028	0.0	293.0	326.0
553-90-2	Dimethyl oxalate	16.560353169769687	2005.7519409009044	-121.028	289.0	306.0
554-84-7	3-Nitrophenol	75.60773477042454	19001.139420045238	526.358	305.0	334.0
554-95-0	Trimesic acid	38.74099418962482	17250.967516711393	-43.15	553.0	593.0
556-61-6	Methyl isothiocyanate	19.052717326128302	2901.957203040768	-33.547	238.0	293.0
556-88-7	Nitroguanidine	25.558694532233908	17158.86411299163	0.0	402.0	473.0
558-13-4	Tetrabromomethane	26.506438556510258	6542.565283233283	0.0	294.0	319.0
558-17-8	2-Iodo-2-methylpropane	30.20765988669075	5983.734788918906	0.0	202.0	224.0
561-27-3	Heroine	42.19487182911589	17382.21486701205	0.0	324.0	339.0
563-83-7	2-Methylpropan-amine	31.855159520727987	9037.15373679173	-19.58	285.0	302.0
569-41-5	1,8-Dimethylnaphthalene	31.716152458663938	9520.556148629807	0.0	328.0	335.0
571-60-8	1,4-Dihydroxy-naphthalene	36.761807172941786	14403.277639142309	1.211	367.0	381.0
573-56-8	2,6-Dinitrophenol	40.30675205286077	13493.14864494511	0.0	293.0	333.0
574-93-6	Phthalocyanine	33.905565494337324	23707.416117466695	0.0	360.0	437.0
575-36-0	N-Acetyl-1-naphthylamine	30.117974197318627	11306.558578595732	0.0	337.0	360.0
576-26-1	2,6-Dimethylphenol	33.69856309447716	9099.6090548541	0.0	248.0	317.0
577-71-9	3,4-Dinitrophenol	37.635569138180244	14804.786309562958	-0.564	328.0	383.0
579-75-9	2-Methoxy benzoic acid	22.08144565404895	4822.018439705899	-124.476	319.0	352.0
580-13-2	2-Bromonaphthalene	27.06691079399594	7765.7997983758105	0.0	275.0	329.0
581-40-8	2,3-Dimthylnaphthalene	30.87930093246618	8963.074969179925	-15.545	280.0	373.0
581-42-0	2,6-Dimethylnaphthalene	25.522705127230413	5347.654867319673	-99.905	348.0	383.0
582-16-1	2,7-Dimethylnaphthalene	31.940815686187364	9177.127884594838	-16.212	333.0	368.0
585-34-2	3-tert-Butylphenol	15.562643048975367	2708.178549369668	-122.797	266.0	299.0
586-11-8	3,5-Dinitrophenol	17.81567651076818	7254.363413030532	-5.722	327.0	368.0
586-38-9	3-Methoxy benzoic acid	28.924083826601215	7754.02437821024	-73.694	318.0	336.0
586-78-7	4BrNO 2 4-Bromo-1-nitrobenzene	35.03254274225233	10901.798658023774	0.0	293.0	313.0
586-96-9	Nitrosobenzene	16.316992951291148	1000.5745366500047	-213.842	298.0	338.0
590-27-2	trans-Diiodoethylene	18.143495550457743	4771.485907255052	-3.764	265.0	293.0
591-35-5	3,5-Dichlorophenol	29.49959194474415	5348.707148707172	-60.143	273.0	295.0
592-31-4	Butylurea	33.04462892806686	10722.885493713044	-30.15	329.0	363.0
592-35-8	Butyl carbamate	38.46928914865153	11326.416072437713	0.0	292.0	316.0
593-77-1	Methylhydroxyl-amine	29.574402934415524	6811.967739113586	0.0	273.0	308.0
594-82-1	2,2,3,3-Tetramethylbutane	22.837936960501214	3759.200422822079	-46.09	252.0	372.0
596-30-5	Bis(triphenyl-methyl)peroxide	42.63782012345516	18404.758368034312	0.0	393.0	434.0
598-50-5	Methylurea	33.395312637729845	10922.841983188644	-15.15	317.0	368.0
598-55-0	Methyl carbamate	32.4454962868698	8940.93791609588	0.0	287.0	305.0
598-94-7	1,1-Dimethylurea	34.206743624500945	10957.587992241924	-14.15	310.0	420.0
601-77-4	14N2O 2-Propanamine, N-isopropyl-N-nitroso-	21.329766750441046	3938.700746331523	-68.572	273.0	369.0
601-89-8	2-Nitro-1,3-benzenediol	30.336558600196554	8961.661181932826	0.0	253.0	293.0
602-55-1	9-Phenylanthracene	31.279190885566454	10677.989689569844	-47.303	343.0	423.0
602-94-8	Pentafluorobenzoic acid	35.65092499482681	11008.659329604534	0.0	334.0	359.0
602-96-0	1,3,5-Trimethyl-2,4, 6-trinitrobenzene	33.986155972592115	12456.985353097789	0.0	319.0	398.0
602-99-3	3-Methyl-2,4,6-trinitrophenol	36.196637661866404	13373.414220109418	0.0	310.0	366.0
603-34-9	Triphenylamine	30.12932594182709	10568.86557684267	0.0	322.0	373.0
603-54-3	1,1-Diphenylurea	39.10503289282718	15365.357558207637	-8.15	375.0	500.0
604-83-1	9,10-Dimethylphenanthrene	25.02539279884556	6242.625943849692	-122.552	368.0	381.0
605-32-3	2-Hydroxy-9,10-anthraquinone	34.77096907568821	14782.98543390249	-23.093	393.0	573.0
605-39-0	2,2'-Dimethylbiphenyl	27.524871943141527	7893.261698783589	0.0	283.0	288.0
605-50-5	Diisopentyl phthalate	30.633661154745575	10830.927391446508	-8.472	353.0	413.0
606-20-2	2,6-Dinitrotoluene	37.21537038455976	11862.370383853191	0.0	277.0	324.0
606-35-9	2,4,6-Trinitro-anisole	44.61369141760427	15928.537635762681	0.0	334.0	342.0
607-66-9	4-Methyl-2-hydroxyquinoline	36.55176536075888	14804.615918266078	0.0	387.0	406.0
608-69-5	Dimethyl-DL-tartrate	42.026092341799426	13680.348813005525	0.0	315.0	358.0
608-94-6	Trichlorobenzo-quinone	35.98995762391925	12153.276681916966	0.0	298.0	335.0
609-39-2	2-Nitrofurane	34.25095325828643	9062.744667515266	0.0	277.0	298.0
610-72-0	2,5-Dimethyl-benzoic acid	26.191859381105413	6454.461469820051	-90.681	315.0	334.0
611-01-8	2,4-Dimethyl-benzoic acid	29.581955413520543	8194.204965267725	-59.894	312.0	331.0
611-36-9	4-Hydroxyquinoline	35.850789380898696	15504.152782443134	0.0	413.0	433.0
611-38-1	Benzene, dinitromethyl	30.451687854846256	9152.775744651333	0.0	312.0	323.0
612-19-1	2-Ethylbenzoic acid	48.34781668876365	14379.636997992538	27.36	298.0	313.0
612-29-3	1-Nitro-2-nitroso-benzene	29.231317755559413	11489.462122872621	0.0	323.0	343.0
612-71-5	1,3,5-Triphenylbenzene	36.186552339159086	14494.531388962756	-30.536	360.0	449.0
612-75-9	3,3'-Dimethylbiphenyl	28.114563985457302	8643.904439099648	0.0	288.0	309.0
613-31-0	9,10-Dihydroanthracene	31.02802490362267	9418.08880940648	-25.161	280.0	379.0
613-75-2	2-Furanyl-methanediol diacetate	43.5073453321225	13205.095249811553	0.0	293.0	325.0
613-90-1	Phenyl gluoxylonitrile	32.16688349061752	9459.01956201954	0.0	292.0	304.0
613-93-4	N-Methyl-benzamide	27.04340140019647	9003.337972116018	0.0	297.0	321.0
614-16-4	β -Oxobenzene-propanenitrile	44.25269212672467	12010.283845056943	0.0	318.0	333.0
615-67-8	2-Chloro-hydroquinone	17.558684988539113	2901.648656638307	-160.698	298.0	333.0
615-90-7	p-Xylohydroquinine	33.352945072018755	12157.649291008562	0.0	331.0	361.0
616-06-8	DL-Norleucine	32.636679927141095	13770.911787298075	0.0	435.0	469.0
617-94-7	2-Phenyl-2-propanol	37.82288443549531	10524.893109321763	0.0	294.0	304.0
619-04-5	3,4-Dimethyl-benzoic acid	43.112336859419365	17806.36025148193	63.825	325.0	347.0
619-20-5	3-Ethylbenzoic acid	40.00027797698326	9728.000644827825	-29.973	300.0	317.0
619-64-7	4-Ethylbenzoic acid	50.89364687098159	19860.84640587605	96.567	311.0	330.0
623-30-3	3-(2-Furanyl)-2-propenal	30.01419668717739	9134.815580925979	0.0	289.0	313.0
623-76-7	1,3-Diethylurea	33.54751351237675	10881.902020235211	-11.15	311.0	382.0
624-38-4	1,4-Diiodobenzene	19.93628830386291	3272.438539333324	-147.255	323.0	402.0
625-52-5	Ethylurea	33.44228537362692	10822.495324835963	-18.15	317.0	364.0
626-48-2	2,4-Dihydroxy-6-methylpyrimidine	34.734150740051234	15304.944633122754	-0.154	426.0	503.0
626-97-1	Valeramide	29.5306998693505	10709.429186429586	-0.53	333.0	374.0
627-06-5	Propylurea	31.68357087959807	10914.253340791778	0.0	317.0	375.0
628-02-4	Hexanamide	33.565703934611406	11438.321707957224	0.0	338.0	368.0
628-36-4	1,2-Diformyl hydrazine	33.83137620264106	14111.89931113447	20.084	340.0	372.0
628-62-6	Heptanamide	36.24706427540297	11932.686727423044	0.0	345.0	366.0
628-97-7	Ethyl palmitate	54.97421909523285	18142.06794770009	0.0	286.0	294.0
629-01-6	Capryl amide	39.24756291008351	13315.849592784567	0.0	325.0	374.0
629-54-9	Hexadecanamide	57.13841882413795	21849.229947420503	0.0	364.0	378.0
629-59-4	Tetradecane	41.11311735242729	9811.315081247629	-48.15	270.0	278.0
630-08-0	Carbon monoxide	27.315935371803246	1595.277004128135	22.16	62.0	68.0
630-25-1	1,2-Dibromotetrachloroethane	23.728139383303642	6309.083154803686	0.0	283.0	453.0
630-76-2	Tetraphenylmethane	40.99596182289575	17366.736890016946	-0.006	404.0	466.0
632-46-2	2,6-Dimethyl-benzoic acid	27.323695083566633	6909.892077948436	-75.108	309.0	324.0
632-92-8	2,4-Dimethyl-1,3,5-trinitrobenzene	41.33140241924312	15609.224345406637	0.0	318.0	412.0
634-85-5	2,3,5-Trichloro-1,4-benzoquinone	19.057852090885678	3944.1970169485	-120.324	298.0	327.0
634-95-7	1,1-Diethylurea	36.652319251769924	11208.293457167118	-11.15	295.0	340.0
634-97-9	2-Pyrrole carboxylic acid	40.47744268580442	15157.763393978574	0.0	349.0	359.0
636-09-9	Diethyl terephthalate	11.904410982481076	1407.8304594627687	-199.475	333.0	393.0
637-87-6	1-Chloro-4-iodobenzene	27.502076350720884	7368.2722975809465	0.0	303.0	323.0
638-58-4	Myristamide	53.100720734318244	20133.969839266632	0.0	357.0	373.0
641-13-4	Dibenzochrysene-6,12-dione	36.40156773514287	18305.551489302667	0.0	480.0	500.0
651-18-3	N-[N-(N-[Trifluoro-acetyl]glycyl)-glycyl] glycine methyl ester	43.17347049363836	16046.715513075505	0.0	343.0	433.0
661-19-8	1-Docosanol	67.21476144958919	24851.800908684738	0.0	335.0	341.0
670-54-2	Ethene tetracarbonitrile	31.918779946847412	9827.315745058844	0.0	333.0	371.0
673-04-1	2-Methoxy-4,6-bis(ethylamino)-1,3,5-triazine	32.27971016017423	11812.261527059456	0.0	323.0	403.0
675-20-7	2-Piperidone	9.916865581910475	1062.5739428639624	-196.414	294.0	311.0
676-08-4	Peroxyundecanoic acid	48.98381371729953	15186.99931690432	0.0	293.0	303.0
689-11-2	(1-Methyl-propyl)urea	34.02806302128461	11639.728826041412	-16.15	332.0	442.0
691-60-1	(1-Methylethyl)urea	33.29146605003581	11171.728405890372	-12.15	324.0	372.0
692-74-0	Bis(fluoroformyl)-peroxide	28.04525617415818	4591.354675430128	0.0	1.0	231.0
693-21-0	Diglycoldinitrate	36.088185903986385	11342.99468510727	0.0	293.0	313.0
693-23-2	1,12-Dodecanoic acid	45.7132218512108	18434.49625451033	0.0	375.0	396.0
695-99-8	2-Chloro-1,4-benzoquinone	17.051563647658107	2588.0665005787264	-129.964	264.0	298.0
697-91-6	2,6-Dichloro-1,4-benzoquinone	16.05212658804404	2934.425955437077	-122.182	274.0	315.0
698-63-5	5-Nitro-2-furaldehyde	27.849766699762984	9580.826313438925	0.0	283.0	303.0
730-40-5	4'-Nitro-4-amino-azobenzene	38.40847787634556	16086.467342120955	0.0	1.0	484.0
732-26-3	2,4,6-Tri-tert-butylphenol	25.60154564081453	6904.064235078068	-52.112	292.0	313.0
754-10-9	2,2-Dimethyl-propanamide	34.009181823522056	10414.36211710277	0.0	288.0	306.0
760-78-1	DL-Norvaline	34.409900707255815	14371.064473691322	0.0	439.0	461.0
762-84-5	N-tert-Butyl-acetamide	22.50677917242681	4213.141258395297	-94.967	278.0	295.0
764-42-1	Fumaronitrile	19.443719300769622	3162.289776239768	-103.65	245.0	281.0
773-76-2	5,7-Dichloro-8-quinolinol	30.866153171585182	11190.563551951063	0.0	363.0	383.0
779-84-0	Salicylalaniline	42.19487182911589	13946.757908264935	0.0	288.0	325.0
781-43-1	9,10-Dimethylanthracene	32.84867893665306	12413.236236330902	0.0	381.0	433.0
789-02-6	2-(2-Chlorophenyl)-2(4-chlorophenyl)-1,1,1-trichloroethane,op'-DDT	34.06831220871015	12433.78450570078	-0.715	310.0	348.0
811-62-1	Chlorodimethyl-phosphine	32.96380819130276	6677.450717980873	0.0	233.0	268.0
820-99-5	cis-2-Hexenoic acid, amide	11.843668787727893	873.5063782931283	-237.048	353.0	393.0
826-81-3	2-Methyl-8-hydroxyquinoline	35.31108646095182	10849.085577489861	0.0	293.0	308.0
834-12-8	2-Methylthio-4-ethylamino-6-isopropylamino-1,3,5-triazine	32.31908436526443	12134.623440078622	0.0	323.0	403.0
836-30-6	4-Nitrodiphenyl-amine	37.97147025154621	15004.321425966544	0.0	380.0	403.0
886-65-7	1,4-Diphenyl-1,3-butadiene	29.15533244749061	10465.24924765794	0.0	362.0	419.0
917-23-7	5,10,15,20-Tetraphenyl-porphine	21.022555847333777	13324.54185151062	0.0	587.0	678.0
918-37-6	Hexanitroethane	16.46187160534233	3661.110297860533	0.0	293.0	343.0
924-16-3	1-Butanamine, N-butyl-N-nitroso-	21.867811809120962	4583.951864356151	-69.377	273.0	389.0
959-02-4	5,12-Dihydronaphthacene	33.313432711822976	13944.908932435263	-0.076	335.0	408.0
961-68-2	2,4-Dinitro-diphenylamine	43.15297748631071	17687.76560626727	0.0	403.0	420.0
992-04-1	Hexaphenyl benzene	37.25812938973665	19687.102545099093	0.0	1.0	698.0
1012-72-2	1,4-tert-Dibutylbenzene	41.149498196896594	10007.034814152123	0.0	285.0	325.0
1014-69-3	2-Methylthio-4-methylamino-6-isopropropylamino-1,3,5-	32.75634527442399	12208.30616305443	0.0	323.0	403.0
1014-70-6	2-Methylthio-4,6-bis(ethylamino)-1,3,5-triazine	32.325992120543404	12187.582897217484	0.0	323.0	407.0
1055-23-8	9,9'-Bianthracene	31.18851508460435	15378.965836107232	0.0	413.0	473.0
1070-71-9	Cyanoacetylene propargylnitrile	28.333309569291732	5088.713055516841	0.0	247.0	279.0
1071-98-3	Dicyano acetylene	31.630657474161065	8570.228623879118	3.036	249.0	268.0
1072-72-6	Tetrahydro-4H-thiopyran-4-one	32.36283348203131	8625.714016864995	0.0	1.0	337.0
1076-47-7	2,3,4-Trimethyl-benzoic acid	32.62611106156425	10479.543695915245	-35.016	329.0	351.0
1076-88-6	3,4,5-Trimethyl-benzoic acid	47.36686938744632	22677.980979261105	109.969	339.0	359.0
1077-58-3	2-tert-Butylbenzoic acid	72.15378344821049	44752.60407367952	292.835	306.0	322.0
1080-16-6	cis-Azobenzene	30.034712720355966	9918.493509571223	0.0	304.0	333.0
1087-49-6	1,6-Diphenylhexane	34.29341292740124	13135.67691442797	38.063	293.0	373.0
1112-03-4	Difluoro(trichloro-methyl)phosphine	24.56374751355118	4420.9633785485685	0.0	264.0	283.0
1114-76-7	Butyric acid, N,N-diethylamide	20.595817752049193	4797.774521261765	4.986	298.0	393.0
1116-01-4	Tricyanophosphine	29.887047938342256	9414.395462917315	0.0	293.0	323.0
1118-12-3	(1,1-Dimethyl-ethyl)urea	33.59034159510644	11285.729393844507	-12.15	322.0	440.0
1120-07-6	Pelargonamide, Nonamide	40.01662633114352	13808.602802685293	0.0	353.0	370.0
1120-16-7	Lauramide	49.02408593057601	18370.77221206172	0.0	349.0	368.0
1120-28-1	Eicosanoic acid methyl ester	65.1585529615455	22956.77337715064	0.0	311.0	318.0
1121-89-7	Glutarimide	34.099903676186024	11258.02929517579	0.0	317.0	340.0
1132-21-4	3,5-Dimethoxy-benzoic acid dimethyl ester	58.83692071798501	32617.147097797228	173.464	355.0	375.0
1187-03-7	Tetraethyl-carbamide	23.033817874362217	4485.359775844333	-71.331	273.0	369.0
1271-19-8	Bis(eta-cyclopentadienyl)-titanium chloride	35.333168251993634	14966.803104461298	0.0	418.0	533.0
1291-32-3	Bis(eta-cyclopentadienyl)-zirconium chloride	30.822404054818296	12067.848472381795	0.0	393.0	457.0
1435-60-5	4-Nitro-4'-hydroxy-azobenzene	39.34864639566595	16838.80478506546	0.0	1.0	487.0
1452-77-3	2-Pyridine-carboxamide	34.70433226309696	11304.638222628175	0.0	323.0	374.0
1453-82-3	4-Pyridine-carboxamide	32.83626800300182	11984.045887922275	0.0	383.0	413.0
1460-02-2	1,3,5-Tri-tert-butylbenzene	31.46137141812415	9594.87208250619	0.0	273.0	346.0
1466-76-8	2,6-Dimethoxy-benzoic acid dimethyl ester	40.36760937686861	16732.853634596428	30.97	355.0	377.0
1484-12-4	9-Methylcarbazole	29.869732498442943	9166.828421473876	-33.614	312.0	333.0
1492-24-6	L-2-Amino butyric acid	49.065785746610125	2089.7226140722114	0.0	449.0	462.0
1495-50-7	Cyanogen fluoride	25.510892865703354	2814.0329912647903	-17.839	147.0	190.0
1498-69-7	9-Butylanthracene	37.57084347121618	13262.758888295404	0.0	293.0	313.0
1499-10-1	9,10-Diphenylanthracene	46.16586402879156	24523.834503549224	81.903	395.0	505.0
1518-16-7	(2,5-Cyclo-hexadiene-1,4-diylidene)-dimalononitrile	28.092919685583155	12602.036701030947	0.0	433.0	499.0
1520-44-1	(+,-)-1,3-Diphenylbutane	28.004983960881713	8838.56958803155	0.0	288.0	303.0
1521-38-6	2,3-Dimethoxy-benzoic acid dimethyl ester	43.287908972760164	16986.85640137479	37.129	336.0	356.0
1528-63-8	Di(3-methylbutyl) isophthalate	22.660062262067424	6485.541763405285	-85.396	353.0	413.0
1528-64-9	Di(2-methylpropyl) isophthalate	17.813696287588208	3190.3582885233654	-172.085	333.0	393.0
1528-74-1	4,4'-Dinitrobiphenyl	29.631737303231077	12567.969954580101	0.0	411.0	429.0
1540-80-3	1,8-Cyclotetradecadiyne	22.891840477528206	2069.7960426774407	-220.016	317.0	333.0
1562-85-2	C.I. Disperse Blue 95	26.136321028662397	11144.214816614187	0.0	433.0	494.0
1563-66-2	2,3-Dihydro-2,2-dimethyl-7-benzofuranole methylcarbamate	20.712673945518638	6501.3029583668285	0.0	288.0	319.0
1568-70-3	4-Methoxy-2-nitrophenol	31.024340767473873	8554.10362047288	0.0	328.0	354.0
1610-17-9	2-Methoxy-4-ethylamino-6-isopropylamino-1,3,5-triazine	30.91911262872405	11358.652263739628	0.0	323.0	403.0
1610-18-0	2-Methoxy-4,6-bis(isopropylamino)-1,3,5-triazine	29.74709681639008	11091.552392952319	0.0	323.0	403.0
1610-24-8	Tricyclohexylmethane	41.78505773426481	14053.494240250675	0.0	301.0	321.0
1630-08-6	2,4,6-Trinitro-1,3-benzenediamine	36.354825257755095	16786.81241366565	0.0	336.0	381.0
1633-22-3	[2.2]-Paracyclophane	29.859923485946787	11165.235115928128	0.0	343.0	383.0
1660-15-7	3N3O2 Phthalimide, 3,6-diamino-	27.385335286506084	11939.903029104487	1.945	461.0	508.0
1679-64-7	1,4-Benzene-dicarboxylic acid monomethyl ester	27.354710904769266	8669.232875122583	-43.0	433.0	493.0
1689-73-2	4-Hydroxy-benzalaniline	37.19826217731881	15378.965836107232	0.0	348.0	408.0
1689-82-3	4-Hydroxy-azobenzene	38.44373045411929	14559.245543001352	0.0	1.0	425.0
1748-15-8	Trithiacarbonic acid, cyclic trimethylene ester	32.2710754660755	11523.289400473795	13.042	321.0	348.0
1755-19-7	trans-cisoid-trans-Perhydroanthracene	23.096240956233284	4741.483223493339	-95.65	291.0	358.0
1806-34-4	1,4-Bis(5-phenyl-1,3-oxazol-2-yl)benzene	25.846517668858162	11351.744508460646	0.0	600.0	680.0
1818-95-7	Dipentyl terephthalate	22.5152296597181	6665.350633317189	-83.789	353.0	433.0
1874-22-2	3-(Nitro-2-furanyl)-2-propenal	30.797075618795365	11809.037907929265	0.0	318.0	338.0
1874-23-3	5-Nitro-2-furan-carboxylic acid, methyl ester	39.61597652496256	12546.095396196657	0.0	303.0	333.0
1897-45-6	2,4,5,6-Tetrachloro-1,3-benzenedicarbonitrile, chlorothalonil	30.358663417089296	10310.81486547083	-42.803	363.0	418.0
1912-24-9	2-Chloro-4-ethylamino-6-isopropylamino-s-triazine	36.590149454259084	13688.868377849603	0.0	323.0	403.0
1962-74-9	Dipropyl terephthalate	28.433287814029537	9449.887509540726	0.0	333.0	373.0
2050-68-2	4,4'-Dichlorobiphenyl	31.459022781329292	12634.947549765111	0.0	339.0	360.0
2051-24-3	Decachlorobiphenyl	31.757483861083177	14448.719155952545	0.0	323.0	363.0
2051-62-9	4-Chlorobiphenyl	35.22549937304523	11069.972565460777	0.0	277.0	346.0
2114-20-7	Hexyl carbamate	38.949424192242645	11608.844252189083	0.662	291.0	314.0
2136-99-4	2,2',3,3',5,5',6,6'-Octachlorobiphenyl	30.33015741363803	12159.571949561212	0.0	302.0	335.0
2158-10-3	Octylurea	42.365263125997444	15568.929106279242	-11.15	358.0	370.0
2170-44-7	1,2,4,6,7,9-Hexa-bromo-3,8-dichloro-dibenzo-p-dioxin	37.080024432793564	18240.3330691287	0.997	298.0	398.0
2170-45-8	Octabromodibenzo-p-dioxin	37.94268793788379	18739.58647674695	4.791	298.0	398.0
2216-21-9	2,2,6,6-Tetramethyl-1,4-piperidinediol	34.89567708432476	12065.545887288801	0.0	313.0	348.0
2226-96-2	4-Hydroxy-2,2,6,6-tetramethyl-1-piperidinyloxy	38.09417501115186	12187.267443059745	0.0	293.0	319.0
2303-17-5	Bis(isopropyl)-carbamothioic acid S-(2,3,3-trichloro-allyl) ester,	32.07213211404082	10661.429497581032	0.0	293.0	334.0
2319-29-1	Decanamide	42.81887238931728	15144.10215662184	0.0	353.0	370.0
2319-97-3	[2.2]-Metacyclophane	33.51412602852834	11031.685180534474	0.0	308.0	332.0
2379-90-0	1-Amino-2-methoxy-4-hydroxy-9,10-anthraquinone	37.68751545787819	15876.050208567882	0.0	453.0	524.0
2408-38-0	2,3,4,6-Tetramethyl benzoic acid	53.0292484930317	27118.94691451251	153.563	330.0	351.0
2409-55-4	4-Methyl-2-tert-butylphenol	23.71791590549075	5256.891568124034	-70.626	274.0	293.0
2424-92-2	Eicosanedioic acid	46.765503238709066	19903.545543840533	0.0	380.0	395.0
2437-66-3	2,3,5-Trimethyl-benzoic acid	31.272835750709792	9327.376167082884	-47.155	319.0	338.0
2438-04-2	2-Isopropylbenzoic acid	29.633118854286874	7748.753760932376	-61.234	300.0	320.0
2440-22-4	2-(2'-Hydroxy-5'-methylphenyl)benzotriazole	40.58306226402006	15058.90650818106	0.0	293.0	333.0
2440-42-8	Ethylmercuriiodide	30.571422279681943	9585.661742134213	0.0	286.0	303.0
2475-31-2	MDW, C.I. Vat Blue 5, Indigo 2B	29.300165049839933	15515.230519325527	0.0	519.0	634.0
2475-44-7	1,4-Di(methyl-amino) anthraquinone	41.07517075009475	18255.000536171076	0.0	385.0	413.0
2481-94-9	4-(Diethylamino)-azobenzene	41.524543256843465	15777.31996495048	0.0	1.0	371.0
2491-52-3	4-Nitrosoazo-benzene	18.40407910543188	3396.0413071252447	-186.776	363.0	394.0
2491-74-9	4-Nitro-4'-(N,N-dimethylamino)-azobenzene	36.29304689971006	16208.119820339109	0.0	412.0	428.0
2518-24-3	3-Amino-phthalamide	32.2131654509867	13021.11870088133	0.0	386.0	459.0
2529-36-4	2,3,6-Trimethyl-benzoic acid	39.55746783774958	14183.843582365069	21.573	314.0	336.0
2529-39-7	2,3,4,5-Tetramethyl benzoic acid	26.75728217654103	7343.413588916984	-92.586	337.0	360.0
2551-62-4	Sulfur hexafluoride	24.271319206740937	2524.7845544679712	-11.15	162.0	220.0
2604-45-7	2,3,5,6-Tetramethyl benzoic acid	27.455080588972876	7931.173762339737	-69.539	330.0	351.0
2643-00-7	Bis(p-methoxy-phenyl)nitrogen oxide	29.67375948117822	12458.221841292727	0.0	328.0	364.0
2691-41-0	Octahydro-1,3,5,7-tetranitro-1,3,5,7-tetrazocine	42.207190659363405	21099.27798263234	0.0	370.0	403.0
2696-92-6	Nitrosyl chloride	24.558681826346596	3217.40215044058	-12.15	202.0	215.0
2778-41-8	1,4-Bis(1-iso-cyanato-1-methyl-ethyl)benzene	27.56981840415677	8904.262340734671	0.0	373.0	429.0
2778-42-9	1,3-Bis(1-iso-cyanato-1-methyl-ethyl)benzene	25.424983415883744	7843.461388392314	0.0	298.0	427.0
2781-00-2	1,4-Phenylene bis(l-methylethylindene) bis[(1,1-dimethyl-ethyl)peroxide]	40.8777931559233	13422.919799608791	0.0	330.0	340.0
2809-69-0	2,4-Hexadiyne	28.719430063535906	6238.216493396608	-17.619	273.0	338.0
2819-41-2	1,1,6,6-Tetraphenylhexane	29.257106708600947	12553.947211363768	-10.108	511.0	579.0
2835-81-6	DL-2-Aminobutanoic acid	37.918050277388744	15877.061043423704	0.0	395.0	419.0
2872-48-2	1,4-Diamino-2-methoxy-9,10-anthraquinone	40.577743292455246	17680.148654779645	0.0	453.0	524.0
2872-52-8	4-Nitro-4'-[N-ethyl-N-(2-hydroxy-ethyl)amino]azo-benzene	46.44433866993826	20990.312748276585	0.0	419.0	433.0
2875-98-1	9NSi (Dimethylamino)-silane	36.49827630904862	7068.936235491721	0.0	228.0	264.0
2896-70-0	2,2,6,6-Tetra-methyl-4-oxo-1-piperidinyloxy	33.867987305619664	9842.574976470118	0.0	275.0	304.0
2913-24-8	[3.3]-Paracyclophane	34.25095325828643	11763.90724010658	0.0	321.0	343.0
2948-46-1	α,α,α',α'-Tetramethyl-1,4-benzenedimethanol	47.05793154551932	16447.36531925647	0.0	337.0	353.0
3011-34-5	4-Formyl-2-nitrophenol	35.03083882928351	10964.910212837647	0.0	328.0	354.0
3025-52-3	4-Nitro-4'-diethylamino azobenzene	41.91764058391941	17897.998533012906	0.0	403.0	424.0
3032-55-1	Metriol trinitrate	31.657091151028638	10599.213648368333	0.0	300.0	345.0
3058-38-6	1,3,5-Triamino-2,4,6-trinitro-benzene	39.218204950147836	20398.741796524926	0.0	402.0	451.0
3119-86-6	2-Hydroxy-2'-trifluoromethyl-4-methoxy benzophenone	-8.026834660028175	41.98303400056044	-277.154	323.0	363.0
3119-88-8	2'-Fluoro-2-hydroxy-4-methoxy-benzophenone	31.893935053694005	13155.621906503484	0.0	308.0	318.0
3126-90-7	Dibutyl isophthalate	35.8914760594919	15224.64658317477	67.872	333.0	413.0
3129-91-7	Dicyclohexyl ammonium nitrite	29.392015169199464	9484.12694987355	-11.332	272.0	339.0
3129-92-8	Cyclohexyl ammonium benzoate	37.90614591245797	12485.3117549118	0.0	289.0	298.0
3143-06-4	Dipropyl isophthalate	28.77623483778007	9603.057772511784	0.0	333.0	373.0
3153-26-2	Oxy-bis(2,4-pentandione)-vanadium	27.93035717801778	11010.961914697527	0.0	418.0	443.0
3229-00-3	1,3-Dibromo-2,2-bis(bromomethyl)-propane	34.542828944674355	13500.661980103549	63.811	384.0	435.0
3246-04-6	N-(3-Phenoxy-2-hydroxypropyl) butylamine	46.10344094692049	16112.636221702833	0.0	322.0	338.0
3268-87-9	Octachlorodibenzo-p-dioxin	36.988565752899845	17411.846834573793	-7.479	298.0	398.0
3274-20-2	2-Methoxy-anthraquinone	37.06010707173917	15001.34188085621	0.0	470.0	480.0
3299-38-5	1-Diethylamino-3-butanone	39.24756291008351	13315.849592784567	0.0	325.0	374.0
3375-23-3	2-Hydroxy-1-phenylazo-naphthalene	35.775172486444774	14035.999198714106	0.0	350.0	374.0
3385-78-2	Trimethylindium	29.116188500909708	6939.991470284054	0.0	323.0	361.0
3398-69-4	2-Propanamine, N-ethyl-2-methyl-nitroso-	21.81478327442931	4218.593779895507	-57.709	273.0	356.0
3445-42-9	2-(4-Isopropyl-phenyl)-2-propanol	40.435696818068436	12120.807929520657	0.0	302.0	316.0
3457-91-8	Tetramethylene nitrate	28.661888462061984	6910.288122584431	0.0	293.0	313.0
3475-63-6	N-Nitroso-trimethylurea	28.00910558819817	7458.5129099604765	0.0	273.0	313.0
3506-35-2	3'-Fluoro-2-hydroxy-4-methoxy-benzophenone	-1.8235322643966345	2074.9837668919563	0.0	323.0	342.0
3602-47-9	4'-Fluoro-2-hydroxy-4-methoxy-benzophenone	5.388555686326525	4493.223103936907	0.0	323.0	342.0
3637-10-3	1-Hydroxy-2,2,6,6-tetramethyl-4-piperidinone	32.36283348203131	9624.805688715112	0.0	288.0	328.0
3676-85-5	4-Amino-phthalamide	36.917346795973536	16272.368852188922	0.0	444.0	498.0
3697-27-6	5,6-Dimethylchrysene	27.145267764710525	8704.625910586994	-88.607	380.0	394.0
3788-15-6	2,2',4,4'-Tetramethoxy-diphenyl nitroxide	42.9886189623728	17738.040249187703	0.0	333.0	364.0
3837-55-6	3-Nitro-4'-(N,N-dimethylamino)-azobenzene	37.356196488847274	16045.248766371269	0.0	388.0	410.0
3854-90-8	3,5-Diethyl benzoic acid	35.70158186687269	12517.082824024934	0.0	325.0	343.0
4008-48-4	8-Hydroxy-5-nitro-chinoline	36.4323532978362	13359.506606147736	0.0	351.0	367.0
4164-28-7	N-Nitrodimethyl amine	32.11629569612444	8422.814823640547	0.0	314.0	324.0
4164-29-8	N-Propanamine, N-propyl-N-nitroso-	20.748317962758186	3914.5765623122243	-79.35	273.0	354.0
4164-37-8	1,4-Dinitro-piperazine	34.31731376066652	13365.649903175841	-0.519	325.0	360.0
4168-79-0	Triacetonamine oxime	34.50423761851577	10016.2451545241	0.0	275.0	303.0
4359-61-9	1,2-Diacetyl-hydrazine	32.97103830849476	12396.505653045208	0.0	347.0	358.0
4384-23-0	6,6-Paracyclophan	34.41213421479601	13080.985913299175	0.0	352.0	371.0
4395-65-7	1-Amino-4-(phenylamino)-9,10-anthraquinone	38.31356531881234	16669.85260386702	0.0	453.0	524.0
4418-61-5	5-Aminotetrazole	32.9289240271439	13538.843446115576	0.0	383.0	443.0
4430-29-9	Isoviolanthrene	39.08638195357393	26364.599314781826	0.0	570.0	720.0
4465-58-1	1-(2-Hydroxyethyl-amino) anthraquinone	41.36994769369984	18393.9177974165	0.0	423.0	441.0
4480-83-5	1,4-Dioxan-2,6-dione	31.97648272927784	9577.881307104986	0.0	324.0	351.0
4549-44-4	14N2O 1-Butanamine, N-ethyl-N-nitroso-	20.550963394437666	3735.5851101083326	-82.224	273.0	367.0
4654-16-4	Dipentyl isophthalate	36.4495766343318	13745.12283425654	0.0	353.0	433.0
4732-14-3	2,4,6-Trinitrophenetole	38.03640315116864	14488.325922137135	0.0	342.0	351.0
4946-83-2	Anthraquinone, 1-piperidine	4.272999260472769	2089.1469677989626	0.0	382.0	392.0
5057-96-5	Dimethyl-D-tartrate	43.13962249277135	13592.620320962451	0.0	308.0	317.0
5144-11-6	1,5-Dimethyl-1H-tetrazole	32.84188631062872	10321.084394985583	-0.85	303.0	343.0
5336-24-3	1,3-Bis-(1,1-dimethylethyl)-urea	30.494976454594546	9405.760768818587	-33.15	315.0	437.0
5343-98-6	2-Benzoyl-propionitrile	48.50142214031728	13053.354892183246	0.0	318.0	333.0
5385-36-4	[2.2]-Metaparacyclophane	32.24770422738162	10416.894960705064	0.0	310.0	328.0
5399-02-0	Heptadecanonitrile	22.19993668293442	5418.634355396307	-112.114	425.0	620.0
5409-83-6	2,8-Dichloro-dibenzofuran	32.55028693445196	11889.888578299564	-3.866	298.0	398.0
5422-44-6	1-Methyl-5-amino-1H-tetrazole	34.46458710321441	14067.21073964964	0.968	379.0	438.0
5462-29-3	MDW, C.I. Vat Violet 2, Mikethren Red Violet RH	20.872933867991026	11183.42553816278	0.0	519.0	634.0
5511-18-2	1-Adamantyl-carboxamide	34.76903490421009	12733.986339784973	0.0	335.0	354.0
5651-47-8	3-Isopropylbenzoic acid	50.04970338269741	21088.216363845597	93.089	300.0	316.0
5908-87-2	Docosanoic acid methyl ester	65.52005882114557	23638.338564676877	0.0	313.0	318.0
5960-55-4	1-(Dimethylamino)-9,10-anthraquinone	1.0139893974017875	432.8169199300908	0.0	396.0	408.0
5972-07-6	3,6-Bis(dimethyl-amine) phthalimide	31.813689963203164	12624.965843386984	0.0	400.0	458.0
5972-09-8	3-(Methylamino)-phthalimide	32.30273601110417	12618.166309607372	0.0	402.0	450.0
6050-13-1	2,2'-Biphenyl-dicarboxylic acid anhydride	28.434393054874175	10993.922785009372	0.0	433.0	490.0
6118-65-6	3-Acetamido-phthalimide	32.28224300377652	13048.749721997257	0.0	428.0	468.0
6118-66-7	4-(Dimethylamino)-1H-isoindole-1,3(2H)-dione	29.629434718138082	10934.976606628725	0.0	392.0	431.0
6143-52-8	Diisopropylamine, nitrate	15.667940265277984	4736.970156711071	0.0	289.0	298.0
6154-04-7	2-Methyl-5-amino-2H-tetrazole	34.84778331439048	10858.284404936372	-0.604	310.0	373.0
6169-94-4	1,8-Paracyclophane	34.38910836386607	12618.166309607372	0.0	354.0	376.0
6264-93-3	2-Amino-2,4,6-cycloheptatrien-1-one	24.658153502363938	8561.011375751863	0.0	273.0	323.0
6373-73-5	2,4-Dinitro-4'-aminodiphenyl-amine	40.90489458246784	18565.195589558858	0.0	437.0	460.0
6423-44-5	1,3-Butanediol, dinitrate	36.507256390911294	8588.642396867792	0.0	293.0	313.0
6492-73-5	MDW, C.I. Vat Blue 3, Indigo RN	12.97483674051215	6855.567187849428	0.0	519.0	634.0
6582-52-1	2,2'-Diamino-diphenylmethane	35.92645232705448	13459.325972514118	0.0	343.0	404.0
6626-64-8	5-Methyl-5H-indeno[2,1-6] quinoline	35.831194381757314	14629.11288247807	0.0	375.0	388.0
6935-65-5	N,N-Dimethyl-3-toluamide	16.157124468284568	3587.4045490337935	0.0	374.0	405.0
7127-18-6	Difluorocyanamide	23.24459651377489	2475.2789749685994	0.0	179.0	198.0
7147-89-9	4-Chloro-5-methyl-2-nitrophenol	34.604860587079614	10792.216330863093	0.0	328.0	354.0
7287-19-6	2-Methylthio-4,6-bis(isopropylamino)-1,3,5-triazine	32.15790340875485	12024.099355614908	0.0	323.0	403.0
7388-58-1	N-Methyl-hexadecanamide	47.05079353173104	17338.465750245166	0.0	345.0	355.0
7396-89-6	2-Hydroxy-3'-trifluoromethyl-4-methoxy benzophenone	11.17983350541771	12486.133777789999	0.0	312.0	323.0
7396-90-9	2-Hydroxy-4'-trifluoromethyl-4-methoxy benzophenone	29.13868475726826	10933.995705379108	0.0	312.0	333.0
7438-09-7	N-Methyltetra-decanamide	44.172470062084756	15687.067839645486	0.0	331.0	347.0
7475-56-1	Chlorodiphenyl acetic acid	23.773085844318885	10164.453346619754	0.0	407.0	440.0
7553-56-2	Iodide	27.3594312042099	6601.58053916672	-18.97	236.0	384.0
7575-82-8	1-Nitroadamantane	25.345774488684746	7658.128616842316	0.0	295.0	358.0
7576-65-0	C.I. Disperse Yellow 54	35.08326869185099	16676.96528921928	0.0	483.0	514.0
7606-79-3	2-(Acetylamino)-N-methyl-acetamide	31.068550401259362	11764.36775712518	0.0	348.0	363.0
7615-57-8	1,3,5-Triazine, 2,4,6-tricarbonitrile	29.760912326948045	9302.443775695945	0.0	393.0	533.0
7647-01-0	Hydrogen chloride	23.623671097634503	2168.045046010404	-5.09	112.0	155.0
7647-19-0	Phosphorus pentafluoride	29.39388026312479	3136.8116721857887	-9.15	153.0	175.0
7664-41-7	Ammonia	27.83530646537898	3725.375447805997	-0.6	185.0	195.0
7698-05-7	Hydrogen chloride-D	22.969138259100013	1941.8160606237388	-14.828	141.0	155.0
7726-95-6	Bromine	27.27596249458887	4700.266950328746	-13.05	168.0	264.0
7727-37-9	Nitrogen	21.806217657883373	741.9435738347274	-3.17	55.0	64.0
7782-41-4	Fluorine	28.00657274459588	1721.9422100937375	23.34	32.0	50.0
7782-50-5	Chlorine, diatomic	27.23962770182142	3325.3703654510714	-6.017	116.0	171.0
7783-06-4	Hydrogen sulfide	22.49595702248974	2061.253451982433	-22.038	160.0	185.0
7783-07-5	Hydrogen selenide	22.473921283149785	2135.8779322612772	-33.15	177.0	205.0
7783-66-6	Iodine pentafluoride	11.314212371444842	236.93600606908734	-224.33	260.0	283.0
7783-79-1	Selenium hexafluoride	24.20086010289532	2582.118923283523	-23.15	179.0	238.0
7783-80-4	Tellurium hexafluoride	24.793545505831986	2933.4934084744145	-13.15	184.0	234.0
7789-69-7	Pentabromo-phosphorane	27.752137091820035	5738.042051741162	-29.15	314.0	382.0
7790-99-0	Iodine chloride	19.95001171101715	2268.506833617734	-105.25	253.0	285.0
9002-81-7	Paraformaldehyde	22.48828941413007	3859.109590007091	-45.05	264.0	397.0
10024-97-2	Dinitrogen oxide (Nitrous oxide)	26.622258586687856	2703.2809508768696	-4.93	147.0	182.0
10026-03-6	Selenium tetrachloride	28.496332593875714	7066.173133380128	-48.15	386.0	482.0
10026-13-8	Pentachloro-phosphorane	28.394788591274676	6684.634783471014	-36.15	357.0	434.0
10034-85-2	Hydrogen iodide	21.45097482973625	2014.439594456771	-32.73	155.0	225.0
10035-10-6	Hydrogen bromide	22.548087548995124	2022.982185151779	-19.95	155.0	185.0
10102-03-1	Dinitrogen pentoxide	31.705215179472212	5779.4885834150555	-20.15	260.0	314.0
10102-43-9	Nitrogen oxide (Nitric oxide)	27.062651011573898	1747.0542031179305	-7.15	97.0	108.0
10482-56-1	p-Menth-1-en-8-ol	18.824001548841203	9905.350353860413	0.0	287.0	305.0
10495-38-2	3-Amino-6-(dimethylamino)-phthalimide	31.961953417341054	13087.893668578157	0.0	434.0	459.0
10544-72-6	Dinitrogen tetroxide	29.869617369188294	5052.2631334947455	-12.03	239.0	262.0
12027-06-4	Ammonium iodide	25.954508909719586	9115.934383163427	-47.15	544.0	710.0
12082-47-2	Bis(ethylene)(2,4-pentandione)-rhenium	35.68753609780542	11509.19527711958	0.0	282.0	301.0
12116-66-4	Bis(eta-cyclopentadienyl)-hafnium chloride	31.213843520627282	12067.848472381795	0.0	394.0	447.0
12124-97-9	Ammonium bromide	26.122597621508152	9088.3033620475	-46.15	537.0	699.0
12125-02-9	Ammonium chloride	26.435058418627445	8528.084408922048	-41.15	494.0	640.0
12164-94-2	Ammonium azide	28.89122593732419	6495.592547336203	-33.15	338.0	422.0
12217-79-7	C.I. Disperse Blue	24.71178070917977	11369.278693943796	0.0	483.0	534.0
12282-38-1	Bis(propylene)-2,4-pentandionato-rhodium	33.32876792854232	10249.197688382308	0.0	270.0	296.0
13007-92-6	Chromium hexacarbonyl	31.024801284492476	8233.814034037408	0.0	288.0	423.0
13029-08-8	2,2'-Dichlorobiphenyl	31.648732767141073	11486.650666474074	0.0	310.0	329.0
13061-96-6	Methylboronic acid	31.74528016009031	7707.9035987975685	0.0	293.0	362.0
13075-58-6	4-Hydroxy-2,2,6,6-tetramethyl-piperidine-1-oxide	38.18837376730625	12203.700992868444	0.0	293.0	318.0
13147-25-6	Ethanol, 2-(ethylnitrosoamino)	22.535308201729006	4776.187786014945	-87.558	273.0	376.0
13207-63-1	5-Iodo-8-quinolinol	39.36269216473322	14276.027576563085	0.0	363.0	383.0
13256-06-9	N-Nitrosodipentyl-amine	22.587254521426953	5131.541138246531	-66.655	273.0	314.0
13256-07-0	1-Pentanamine, N-methyl-N-nitroso-	22.721449180646644	4799.446198039279	-54.676	273.0	369.0
13478-20-1	Phosphoryl trifluoride	30.061169423074467	4105.509220808384	-12.15	195.0	234.0
13509-52-9	1,3,6-Trimethyl-uracil	39.06605012720279	13475.17006053901	0.0	314.0	320.0
13536-59-9	Hydrogen bromide-D	22.164292665694873	1889.6855341183534	-25.85	156.0	185.0
13550-49-7	Ammonia-d3	27.369401397662568	3528.020879485477	-9.15	188.0	201.0
13681-87-3	Bis(diethyldithio-carbamate)copper	39.95652886021638	17934.835289330622	0.0	420.0	465.0
13682-74-1	Dicarbonyldinitrosyl-iron	27.266982412726193	5680.477424416311	0.0	272.0	291.0
13709-36-9	Xenon difluoride	27.963445325804102	6180.0462861923	-11.47	252.0	398.0
13709-61-0	Xenon tetrafluoride	30.022946510530765	7126.639017922152	-3.59	316.0	390.0
13767-16-3	[<15>N]-Ammonia	27.878779271934707	3724.20112940857	-1.15	185.0	195.0
13939-06-5	Molybdenum hexacarbonyl	30.8979288458685	8307.565834566007	0.0	316.0	423.0
13980-04-6	Hexahydro-1,3,5-trinitroso-1,3,5-triazine	37.575886132569835	13538.739829786391	0.0	325.0	360.0
14023-80-4	Dicarbonyl(2,4-pentandione)iridium	33.356859466676845	11221.90173506671	0.0	286.0	325.0
14040-11-0	Tungsten hexacarbonyl	31.45998986706835	8948.74367956113	0.0	333.0	433.0
14104-45-1	Hydrogen iodide-D	21.750495098632918	2053.1230240190707	-34.18	179.0	220.0
14156-10-6	Peroxydecanoic acid	46.710701713495816	14083.001868217394	0.0	293.0	303.0
14239-51-1	Bis(diethylthio-carbamate)mercury	11.491971940623984	5728.831711369186	0.0	378.0	403.0
14239-68-0	Bis(diethyldithio-carbamate)cadmium	34.11947564947647	16025.992247238559	0.0	433.0	469.0
14267-17-5	Bis(diethyldithio-carbamate)nickel	39.380882586967864	18282.525638372725	0.0	440.0	478.0
14285-68-8	Decacarbonyl-dirhenium	29.141286678423345	9336.061518053659	0.0	363.0	454.0
14309-25-2	Triphenylazido-methane	40.09951939449131	14506.28608586249	0.0	333.0	363.0
14324-55-1	Bis(diethyldithio-carbamate)zinc	40.04172450865716	17216.42874031648	0.0	401.0	444.0
14354-08-6	Bis(diisopropyldithio-carbamate)copper	33.16620542097694	15581.593324290709	0.0	440.0	465.0
14524-92-6	Pentacarbonyl-methylrhenium	30.073142865558037	7842.60482673772	0.0	315.0	380.0
14532-24-2	Hexylsulfonyl chloride	26.256377815411106	7297.122418207431	0.0	273.0	303.0
14580-70-2	1,5-Dipiperidyl-9,10-anthraquinone	44.33627596560035	20845.302846875096	0.0	408.0	458.0
14874-82-9	Dicarbonyl-(2,4-pentandione)-rhodium	33.71030627845143	10462.601274800996	0.0	276.0	301.0
14952-05-7	trans-Nonenoic acid amide	38.81679529088619	13460.205560019644	0.0	383.0	394.0
15131-43-8	2-Hydroxy-4-butoxy benzophenone	22.26194529948875	2908.7544342352867	-203.586	393.0	443.0
15226-74-1	Octacarbonyl-dicobalt	45.41895147632616	12481.392755083527	0.0	288.0	315.0
15321-51-4	Nonacarbonyldiiron	47.951334561601	16279.276607467904	0.0	296.0	314.0
15694-55-0	Bis(diisopropyldithio-carbamate)nickel	35.06353553760403	17250.967516711393	0.0	442.0	477.0
15856-96-9	cis-2-Pentenoic acid amide	41.871266520146506	12808.046686716032	0.0	323.0	333.0
15917-77-8	[<15>N]-Nitrogen oxide	26.88097704773667	1704.9721579583713	-8.75	97.0	109.0
15917-78-9	[<18>O]-Nitrogen oxide	27.084940035274084	1744.04702698648	-7.75	97.0	109.0
15974-34-2	Bis(diethylthio-carbamate)cobalt	42.83476022645893	21351.871567333787	0.0	458.0	482.0
16212-85-4	3,6-Diphenyl-1,2-dithiine	54.44462452384421	20983.45795245474	0.0	1.0	415.0
16225-26-6	3,5-Di-tert-butyl benzoic acid	35.63227405557356	13035.164469948593	0.0	339.0	357.0
16419-78-6	Dicyanobutadiyne	21.526683827593892	4107.519377594568	0.0	294.0	336.0
16624-68-3	N-Acetyl-D-leucine amide	32.90394097888491	12192.188067403473	0.0	374.0	401.0
16681-77-9	1-Methyl-1H-tetrazole	40.51822146780135	10090.600232347064	-4.748	282.0	315.0
16752-60-6	Tetraphosphorus decaoxide	29.860844519983985	14791.80663739375	-60.15	713.0	845.0
17082-12-1	trans-Azobenzene	35.31728041485198	11196.1058742699	0.0	297.0	341.0
17088-73-2	Bis(hydroxymethyl)peroxide	40.40553295335022	11305.692806600766	0.0	288.0	313.0
17354-14-2	1,4-Di(butylamino)-anthraquinone	30.9051589630605	14000.999905300596	0.0	389.0	398.0
17418-58-5	1-Amino-4-hydroxy-2-phenoxy-9,10-anthraquinone	1.9569440446847084	1716.4482420618535	0.0	433.0	450.0
17549-30-3	Bis(diethyldithio-carbamate)lead	33.51389577001903	15623.039855964602	0.0	444.0	482.0
17854-07-8	Hexaphenylethane	33.407516338722715	13404.545170566698	0.0	365.0	400.0
17869-07-7	1-Amino-2-hydroxyethyl-4-hydroxy-9,10-anthraquinone	37.97287482845294	16260.925004276742	0.0	453.0	524.0
18081-38-4	Isocyanosilane	30.108372417480847	5871.591987134817	0.0	253.0	304.0
18084-37-2	1,5-Bis(dimethyl-amino)-9,10-anthraquinone	10.394306600942791	4641.958588018858	0.0	411.0	436.0
18281-04-4	Nonadecanoic acid ethyl ester	51.336134648302256	18010.820597399426	0.0	302.0	308.0
18281-05-5	Eicosanoic acid ethyl ester	58.151786523564624	20633.465018319646	0.0	307.0	313.0
18281-07-7	Tricosanoic acid ethyl ester	57.36890759194665	21075.5613561745	0.0	316.0	322.0
18699-48-4	Di(2-methylpropyl) terephthalate	13.783251340811429	1926.7548515304647	-210.964	333.0	393.0
18799-75-2	Phosphinodithioic acid, bis(trifluoromethyl)-ester	25.392678147029038	5038.056183470972	0.0	273.0	287.0
19408-74-3	1,2,3,7,8,9-Hexa-chlorodibenzo-p-dioxin	39.3602974762365	17537.367655748178	3.119	298.0	398.0
19836-28-3	N,2,2,2,2',2',2'-heptanitrodiethyl-amine	38.971252698924225	14137.872470983442	0.0	340.0	356.0
20062-22-0	1,2-Bis(2,4,6-trinitrophenyl)-ethylene	37.56962310111689	21640.87823269584	0.0	434.0	480.0
20103-10-0	2,6-Dichlorohydro-quinone	22.322641442540075	5856.790970157052	-88.604	298.0	345.0
20265-96-7	4-Chloroaniline, hydrochloride	29.53035448158655	9212.573879516387	-3.044	373.0	483.0
21725-46-2	13ClN6 2-[[4-Chloro-6-(ethylamino)-1,3,5-triazino-2-yl]-amino]-2-	25.93988749437907	10983.761476993988	0.0	338.0	366.0
22031-62-5	trans-6-Heptenoic acid, amide	12.756482596143524	896.6980153497642	-271.434	362.0	393.0
22736-20-5	Hexakis(trifluoro-methyl)tetracyclo-2.2.0.0(2,6).0(3,5)-hexane	28.21127255936305	5915.341103901704	0.0	293.0	306.0
22751-23-1	6ClNO3 2-Chloro-2'-nitroacetophenone	37.0546729709197	12083.112308963251	-4.766	273.0	333.0
23220-25-9	N-Methyl-decanamide	38.49668991125815	12366.263500433824	0.0	303.0	325.0
23257-62-7	N,N-Bis(3-phenoxy-2-hydroxy-propylbutylamine	31.31147312857023	13753.110501944137	0.0	363.0	411.0
23350-58-5	Crotonamide	19.54779614697295	2988.5251921969725	-166.9	363.0	413.0
23525-22-6	Diphenylarsine-carbonitrile	29.585685601371196	10177.426111033683	0.0	296.0	326.0
24478-72-6	1,2,3,4-Tetrachloro-dibenzofuran	35.60729100731457	13763.644828744586	-11.503	298.0	398.0
24847-46-9	Acetylproline, N-methylamide-	24.469111266229127	7298.273710753928	0.0	319.0	336.0
25074-67-3	3-Chloro-dibenzofuran	33.75414749862204	11432.94286917999	-0.335	298.0	373.0
25660-64-4	4-Phenyl-1,2,3-selenadiazole	33.31794577860524	10904.121966382605	0.0	327.0	345.0
26227-73-6	4-Butyl-N-[(4-methoxyphenyl)-methylene]benzen-amine	17.69285662190788	4249.340198642257	0.0	283.0	295.0
26454-66-0	S,S-Dichloro-N-[tetrafluoro-1-(trifluoromethyl)-ethysulfilimine	23.62896704334839	4732.434064077873	0.0	313.0	347.0
27032-01-5	Pyridinium dicyanomethylide	34.83481976031693	15133.005999058701	0.0	403.0	440.0
27563-67-3	N-Methyllauramide	41.27821270359496	14027.348386519727	0.0	323.0	337.0
28071-99-0	trans-transoid-trans-Perhydroanthracene	13.980582883281016	1926.0433527367297	-151.85	270.0	323.0
28267-45-0	1,3-Dimethyl-6-propyluracil	38.58773412583514	13235.332797252751	0.0	310.0	317.0
28371-07-5	Bis(diisobutyldithio-carbamate)nickel	39.93350300928644	18294.038563837694	0.0	423.0	443.0
28464-24-6	10N6O10 Dipropylamine, N,2,2,2',2'-penta-nitro-N-(2,2-Dinitropropyl)-	27.8037149979031	11915.877856244188	0.0	398.0	420.0
28464-26-8	Dipropylamine, 2,2,2',2'-tetranitro-N-nitroso-N-(2,2-	36.43840909663078	13350.388369179478	0.0	323.0	336.0
28746-04-5	Hexadecabromo phthalocyanine	27.356322714334357	13129.34020025205	0.0	438.0	493.0
28888-81-5	Hexadecachloro phthalocyanine	38.89457661532752	16963.144380087135	0.0	398.0	443.0
29446-15-9	2,3-Dichloro-dibenzo-p-dioxin	35.85705241235164	13333.844295286315	7.023	298.0	398.0
29743-08-6	p-Ethoxy-benzylidene-p'-butylaniline	7.552893570337209	856.598495955273	0.0	311.0	344.0
29817-79-6	[<15>N]-Nitrogen	21.848907585507483	744.1264245028858	-3.27	55.0	64.0
30746-58-8	1,2,3,4-Tetrachloro-dibenzo-p-dioxin	36.87143324921924	14912.51735830887	7.313	298.0	398.0
31110-30-2	Isocrotonamide	28.336993705440523	8175.7888896939585	0.0	353.0	387.0
31482-56-1	4-Nitro-4'-[N-ethyl-N-(2-cyanoethyl)-amino] azobenzene	39.510011558982974	17716.23016318686	0.0	433.0	524.0
31703-08-9	1,3-Dimethyl-5-ethyluracil	36.362446814412905	11935.339305450174	0.0	299.0	317.0
32539-85-8	1-Oxa-2-cyclohexadecanone	29.807033106360713	9735.576149783776	0.0	290.0	309.0
33423-92-6	1,3,6,8-Tetrachloro-dibenzo-p-dioxin	36.85066393168043	15324.815942475292	2.276	298.0	398.0
33857-28-2	2,3,7-Trichloro-dibenzo-p-dioxin	35.61528097758726	13413.734787672838	-12.389	298.0	398.0
34171-36-3	1,N4-Dimethyl-5-ethylcytosine	38.35554144505762	15990.548554902101	0.0	370.0	378.0
34880-53-0	2,2,2-Trinitro-N-(2,2,2-trinitroethyl)-ethanamine	27.66555989232346	9723.816847713855	0.0	337.0	349.0
34882-73-0	2,2,2,2',2',2'-Hexanitro-N-nitrosodiethylamine	33.306893370158875	11752.39431464161	0.0	333.0	354.0
34915-40-7	Diisopropyl ammonium nitrite	15.671440194619336	4737.826718365665	0.0	289.0	298.0
35048-13-6	7-Chloro-5-iodo-8-quinolinol	40.69819151866976	15772.707887009214	0.0	363.0	383.0
35693-99-3	2,2',5,5'-Tetrachlorobiphenyl	32.05198449447712	11328.718657530706	0.0	303.0	313.0
35822-46-9	1,2,3,4,6,7,8-Hepta-chlorodibenzo-p-dioxin	39.299025686911925	17942.935783687775	-0.642	268.0	398.0
36245-88-2	2-(3-Methoxypropyl)-1H-xanthenol[2,1,9-def]isoquinoline-1,3(2H)-dione	28.839878289750423	13447.096943085227	0.0	605.0	647.0
37014-01-0	Tetrahydro-2,6-diphenyl-4H-thiopyran-4-one	41.849484065166784	16359.176310194798	0.0	1.0	386.7
37170-96-0	9-Acetamido-anthracene	36.624688230653994	16214.80422486407	0.0	446.0	500.0
37680-73-2	2,2',4,5,5'-Pentachlorobiphenyl	30.44017492938129	11144.511850091181	0.0	303.0	313.0
38178-38-0	1,6-Dichloro-dibenzo-p-dioxin	32.983449242145994	12181.83564482537	-6.619	298.0	398.0
38256-01-8	1,1'-Diadamantyl ketone	31.361208966578904	12319.521023046043	0.0	362.0	379.0
38444-86-9	2',3,4-Trichlorobiphenyl	7.402811073975856	3476.9034904210093	0.0	303.0	313.0
38677-56-4	(2,2,2-Trinitroethyl) benzene	32.80032464970018	10123.315361348323	0.0	293.0	308.0
38964-22-6	2,8-Dichloro-dibenzo-p-dioxin	35.01416811321024	13042.673199936846	-0.927	298.0	398.0
39001-02-0	Octachlorodibenzo-furan	38.953315561049806	18018.495113514375	0.321	298.0	398.0
39073-07-9	2,7-Dibromo-dibenzo-p-dioxin	34.26739371585041	13035.542093903845	4.488	298.0	398.0
39196-18-4	2-Butanone, 3,3-dimethyl-1-(methyl-thio)-O-[(methyl-	33.5250172560182	11310.484486179286	0.0	298.0	329.0
39227-28-6	1,2,3,4,7,8-Hexa-chlorodibenzo-p-dioxin	37.563129811154646	16831.012837110768	-1.093	298.0	398.0
39227-53-7	1-Chlorodibenzo-p-dioxin	35.33956943855216	11850.735421378293	-0.07	0.001	335.41
39227-54-8	2-Chlorodibenzo-p-dioxin	34.274370548682185	11112.743083563144	-8.304	0.001	332.53
39227-58-2	1,2,4-Trichloro-dibenzo-p-dioxin	39.080717594245165	14449.350064268026	1.135	298.0	398.0
39227-61-7	1,2,3,4,7-Penta-chlorodibenzo-p-dioxin	39.42173044651758	16681.524407703408	1.513	298.0	398.0
39227-62-8	1,2,4,6,7,9-Hexa-chlorodibenzo-p-dioxin	40.20258310325372	18052.601003911805	7.791	298.0	398.0
40321-76-4	1,2,3,7,8-Penta-chlorodibenzo-p-dioxin	36.977214008391385	15821.612491799315	-3.195	298.0	398.0
40915-96-6	Peroxytridecanoic acid	52.96268075799325	17159.00226809721	0.0	293.0	303.0
41463-86-9	4,4,4-Trifluoro-1-phenyl-1,3-dione	33.352945072018755	10582.911345909935	0.0	276.0	284.0
41902-42-5	2,2,4,4-Tetramethyl-3-tert-butyl-3-pentane	23.38737981539145	6813.79368909233	0.345	278.0	318.0
47189-08-2	1,4-Bis(1,1-diethoxyethyl)benzene	41.170221462733544	13504.661570410079	0.0	306.0	327.0
49753-54-0	1,3,5-Triazine, 2,4,6-tris(2,4,6-trinitrophenyl	29.11655691452459	20197.700789470524	0.0	479.0	551.0
49786-02-9	1,3-Dimethyl-6-ethyluracil	33.5752366368964	11556.683792077489	0.0	309.0	315.0
50585-37-0	2,3-Dibromo-dibenzo-p-dioxin	34.33207333111261	12498.521685590307	-7.96	298.0	398.0
50585-38-1	2,3-Difluoro-dibenzo-p-dioxin	34.03315173434012	12850.63530059605	12.928	298.0	398.0
50585-39-2	1,3-Dichloro-dibenzo-p-dioxin	36.4465832737109	13097.774061212194	-5.411	0.001	364.78
50585-41-6	2,3,7,8-Tetrabromo-dibenzo-p-dioxin	32.74791781298364	13945.956608652574	-1.467	298.0	398.0
50585-42-7	2,3-Dichloro-7,8-difluorodibenzo-p-dioxin	35.52048354930869	14589.803149770476	2.631	298.0	398.0
50585-43-8	2,3-Dibromo-7,8-difluorodibenzo-p-dioxin	33.532293424912055	14309.889392940655	1.075	298.0	398.0
50585-46-1	1,3,7,8-Tetrachloro-dibenzo-p-dioxin	37.230429291067935	15159.115011428163	-2.148	298.0	398.0
51112-72-2	Diisopropyltelluride	24.05740905160179	5348.905171025169	0.0	263.0	298.0
51207-31-9	2,3,7,8-Tetrachloro-dibenzofuran	35.065308528125634	14293.18874326117	-1.522	298.0	398.0
51853-00-0	5-Methyl tetrazole	32.652636841835545	11271.038900951204	-0.147	323.0	418.0
52183-94-5	1-[N-(Triphenylacetyl)-L-leucyl]proline methyl ester	40.07649354356137	14596.086904489257	0.0	313.0	366.0
52315-07-8	3-(2,2-Dichloro-vinyl)-2,2-dimethyl-cyclopropane carboxylic	39.953996016614084	16472.91480344833	0.0	303.0	371.0
52654-27-0	Bis(ethylene)(2,4-pentandione)iridium	29.793701138672276	10084.447724978583	0.0	283.0	311.0
54564-31-7	2-Nitroadamantane	23.1267041570136	6987.042494074295	0.0	306.0	368.0
54589-71-8	2,4,8-Trichloro-dibenzofuran	36.28015242318929	13687.78155768571	2.188	298.0	398.0
55673-89-7	1,2,3,4,7,8,9-Hepta-chlorodibenzofuran	39.067454704109515	17058.948038051338	-3.856	298.0	398.0
56986-36-8	N-Nitroso(acetoxy-methyl) butyl amine	14.6412636240138	2687.6625161910915	-141.403	273.0	329.0
57117-31-4	2,3,4,7,8-Penta-chlorodibenzofuran	36.79003686618189	15031.7129782328	-7.142	298.0	398.0
57117-32-5	2,3,8-Trichloro-dibenzofuran	33.94512390623496	12929.381408191353	-6.689	298.0	398.0
57117-35-8	1,3,7,8-Tetrachloro-dibenzofuran	35.694374775531614	13924.333032044267	-5.06	298.0	398.0
57117-36-9	1,3,6,7-Tetrachloro-dibenzofuran	36.67824635991703	14605.944271272365	-1.179	298.0	398.0
57117-37-0	2,3,6,8-Tetrachloro-dibenzofuran	36.42477779288025	14854.76852417658	3.208	298.0	398.0
57117-38-1	2,4,6,7 Tetrachloro-dibenzofuran	38.194176281740596	15368.268025765183	6.043	298.0	398.0
57117-39-2	2,3,6,7-Tetrachloro-dibenzofuran	35.53977921238799	14128.595355643767	-5.74	298.0	398.0
57117-41-6	1,2,3,7,8-Penta-chlorodibenzofuran	37.13625356076448	15774.225290585497	2.784	298.0	398.0
57117-42-7	1,2,3,6,7-Penta-chlorodibenzofuran	38.504725933232706	16383.546870819046	7.95	298.0	398.0
57117-43-8	2,3,4,6,7-Penta-chlorodibenzofuran	36.74771535217266	15122.865414309155	-5.626	298.0	398.0
57117-44-9	1,2,3,6,7,8-Hexa-chlorodibenzofuran	37.32476620232791	16049.52466688896	-4.653	298.0	398.0
57348-79-5	(Pentacyclo-[9,5,1,1(3,9),1(5,15),1(7,13)]-octasiloxane	32.50098858761096	13285.915986575645	0.35	463.0	563.0
57653-85-7	1,2,3,6,7,8-Hexa-chlorodibenzo-p-dioxin	37.15612487011702	16739.14659965558	-0.876	298.0	398.0
57807-44-0	α,α-Dimethyl-4-[1-(tert-butoxy)-1-methylethyl] benzenemethanol	56.330671973515635	16860.909601958203	0.0	318.0	324.0
58429-99-5	9,10-Dimethylbenz[a]-anthracene	39.680448907566394	16235.527490701017	0.0	379.0	396.0
58802-08-7	1,2,4,7,8-Penta-chlorodibenzo-p-dioxin	38.85388993673432	16501.6833016002	0.696	298.0	398.0
58802-14-5	2,4,6-Trichloro-dibenzofuran	35.870637664400306	12964.330044732818	-11.841	298.0	390.0
58802-15-6	1,2,4,7,8-Penta-chlorodibenzofuran	36.87741997046102	15763.997207602417	3.255	298.0	398.0
58802-16-7	1,3,4,7,8-Penta-chlorodibenzofuran	38.3013846436704	15505.994850517527	-3.807	298.0	398.0
58802-20-3	1,2,7,8-Tetrachloro-dibenzofuran	36.69954527202723	15176.681433102613	7.555	298.0	398.0
59264-09-4	1,3,5,6-Tetramethyluracil	35.9774545868643	12558.67902372987	0.0	316.0	322.0
59300-34-4	N-Isopropyl-N-(2-propynyl)carbamo-thioic acid S-ethyl ester	30.240563827669632	8902.968287912408	0.0	298.0	314.0
59300-35-5	N-Butyl-N-(2-propynyl)carbamo-thioic acid S-ethyl ester	32.737510128363304	9881.405771478367	0.0	298.0	314.0
59300-36-6	N,N-Dipropyl-carbamothioic acid S-(2-propynyl) ester	36.36325271919545	11119.70840346945	0.0	298.0	314.0
60851-34-5	2,3,4,6,7,8-Hexa-chlorodibenzofuran	37.75049116017158	16445.53476410754	-0.279	298.0	398.0
62308-10-5	4'-Nitro-2-methyl-4-aminoazobenzene	38.277944327423725	16233.224905608024	0.0	1.0	425.0
62615-08-1	1,2,3,8-Tetrachloro-dibenzofuran	36.763234775699445	15026.656501368585	5.091	298.0	398.0
62850-21-9	2,2,5,5-Tetramethyl-3,4-di-tert-butylhexane,(1,1,2,2-Tetra-tert-butylethane)	13.71200935803419	1418.49833619861	-210.115	321.0	366.0
63147-26-2	N,N-Dimethyl-N-sulfomethaninium hydroxide	30.85671257270391	7287.681819326155	0.0	292.0	349.0
64126-86-9	2,3-Dichloro-dibenzofuran	34.77200523898006	12459.651746635476	-2.294	298.0	398.0
64560-17-4	1,3,7,9-Tetrachloro-dibenzofuran	35.459465044344356	14287.918125983306	-2.676	298.0	398.0
66467-05-8	Bis(propylene)-2,4-pentandionatoiridium	34.94380111276834	10965.831246874843	0.0	269.0	304.0
66794-59-0	1,4,6,7-Tetrachloro-dibenzofuran	36.77716541551206	14736.846233809078	0.549	298.0	398.0
67028-17-5	1,3,7-Trichloro-dibenzo-p-dioxin	35.39423280865984	13119.74993333973	-10.531	298.0	398.0
67028-18-6	1,2,3,7-Tetrachloro-dibenzo-p-dioxin	36.98898021821658	14566.220073248032	-11.428	298.0	398.0
67316-66-9	Bis(1,1,1,5,5,5-hexafluoro(2,4-pentandione)dioxo-uranium	44.900409313383896	17683.853514194274	0.0	370.0	425.0
67481-22-5	2,3,4,6,8-Penta-chlorodibenzofuran	36.471220934205945	15230.281008897327	-3.428	298.0	398.0
67517-48-0	1,2,3,4,8-Penta-chlorodibenzofuran	38.24494828304111	15664.18474899131	-1.444	298.0	398.0
67562-39-4	1,2,3,4,6,7,8-Hepta-chlorodibenzofuran	40.10649622732308	18036.556590983822	6.12	298.0	398.0
67562-40-7	1,2,4,6,7,8-Hexa-chlorodibenzofuran	38.76931598626865	16854.020267359963	3.188	298.0	398.0
69090-74-0	Bis[bis(3-methylbutyl)dithio-carbamate]copper	37.30395083308724	17925.624948958648	0.0	427.0	458.0
69433-00-7	1,2,6,7,8-Penta-chlorodibenzofuran	37.12246107605745	15689.494764333502	1.7	298.0	398.0
69698-57-3	1,2,4,6,8-Penta-chlorodibenzofuran	36.619921879511494	15064.801126019125	-6.252	298.0	398.0
69698-58-4	1,2,3,4,6,8,9-Hepta-chlorodibenzofuran	40.514353124845115	17822.837550407392	2.941	298.0	398.0
69698-59-5	1,2,4,6,8,9-Hexa-chlorodibenzofuran	37.706788095106546	16576.264032762276	1.88	298.0	398.0
69698-60-8	1,2,3,4,6,8-Hexa-chlorodibenzofuran	37.949181227846026	16511.570601989515	0.423	298.0	398.0
70648-25-8	1,2,3,4,6,7,9-Hepta-chlorodibenzofuran	38.13364131964578	17303.226987981983	9.24	298.0	398.0
70648-26-9	1,2,3,4,7,8-Hexa-chlorodibenzofuran	37.534071187281064	16080.342465773592	-4.64	298.0	398.0
71998-72-6	1,3,6,8-Tetrachloro-dibenzofuran	37.64597682280058	15259.604430056608	5.915	298.0	398.0
71998-74-8	1,2,4,7,9-Penta-chlorodibenzofuran	37.79430935449125	15703.015543999563	0.002	298.0	398.0
71998-75-9	1,3,4,6,7,8-Hexa-chlorodibenzofuran	38.900724517525816	17070.916875364725	5.644	298.0	398.0
74918-40-4	3,6-Dichloro-dibenzofuran	36.87189376623783	13803.795005011123	5.973	298.0	398.0
75025-98-8	Disperse Yellow	32.630255714731646	15610.7486567382	0.0	483.0	524.0
75627-02-0	1,2,4,6,7,9-Hexa-chlorodibenzofuran	38.186025130511396	15664.371258383844	-11.173	298.0	398.0
79060-60-9	1,2,3,4,6,7-Hexa-chlorodibenzofuran	38.42454992029465	16714.000067854995	2.008	298.0	398.0
80912-39-6	1,2-Diformylhydrazine	27.698026342134675	9168.663581792991	63.45	395.0	420.0
82413-41-0	1,3-Dimethyl-5,6-pentamethylene-uracil	36.64234905831726	13458.190798063273	0.0	335.0	358.0
83704-22-7	1,2,3,7-Tetrachloro-dibenzofuran	38.408155514432536	15591.349377329725	8.82	298.0	398.0
83704-25-0	1,2,6,7-Tetrachloro-dibenzofuran	35.95928719048058	14503.999618865146	-0.807	298.0	398.0
83704-26-1	1,2,7,9-Tetrachloro-dibenzofuran	36.49742435256421	14626.09879859134	-0.363	298.0	398.0
83704-30-7	2,3,4,6-Tetrachloro-dibenzofuran	38.37331740197553	15281.200375643799	4.322	298.0	398.0
83704-31-8	2,3,4,7-Tetrachloro-dibenzofuran	36.83783853271245	14639.20971811085	-1.155	298.0	398.0
83704-32-9	2,3,4,8-Tetrachloro-dibenzofuran	36.67824635991703	14605.944271272365	-1.171	298.0	398.0
83704-36-3	1,3,4,6,7-Penta-chlorodibenzofuran	38.61642433609384	16256.821797641025	5.992	298.0	398.0
83704-47-6	1,2,3,4,6-Penta-chlorodibenzofuran	38.229451885365265	15984.56413624541	3.071	298.0	398.0
83704-50-1	1,2,4,6,7-Penta-chlorodibenzofuran	38.22627431793693	15664.447243691913	-1.481	298.0	398.0
87578-82-3	8,9-Dimethyl-9H-purin-6-amine	30.46978617367719	12730.82489045229	0.0	369.0	375.0
88381-75-3	2,2-Dinitro-adamantane	35.020062731048306	11580.934618276902	0.0	278.0	317.0
89284-69-5	5-Chloro-2-hydroxybenzo-quinone	30.428662003916315	11052.40844637142	0.0	293.0	367.0
91538-83-9	1,2,3,4,6,9-Hexa-chlorodibenzofuran	39.172475610200976	16632.566843456167	-0.537	323.0	398.0
91538-84-0	1,2,3,4,7,9-Hexa-chlorodibenzofuran	38.84891635293345	16810.363253996795	2.393	298.0	398.0
92114-99-3	3-Methyl-4'-nitro-4-N,N-dimethyl-aminoazobenzene	37.32458199552046	15159.814997296431	0.0	373.0	394.0
92245-57-3	4-(2-Hydroxy-ethoxy)azobenzene	43.3505392872896	16735.188455880725	0.0	1.0	371.0
99115-63-6	1,3,5,7-Tetraazatricyclo[3.3.1.13,7]decane	53.984107505245404	14315.171523143983	0.0	293.0	313.0
101251-31-4	1,6-Dimethyl-3-ethyluracil	25.536566689490233	9260.769288097847	0.0	307.0	314.0
101325-82-0	4-(Octahydro-1,3-dioxo-2H-isoindol-2-yl)benzoic acid	19.97492568172335	4731.812366102764	0.0	330.0	500.0
103393-58-4	1,6-Dimethyl-3-butyluracil	31.268898330200773	11011.277368855268	0.0	310.0	317.0
103582-29-2	Octabromo-dibenzofuran	40.29961403907249	20893.2541814367	-8.224	298.0	398.0
105836-96-2	2,8-Dibromo-dibenzo-p-dioxin	35.86828902760546	13311.951316222128	0.672	298.0	398.0
105908-71-2	1-Bromodibenzo-p-dioxin	33.52091865455267	11039.182397597264	-16.384	0.1	398.16
109856-25-9	1,3-Dimethyl-6-butyluracil	30.595161931990713	10954.237730931618	0.0	312.0	318.0
112248-67-6	3,8-Dimethyl-naphto[3,2,1-kl]xanthene	38.53145894616236	16622.361786324018	0.0	373.0	433.0
116988-56-8	8-Ethyl-9-methyl-9H-purin-6-amine	34.149869772703994	13868.07857563733	0.0	364.0	373.0
117954-97-9	9-Methyl-8-propyl-9H-purin	37.313483535372235	14945.524915616941	0.0	364.0	370.0
117954-98-0	8-Butyl-9-methyladenine	40.550664891761635	16261.560517762407	0.0	362.0	368.0
128478-71-7	2-Cyano-2-nitroadamantane	26.694145293291133	8438.916801195854	0.0	306.0	369.0
145729-67-5	1,N4-Dimethyl-5-propylcytosine	37.87660374571486	15985.584181441607	0.0	373.0	380.0
151985-84-1	1,6-Dimethyl-3-propyluracil	40.651310886176404	14147.034457068467	0.0	311.0	317.0
220326-37-4	2,5-Hexanediol, dinitrate	54.02707374308068	14331.29422396513	0.0	293.0	313.0
500014-87-9	3-tert-Butylbenzoic acid	40.94180502150853	15780.677134016067	42.022	318.0	335.0
500023-24-5	Peroxydodecanoic acid	49.55577585439925	15790.0003010576	0.0	293.0	303.0
500060-80-0	3,4-Diethyl-3,4-dimethoxyethane	33.458035055663004	7201.974996994731	0.0	302.0	332.0
500060-81-1	2,3-Dibromo-dibenzofuran	34.05263160422685	12832.751122178766	-5.319	298.0	398.0
500061-14-3	Peroxyteradecanoic acid	56.9256599615453	18779.009036124102	0.0	293.0	303.0
500061-28-9	Di(1-methylpropyl) isophthalate	22.09968212798546	5300.458780668574	-102.823	333.0	393.0
500061-49-4	Di(2-methylbutyl) phthalate	35.41230810163984	13787.253233703053	28.317	353.0	413.0
500061-50-7	Di(1-methylbutyl) terephthalate	30.070471866850163	9769.214615407327	-36.609	353.0	413.0
500061-51-8	Di(2-methylbutyl) terephthalate	24.72679356398609	6948.999183167846	-89.433	353.0	413.0
500061-52-9	Di(1-methylbutyl) isophthalate	38.13670375781946	15853.874011537255	55.384	353.0	413.0
500061-53-0	Di(2-methylbutyl) isophthalate	41.634952212052525	17882.048526073733	61.041	353.0	413.0
500072-07-1	1,N4-Dimethyl-5-butylcytosine	36.68803234656226	15755.698690927267	0.0	372.0	378.0
500072-08-2	2-Methyl-4-hydroxyquinoline	40.80374201933261	15882.794480305261	0.0	423.0	443.0
500072-09-3	Benzoylimidazole dimethylacetal	28.321589411168397	9086.187286347038	0.0	298.0	388.0
500072-10-6	Morpholine cinnamate	42.02425027372503	14305.878289708658	0.0	298.0	349.0
500072-12-8	Dipropylammonium-N,N-dipropyl-dithiocarbamate	47.10080567995087	13912.955959099783	0.0	309.0	331.0
500072-13-9	Diisopropyl-ammonium-N,N-diisopropyl-dithiocarbamate	43.643128775056354	12793.791382405307	0.0	301.0	331.0
500072-14-0	1-(N-Trifluoro-acetyl) proline methyl ester	40.07649354356137	14596.086904489257	0.0	313.0	367.0
500072-16-2	N-(2-Hydroxy-3-phenoxypropyl) phenylamine	35.87837435031277	13700.250055964272	0.0	322.0	333.0
500072-22-0	Anisole-2-azo-1,2-naphthol	40.5551779585439	17128.000262405138	0.0	375.0	388.0
500072-23-1	Diisobutyl-ammonium-N,N-diisobutyl-dithiocarbamate	26.66805700418751	4495.758250124293	-136.725	310.0	332.0
500072-27-5	1-Amino-2-benzoyloxy-9,10-anthraquinone	38.667035156437855	16513.49786571235	0.0	453.0	524.0
500072-28-6	2-Benzoyl-1,4-diamino-9,10-anthraquinone	43.09449182494866	20266.018489179656	0.0	453.0	524.0
500072-29-7	1-Amino-2-bromo-4-p-toluidino anthraquinone	41.895167353411786	20080.998869202303	0.0	418.0	438.0
500072-30-0	2-Hydroxy-4-p-toluidino anthraquinone	35.645168532094324	14553.000932229152	0.0	349.0	378.0
500072-31-1	1-(Methylamino)-4-(phenylamino)-9,10-anthraquinone	37.795253414379374	16465.38995536443	0.0	453.0	524.0
500072-32-2	(5-Cyano-3,4-diphenyl-6-oxo-1,6-dihydropyridazin-1-yl)acetic	36.23223562740409	16061.758301488037	0.0	396.0	415.0
500072-34-4	1-Methylamino-4-m-toluidino anthraquinone	39.605177400876414	18513.99991260123	0.0	403.0	426.0
500072-36-6	1-Amino-2-methyl-4-p-toluidino anthraquinone	34.085167131590865	17103.0010960505	0.0	418.0	435.0
500072-37-7	1,4-Di(isobutyl-amino)-anthraquinone	19.975178966083575	9337.000972771599	0.0	368.0	388.0
500072-42-4	Dimethyl ammonium cyanide	30.196054857822055	6176.903257540362	6.329	250.0	296.0
500072-43-5	Biphenyl + 4,4'-Dinitrobiphenyl 1 : 3 (mol)	29.581080431185207	10497.945955978454	0.0	336.0	355.0
500072-53-7	N-Acetyl-L-alaninamide	35.00016839584483	13831.955620698438	-0.172	366.0	411.0
500072-59-3	1,5,N4-Trimethyl-cytosine	27.117728846998318	11925.415163699368	0.0	374.0	383.0
500072-67-3	1,3,5-Cyclo-heptatriene, 1-amino-7-imino	19.961939101798862	5946.513500890657	-0.064	273.0	323.0
500072-68-4	Biphenyl + 4,4'-Dinitrobiphenyl	47.6335547929169	18726.878509618713	0.0	362.0	393.0
500072-70-8	Azoethane, 1,1'-dimethyl 1,1'-dicarbonitrile	31.8261008968544	10442.223396727999	0.0	288.0	313.0
500072-74-2	2(Acetyloxy)-2,2-dihydro-5-nitro-2-furancarboxylic acid methyl	28.72474903510072	10727.97420676856	0.0	333.0	363.0
500072-75-3	3-(1-Nitroso-2-pyrolidinyl)pyridine	25.162995284002882	7748.152786223105	-68.914	273.0	424.0
500072-76-4	Acetylimidazole diethylacetate	17.531146070826907	5056.032465291976	0.0	298.0	353.0
800001-10-9	Dinitrogen tetroxide, equilibrium mixt., NO2, N2O4	29.61403042386595	4779.084438061933	-20.35	237.0	263.0
900000-17-1	trans-2-Pentenamide	23.304003209174137	6411.548191441921	-14.95	353.0	383.0
900000-19-3	cis-2-Hexenamide	21.541144061977896	4295.472490980393	0.0	323.0	333.0
900000-20-6	trans-2-Hexenamide	23.382751619354536	6710.423736512548	0.0	353.0	393.0
900000-26-2	trans-Octenoic acid, amide	15.722695738789383	1948.8665761784864	-204.462	363.0	393.0
900000-27-3	2-Methylthio-3-methylamino-6-isopropylamino-1,3,5-triazine	32.75634527442399	12208.30616305443	0.0	323.0	403.0
900000-30-8	Acetylglycine anilide	38.3758272197269	15321.852515460609	0.0	362.0	365.0
900000-33-1	N[N-(Trifluoroacetyl)valyl]alanine ethyl ester	37.75088259963738	13898.403621312062	0.0	323.0	424.0
900000-38-6	Hexamethylbenzene-1-chloro-2,4,6-trinitrobenzene(1:1)	33.45863372778719	11267.469894057063	0.0	478.0	631.0
900000-42-2	Hydrido-hexacarbonyl-rhenium complex	24.690619952175155	5419.364274870786	0.0	279.0	369.0
900001-70-9	Bis(chloroethylene)(2,4-pentandione)iridium	31.242165317271112	10912.526401972033	0.0	281.0	298.0
900001-71-0	Bis(chloroethylene)(2,4-pentandione)-rhodium	44.4723587445963	14374.39401173579	0.0	274.0	288.0
900002-52-0	2,4-Dimethyl-1,3,5-trinitrobenzene	40.82483369878443	15609.224345406637	0.0	318.0	412.0
