CAS	CETANE	MON	RON	POUR_POINT	CLOUD_POINT
565-80-0	13.027632	92.23093	103.662315	-26.036057	20.308147
107-87-9	17.920929	102.56106	107.39628	-25.399784	15.832972
123-86-4	22.184381	101.311134	102.37546	-32.393227	29.720184
103-65-1	10.411734	92.363754	105.1855	-26.17567	16.818777
292-64-8	27.309046	30.845755	30.36876	-23.407263	-13.619772
464-06-2	11.596969	97.04296	108.92975	-21.242237	4.003863
1678-91-7	32.566437	45.86712	50.16644	-25.884583	3.2759068
13020-06-9	9.997713	94.59499	107.66036	-17.038076	4.638742
68411-84-7	6.5362654	101.210754	118.73393	-22.360157	18.14049
108-87-2	22.77697	66.152374	73.22968	-23.0559	3.8289146
78-93-3	15.795163	105.68266	105.80111	-22.795456	8.445264
79-29-8	15.366794	93.294815	105.76604	-21.471592	4.1104484
563-80-4	12.79793	102.18436	101.02678	-24.815369	16.627638
760-21-4	16.036785	80.73772	99.36412	-23.173946	7.1050444
4516-69-2	29.798252	83.85779	96.47042	-24.266499	6.3301835
62851-51-8	20.269434	83.89189	103.40662	-20.322336	7.7074842
68814-91-5	22.503561	75.8726	89.460594	-18.811804	-4.287944
71-31-8	9.9494	89.25554	101.377846	-14.836126	3.1216006
5593-70-4	13.933479	82.36212	89.15159	-16.572313	-2.7012026
25265-68-3	27.523563	72.73797	87.52517	-25.17452	11.798341
27137-41-3	8.754354	83.37547	109.89601	-23.525974	18.69695
71329-38-9	9.1863985	92.18613	110.72532	-11.148952	-1.6580826
68989-27-5	8.8163805	89.343575	103.72915	-15.774661	4.713959
70913-86-9	23.902477	97.89241	91.545456	-14.26961	-6.2413073
2040-95-1	51.089195	8.635717	7.5556626	-28.869919	3.2752347
170082-17-4	4.417683	89.57534	99.050064	-7.0535326	7.242135
624-24-8	13.970697	101.20881	101.946526	-32.94816	29.820242
97-62-1	8.332039	108.00246	110.82222	-29.223734	28.29223
123-92-2	23.76345	95.29179	96.30566	-34.60965	30.543232
137-32-6	10.584015	85.194466	102.30617	-19.523457	10.988529
868-57-5	6.1881948	106.85852	110.15568	-30.827892	28.864584
63072-44-6	16.247341	92.77409	102.80194	-27.075922	15.10716
120-92-3	7.9598722	85.380684	94.873535	-24.14481	17.961868
25167-70-8	8.506365	87.25134	107.113	-22.749563	9.894632
625-86-5	10.2673645	88.81606	110.34306	-25.27421	21.873028
560-21-4	15.553891	96.26486	105.32186	-22.751217	5.112025
598-96-9	12.344216	85.80605	105.65662	-20.541126	10.05555
690-93-7	20.605608	87.52795	107.04006	-20.491896	9.6252775
1068-87-7	14.104576	93.77274	106.15012	-24.183012	0.5060228
3404-73-7	19.628246	86.569244	103.59243	-21.974771	7.7661757
15910-22-2	17.903833	85.221375	103.256485	-21.755255	5.678866
16747-32-3	15.046961	95.06773	109.96759	-23.552658	2.5389564
26760-64-5	15.6137085	82.022	99.57286	-21.049822	2.3684158
27416-06-4	12.583525	85.32391	104.4072	-23.28353	7.9193406
90530-12-4	17.579525	84.994705	103.78129	-14.306849	-4.314957
70955-17-8	6.6937943	97.077896	108.183334	-22.87379	16.599123
564-02-3	15.999667	96.63772	107.09447	-22.690365	4.648299
107-40-4	7.4123907	88.848595	105.65947	-18.726862	9.653677
13475-81-5	13.802137	96.30974	114.427284	-25.941303	4.023007
50643-04-4	6.6478324	96.508934	116.977844	-19.387049	16.144451
75-28-5	24.579182	97.34124	87.41367	-15.835051	5.022398
36383-15-0	8.204682	94.743454	101.8653	-25.944141	17.78635
527-84-4	7.363225	97.45854	101.834366	-25.55501	18.80074
100-40-3	30.09693	61.491554	81.66636	-22.4942	15.098773
96-14-0	27.587738	76.04467	78.459625	-21.698416	3.3081765
100-66-3	6.51428	91.58888	102.23045	-24.601604	29.084497
108-08-7	27.58306	85.798325	84.85843	-21.446896	0.60672754
108-67-8	6.992326	108.05131	104.47418	-22.590918	17.390335
110-00-9	13.128794	91.11847	103.814224	-17.736776	15.924393
538-68-1	18.106787	85.7087	90.267525	-28.046515	14.9407625
540-84-1	14.492114	98.55751	101.08314	-21.202805	3.9937522
542-41-6	28.093632	64.314224	78.96976	-22.319235	-2.811726
565-59-3	21.684284	87.990585	90.8684	-22.082056	1.9420497
589-34-4	34.157547	60.72058	55.019714	-23.395712	0.50271565
592-76-7	35.02953	52.520763	56.0703	-24.636822	-8.607437
1320-76-9	23.538214	91.335754	96.68479	-18.591187	-0.13160905
4939-75-7	4.916012	98.59273	106.251724	-27.835114	17.988438
5310-57-6	20.820654	80.29525	89.0656	-22.084652	3.681633
25719-60-2	20.244976	63.166668	82.00126	-31.683674	20.796103
27216-28-0	7.0142365	87.40776	96.17268	-28.151525	21.969343
28777-67-5	48.371437	30.039951	24.588055	-25.507587	-0.5894066
38815-29-1	40.506145	48.23876	45.238304	-23.430246	-0.22392562
56573-11-6	6.383843	89.23471	101.04593	-26.062561	22.800938
64742-49-0	32.166527	66.039246	75.30221	-20.865404	2.9293761
68476-44-8	43.314396	27.826044	27.642399	-22.513947	-5.261959
68514-31-8	21.076986	90.047134	96.12903	-17.905018	-1.140548
68527-00-4	38.199104	39.810352	32.1753	-25.77359	-9.319845
68647-60-9	30.3196	60.60363	64.115036	-18.783253	-6.782852
75-83-2	21.12212	95.875496	105.58588	-20.318115	6.124427
108-20-3	29.088934	96.58186	100.67286	-23.228647	8.344268
142-68-7	34.194183	38.044914	55.930794	-24.264587	1.1213316
142-82-5	52.16807	20.497435	14.518158	-24.371119	-10.903257
592-98-3	38.287052	67.32767	71.8806	-23.382938	-8.72217
617-78-7	27.214314	71.84442	67.397446	-22.775301	1.0105069
764-13-6	13.9440155	82.43361	93.375984	-22.929752	9.159761
1795-27-3	30.15151	65.99235	64.270836	-25.90094	3.372218
7493-04-1	16.701649	61.738922	69.337036	-20.01569	-3.707953
7667-60-9	31.31366	71.67174	77.07782	-27.38267	4.4421744
9003-41-2	13.100136	86.24931	98.74223	-27.128769	22.206224
9006-04-6	12.069492	80.49759	100.178375	-18.680965	3.5770316
24979-97-3	20.42565	57.946026	75.299866	-21.190044	9.431104
25012-93-5	20.86884	77.57034	85.53627	-20.798115	-6.1930165
25512-65-6	21.824612	57.416954	74.25865	-24.281036	3.149678
63335-87-5	66.416466	-0.2206182	42.9985	-29.514643	-26.250225
111002-96-1	41.603268	38.963467	29.984928	-25.97466	0.3318491
565-75-3	13.9295225	92.006035	104.46743	-22.47242	2.7560258
583-48-2	22.37735	87.144226	79.1216	-25.522133	2.0774858
590-35-2	30.36877	92.08165	88.84738	-21.272282	3.360352
591-47-9	26.87264	67.85368	88.4199	-21.832087	9.384756
609-26-7	19.13277	87.25395	86.32166	-23.182896	2.6088538
1067-20-5	16.358921	90.61182	86.31398	-24.394466	2.7206383
2040-96-2	36.25719	29.044703	34.192398	-26.25838	3.4219048
26447-41-6	45.180443	67.01098	54.32908	-26.33147	2.0265996
29222-48-8	37.671417	78.80398	71.38722	-24.281162	3.7623272
30498-63-6	27.000961	86.079285	93.13935	-27.378134	7.141259
90622-56-3	30.564383	75.94401	67.58164	-22.688719	1.2708136
695-12-5	30.99284	56.34565	70.17473	-24.848927	10.906851
1678-92-8	47.078964	22.837795	18.945969	-28.737906	3.1225066
101316-43-2	6.6575823	97.3578	103.80906	-24.309414	18.641134
68476-56-2	5.610116	85.70415	103.08297	-16.891516	2.7519817
105-05-5	6.6431913	94.72966	103.766335	-28.621897	16.608479
142-29-0	13.650467	69.778755	92.75285	-17.081066	5.84853
291-64-5	14.569517	42.47355	42.45924	-20.467724	0.24308415
463-82-1	23.227896	82.75546	87.6552	-16.374294	2.265371
496-10-6	17.702978	62.862457	73.45204	-27.75328	7.096029
503-17-3	8.650736	70.79804	66.283356	-19.981821	2.7491603
503-45-7	25.246407	83.54227	97.508804	-23.643173	14.381085
513-35-9	17.87558	79.887375	99.34348	-17.378222	2.4058838
513-81-5	9.278964	82.82619	100.68715	-24.304209	9.923376
538-93-2	12.378325	94.07306	100.90086	-26.179684	16.025225
558-37-2	14.180826	90.76962	111.16217	-19.603914	9.957899
560-23-6	13.892853	87.82866	108.54812	-25.736267	10.35238
563-16-6	29.270054	88.74048	82.280365	-23.953365	4.156461
563-79-1	11.180008	80.49546	98.25618	-22.377802	7.5290327
565-77-5	10.534671	80.24028	103.839134	-24.149763	7.8930273
584-94-1	26.583958	82.25484	71.80816	-24.51852	2.0363772
589-53-7	42.07151	41.829506	30.084665	-25.423588	0.28276396
592-13-2	37.76046	58.14289	56.71997	-25.699112	-0.23911862
592-42-7	23.623627	60.584145	73.59924	-20.90445	-1.7604904
592-99-4	36.822	66.90526	74.7851	-24.385174	-9.115095
594-11-6	16.157022	82.8647	102.47124	-18.432613	4.6650047
594-56-9	10.668918	90.13463	102.18846	-23.387365	7.764853
598-25-4	11.862852	75.28142	61.439323	-20.860485	3.8445606
611-14-3	7.1111894	96.31184	103.274864	-25.436014	18.798206
619-99-8	32.795414	51.25586	41.092854	-24.536144	1.2069776
625-65-0	14.365407	83.97925	101.461464	-20.419659	4.3361025
627-58-7	24.87675	62.59333	78.12673	-29.00416	10.219837
627-97-4	35.13131	74.14502	86.24486	-25.900074	5.9527826
628-41-1	18.354153	47.376625	76.46533	-16.184795	-2.667412
694-35-9	24.187775	70.34032	92.33783	-22.477926	10.045082
696-29-7	33.18355	63.652294	60.433075	-27.737387	4.605691
763-29-1	20.437374	81.06228	99.928696	-23.35658	6.662226
768-49-0	7.9762907	92.68108	99.08211	-23.054699	20.484173
816-79-5	16.040476	80.14645	95.20571	-23.591562	4.778213
874-41-9	6.497284	99.03361	103.53247	-27.911566	18.063343
933-12-0	27.129452	82.22374	96.548935	-23.093376	14.638853
933-60-8	24.689236	92.15805	98.90276	-21.783972	25.67931
1003-38-9	30.33808	81.04654	93.50838	-26.911388	14.81409
1003-64-1	24.67419	69.479256	83.57898	-25.899822	10.082974
1067-08-9	19.612461	89.704315	84.59569	-23.99269	4.534271
1074-17-5	8.647275	95.34889	100.88095	-28.089258	17.66164
1191-96-4	14.135147	84.198746	102.09761	-21.71347	6.1592712
1335-86-0	20.00982	69.00979	88.90593	-23.731464	9.240022
1453-24-3	22.973291	70.76984	87.7727	-26.364182	9.827475
1636-39-1	37.17153	18.596443	13.332487	-28.995117	5.536616
1638-26-2	22.775204	86.535355	92.943344	-22.444035	7.0849333
1640-89-7	23.213474	61.347656	69.939316	-24.13385	4.3735313
1678-81-5	26.620346	77.38883	85.9627	-28.371714	4.7573705
1758-88-9	6.832778	96.90457	98.05502	-27.83173	17.95232
1942-45-6	27.96642	68.36924	60.79192	-28.434277	-7.7814455
2049-95-8	6.9609575	97.64897	101.964325	-25.41356	21.582966
2146-37-4	16.995794	69.13826	86.398865	-23.344376	10.098298
2146-38-5	16.802658	70.24422	91.295685	-24.411646	9.799267
2207-04-7	33.89771	61.43328	69.84398	-27.944077	2.6225927
2511-95-7	15.236456	86.06559	102.83034	-21.765215	6.7489777
2613-72-1	25.721857	78.53126	91.42137	-24.297205	4.654588
2738-19-4	28.483423	78.27058	91.65072	-23.473598	3.456601
3073-66-3	29.952957	79.99734	85.433495	-26.418087	6.4691873
3178-22-1	32.544796	73.200424	96.13305	-27.95953	6.6469193
3404-57-7	35.289604	77.74823	93.11969	-22.159056	6.1057825
3404-72-6	16.786526	83.32361	100.75411	-24.79427	5.767736
3524-73-0	30.034033	67.889626	79.6859	-22.958635	4.189811
3524-75-2	33.5309	45.635	56.726036	-26.121937	11.16767
3638-35-5	18.654697	83.144806	100.68068	-22.892721	5.564475
3683-19-0	25.202692	81.96263	99.53736	-20.950815	4.3151445
3742-34-5	21.507902	63.836742	73.401825	-23.314774	10.812963
3769-23-1	27.300924	74.56212	86.53915	-23.31992	4.6454406
3788-32-7	39.94517	34.669342	35.265694	-27.84082	3.5089126
3875-51-2	25.736805	72.32032	78.95155	-25.334408	4.5017347
4038-04-4	18.47385	80.03461	95.66976	-23.517935	4.932971
4127-45-1	21.172499	87.220474	105.87795	-22.366993	7.3919916
4127-47-3	18.049955	91.105286	103.50696	-23.75734	8.532018
4663-22-3	12.403547	74.06386	96.38478	-24.625175	9.853605
4914-91-4	15.678967	82.05081	99.236244	-21.89618	5.6828847
5685-47-2	21.137074	38.555115	53.99126	-24.385675	6.9384017
6094-02-6	28.610067	74.72747	89.753944	-26.075787	3.7248077
6876-13-7	27.625397	72.32829	73.75767	-29.84415	10.847055
7145-20-2	18.731035	78.42434	96.53828	-26.60285	7.425607
7154-75-8	5.472037	73.334785	91.870346	-22.19455	9.39205
7154-79-2	10.963182	96.55647	116.46138	-22.393839	4.111632
7154-80-5	25.516973	88.757744	89.60329	-27.15662	2.2145443
7357-93-9	15.143896	83.51491	99.56765	-24.016186	5.852472
7385-78-6	17.971043	81.68853	99.89803	-21.887323	5.951984
9002-88-4	5.53761	77.007355	99.53027	-12.417081	5.9907804
10574-37-5	16.51302	79.44099	95.41435	-23.904005	5.531672
11071-47-9	34.53597	61.824913	67.56995	-25.352343	6.690226
13151-17-2	30.00243	79.2155	94.269325	-20.743555	3.8333442
13151-55-8	36.41281	37.408688	33.735924	-27.379568	3.0349061
14072-86-7	30.632732	78.15212	97.33662	-22.210938	13.720233
15840-60-5	26.90682	82.38095	99.42643	-20.256289	3.5486217
15870-10-7	35.854675	62.640057	72.94377	-28.41391	6.235231
16746-86-4	19.66966	81.08489	97.37706	-27.194681	7.8198357
18923-87-0	22.095348	80.21654	96.03398	-24.489056	6.0095973
19780-66-6	14.327866	83.99654	100.39064	-25.837738	8.016699
19780-67-7	13.039198	80.8543	97.25649	-25.916004	7.464467
20488-34-0	32.70542	79.5317	96.40198	-23.022816	5.867933
25068-26-2	24.016247	80.55562	97.69986	-20.214344	7.018434
26702-69-2	20.200058	81.559555	99.454025	-21.417664	7.4247093
26912-33-4	16.813995	69.52835	100.9111	-14.313739	8.283822
26967-64-6	37.413445	59.182854	51.349403	-28.924412	3.5172112
27195-67-1	27.086044	77.879074	88.900955	-24.263111	6.3353767
29797-09-9	16.119852	51.85058	78.2033	-17.1359	-2.7621884
30285-07-5	29.918476	78.77853	93.859604	-20.222973	-2.7269347
30677-34-0	30.9177	77.970024	74.33569	-26.672657	7.114792
31797-64-5	32.622658	83.40571	90.269	-29.016241	5.9932766
32073-03-3	23.532047	54.135925	51.344055	-27.078547	-8.38114
50819-07-3	18.70758	82.29991	100.93515	-23.365683	4.5543175
52937-63-0	9.947942	92.27035	99.151924	-26.675013	17.395044
58147-69-6	15.921675	72.425674	91.28171	-27.252481	10.79834
59139-36-5	22.247532	82.1815	98.31699	-20.661074	6.525074
61593-45-1	33.1226	62.757305	60.95108	-26.540356	3.6774
61788-35-0	13.129809	81.03333	99.09575	-17.831768	1.527758
63730-38-1	25.508299	77.36153	89.531654	-23.665634	4.4546328
68514-38-5	20.356276	78.8242	98.8974	-16.327192	-1.5307229
68956-54-7	14.643076	85.016594	101.6553	-15.306839	1.4660419
73548-72-8	35.94561	72.11526	77.92633	-22.889984	6.410811
88448-74-2	35.096397	76.482605	88.08895	-21.801868	-7.586965
25-65-0	10.227605	97.17888	104.69318	-14.9370575	7.7225432
79-20-9	17.052486	112.13747	97.98497	-23.658075	14.114176
87-44-5	26.858404	58.456978	60.92771	-32.999916	18.756645
92-51-3	47.24188	25.57752	13.844955	-32.646107	0.51973265
93-51-6	18.34632	82.950745	94.897705	-32.593956	46.28321
95-93-2	5.808318	99.57799	99.60587	-27.493689	18.137535
99-62-7	5.623122	97.8297	100.31267	-27.431631	15.623003
101-81-5	8.250914	66.21602	75.15999	-18.841366	25.404343
102-25-0	8.08797	96.181335	95.721115	-27.478573	14.121429
103-29-7	4.4336996	45.0501	70.10404	-19.755665	21.609612
104-45-0	7.649087	84.25196	92.68075	-32.69292	32.429256
105-99-7	66.48328	-90.58266	36.25834	-55.03175	70.59819
106-18-3	64.81617	-37.454384	54.65617	-42.790718	14.511572
106-32-1	33.083504	59.88167	66.36605	-37.644012	30.836756
106-68-3	30.49759	76.40727	90.079346	-32.21247	21.043736
109-86-4	14.736969	86.687416	85.60084	-16.984476	1.8465971
109-87-5	47.198322	81.265114	75.36968	-22.158092	1.4700091
110-34-9	82.17473	-136.66106	36.18754	-41.00721	-2.7233129
110-36-1	73.48479	-87.567856	46.24711	-42.111217	5.605294
110-38-3	47.52783	31.966496	60.004547	-39.659004	27.229853
110-62-3	61.401543	82.80927	86.486176	-26.400837	6.9091134
111-06-8	80.107254	-145.49055	35.255013	-39.911026	-3.6536376
111-11-5	34.082287	65.541885	69.298256	-36.14319	30.790674
111-15-9	35.81014	74.12824	77.75308	-34.909237	45.63971
111-61-5	85.20847	-165.87592	27.868444	-37.099743	-4.034579
111-76-2	38.761658	59.047203	72.907845	-25.959976	9.626956
111-82-0	62.697033	5.123961	54.94494	-39.76067	24.17162
111-96-6	110.19673	51.477154	63.435986	-34.228336	21.203701
112-10-7	89.14829	-179.38176	26.519123	-36.68167	-6.695363
112-11-8	70.882164	-184.90295	25.778992	-28.04985	-1.7120739
112-35-6	67.91121	26.145252	52.59416	-30.607656	39.917053
112-36-7	99.935074	44.623985	56.725555	-37.884514	22.633564
112-39-0	79.88741	-88.06497	40.7105	-39.392036	8.992355
112-61-8	86.11568	-145.52696	30.429865	-37.0976	0.0023000718
112-95-8	101.064926	-96.91274	55.501373	-31.219305	-92.01524
115-10-6	65.619125	85.16264	85.242195	-16.09516	-1.4536979
124-06-1	71.76042	-53.394115	48.61129	-40.992023	13.986494
124-29-8	79.004944	-48.604366	49.143425	-21.672985	-53.519745
142-77-8	71.26654	-222.12102	22.878677	-29.409344	-8.504513
142-91-6	82.673744	-115.03131	38.210995	-39.17089	2.7823186
143-28-2	51.123722	-73.69257	50.19532	-8.299803	-59.18147
502-61-4	29.591358	51.84971	71.206276	-20.63699	6.6437287
506-43-4	42.23674	-72.42134	43.91597	-10.843445	-43.794777
506-44-5	36.67627	-77.52093	40.1966	-4.798079	-39.68516
538-24-9	97.22252	-1597.2698	-298.6858	-56.01548	1.5189121
544-01-4	90.33238	80.8259	81.88612	-36.224724	13.779602
544-76-3	92.286095	-33.33808	56.743996	-32.971226	-67.38961
555-45-3	100.26954	-2285.0054	-463.80347	-30.968685	-43.08067
589-55-9	20.65639	75.34764	84.85895	-24.220657	12.27587
593-45-3	97.27823	-61.21935	55.880714	-32.642647	-80.11705
624-45-3	7.9692893	72.04616	67.35898	-35.285995	53.69879
626-82-4	31.339884	64.9473	74.18105	-38.791145	35.02747
628-97-7	79.01543	-105.00171	39.09434	-39.738167	5.2276826
629-50-5	82.37312	1.9706491	61.336193	-31.055487	-47.618004
629-62-9	88.44843	-18.139847	58.807198	-31.323786	-60.74602
629-78-7	93.382866	-42.853767	55.902565	-31.026356	-73.6741
629-92-5	97.38712	-73.31006	55.733887	-29.436102	-85.784164
645-56-7	9.046106	87.896614	95.0198	-30.997269	32.831715
693-65-2	86.3166	62.512604	66.326126	-36.58953	-9.0767765
777-22-0	28.234577	66.76157	80.507	-26.620464	10.4283085
821-95-4	57.34893	40.501072	73.01478	-27.673077	-33.280983
828-63-7	26.879974	86.123886	84.84364	-34.205605	30.97823
1072-05-5	48.653214	52.307636	53.27838	-27.151905	-3.2128234
1077-16-3	25.73472	77.56097	83.0437	-27.862072	12.8415165
1078-71-3	31.753498	69.198296	79.22557	-26.531147	0.28953427
1120-25-8	56.45974	-92.5929	41.42295	-33.02398	24.970478
1120-36-1	72.870255	9.297525	69.1086	-25.983776	-51.122272
1190-39-2	18.113012	3.5382576	57.39068	-46.784798	74.572044
1321-27-3	8.274047	79.61372	87.63128	-22.325602	31.317408
1459-10-5	59.93228	-73.919716	56.852947	-18.779575	-34.671474
1515-80-6	18.190262	92.09045	94.978676	-26.869513	39.629265
1636-41-5	28.53364	54.258354	69.70903	-30.671223	-5.4526176
1678-93-9	45.69744	16.548954	23.318975	-30.337015	1.3406618
2052-15-5	16.351072	47.546402	54.83368	-41.227108	63.018944
2189-60-8	36.65516	54.25387	75.790436	-26.151373	-4.220434
2239-78-3	79.97742	-124.26167	37.53174	-39.822594	0.8603548
2400-01-3	40.454113	3.4331665	67.51742	-20.69458	-9.273748
2400-04-6	47.61373	-208.55074	37.064556	-11.030052	-60.30727
2568-90-3	74.63358	59.67582	67.9009	-38.50384	4.3566923
2634-45-9	46.49764	-238.0981	18.376368	-21.9926	9.448161
2639-63-6	33.219387	60.056873	70.53526	-38.313454	35.80606
2719-64-4	39.08852	15.775409	70.3312	-19.414196	-18.48154
2785-87-7	17.690155	71.964485	81.94061	-37.354763	49.504417
2785-89-9	21.1183	80.94902	90.10472	-36.030067	48.21824
2801-86-7	51.204456	15.852648	73.26902	-33.190437	-25.391994
2876-35-9	3.648131	85.50902	89.79491	-24.564112	27.350723
3522-94-9	26.19784	85.884026	87.18886	-25.85448	1.7945
3634-92-2	85.89117	-188.66003	26.324665	-37.06502	-8.621032
3779-61-1	26.299616	89.05174	95.857895	-24.275331	13.949257
4390-04-9	10.826457	112.60054	91.05494	-20.725708	-12.935738
4485-09-0	35.065826	76.59073	82.413345	-33.894646	22.868908
4534-59-2	47.378685	-52.671642	60.99375	-18.115461	-30.279999
4536-88-3	44.057396	17.963734	70.52025	-21.851307	-14.9349165
4602-84-0	22.585098	6.8524156	55.566246	-17.294212	17.362593
5131-66-8	35.987125	73.16908	86.2335	-28.484985	24.711815
6270-56-0	17.855446	75.02516	98.89555	-33.745056	42.453773
6378-65-0	40.494743	43.421402	66.05643	-40.849964	34.194042
6638-05-7	23.094614	62.93244	74.60163	-39.149113	64.68758
6876-23-9	23.671375	73.364296	83.88006	-26.954403	3.9702096
7361-80-0	29.244278	-177.21811	23.645609	-13.7805	25.428751
7419-61-6	6.8067307	95.34224	96.47992	-24.396778	29.022488
9009-62-5	17.664968	83.124886	98.71654	-28.982428	45.212193
10378-01-5	45.937477	-30.51413	51.40027	-17.480455	-38.21462
13062-00-5	28.958073	41.95522	69.83675	-29.89953	13.705881
13179-98-1	90.20549	46.100235	52.985077	-36.65301	8.592505
13344-00-8	91.82539	52.96283	58.79653	-35.57911	8.221502
13475-82-6	11.072087	108.164955	101.458145	-26.061039	-1.2426344
14451-87-7	42.04301	68.7574	51.048584	-33.600456	5.4264193
15869-87-1	46.76609	63.585106	65.07572	-28.11052	2.578692
16409-43-1	30.18186	76.05255	88.75224	-34.18827	27.03042
17085-96-0	49.572613	39.79058	74.284386	-29.64562	-9.108896
17301-22-3	52.598278	50.097473	77.71797	-30.36842	-14.180517
17312-61-7	49.012	27.685223	70.84191	-29.756311	-12.930344
17312-63-9	46.75987	26.023722	65.56138	-30.01496	-12.854965
22564-99-4	15.661612	87.74852	94.48412	-26.40997	29.82431
25378-22-7	62.160606	33.756264	71.326195	-27.075958	-39.140007
25917-35-5	23.848196	55.46096	55.94145	-21.413984	-4.0940104
26399-02-0	75.321785	-336.53088	7.321622	-30.780182	-23.970499
26856-31-5	20.644062	59.057915	47.859875	-26.871899	-8.651148
27070-58-2	83.3606	-56.256256	62.36068	-20.481174	-74.28442
27193-30-2	32.855762	75.886734	67.31557	-30.608133	0.631106
27322-34-5	7.156934	97.442345	90.428696	-25.569305	10.430608
28473-21-4	42.044716	53.618523	58.970325	-25.385958	-15.326401
28929-85-3	24.232838	65.533394	75.58727	-24.202698	12.545621
29063-28-3	24.322744	67.66115	79.76192	-25.660803	12.5132885
29806-73-3	81.97439	-235.93388	24.970762	-41.62049	-18.454693
30673-36-0	55.30793	7.148619	59.81553	-42.49455	21.589777
30673-60-0	50.59515	21.443916	59.744057	-40.89687	24.558575
30899-19-5	18.659733	68.314476	76.53704	-19.528812	0.18761857
31387-92-5	45.365974	35.703476	48.379597	-26.297876	-21.403934
31711-50-9	4.64896	74.501595	83.399536	-26.901361	23.582333
32953-65-4	79.6866	-364.68414	3.3239837	-24.679756	-27.606909
39276-09-0	12.971715	92.60332	106.153725	-27.259449	43.371452
40795-25-3	9.1249695	81.11859	97.37488	-21.06976	34.570923
41989-07-5	43.42169	-212.56601	13.988811	-25.464071	35.711647
50985-84-7	52.49228	0.04217086	5.2265434	-26.410742	-13.592421
53535-33-4	33.137413	44.133934	52.688488	-23.538403	-2.5712178
54022-95-6	10.67099	65.3342	60.540955	-36.965313	58.3443
54682-86-9	12.41424	68.6117	95.06927	-15.917826	-2.5259397
61193-21-3	72.002365	9.021352	58.852997	-29.865505	-33.368557
61788-34-9	63.52953	-146.45413	31.15215	-28.69783	4.912056
62435-71-6	77.12307	52.500114	84.46089	-35.346535	33.394318
65572-87-4	36.279182	71.80392	70.94845	-26.073359	7.874092
67700-96-3	37.335693	50.89854	59.268715	-23.61443	-11.924368
67762-73-6	22.582932	76.54301	75.075294	-29.536215	20.516888
68154-28-9	85.40624	-213.81514	24.376225	-37.197	-13.383987
68311-14-8	18.609692	67.87938	68.288956	-25.13004	22.704641
68409-73-4	8.175915	82.34457	82.067276	-17.992168	30.078487
68412-05-5	69.1257	-194.46901	25.36183	-28.971869	-3.7157574
68412-07-7	44.7706	-129.55466	30.308416	-28.026712	1.0800133
68424-45-3	19.976273	-156.17917	22.311192	-14.391701	20.598724
68442-69-3	55.943077	-24.328638	64.33737	-21.228794	-24.704777
68551-07-5	60.65168	20.83382	53.884174	-25.236288	-31.418106
68605-14-1	40.48913	-157.99072	29.001001	-20.71446	21.506413
68649-11-6	58.35128	-47.385757	68.18412	-30.717798	-49.124912
68911-61-5	84.73165	-91.33403	44.89565	-18.63147	-65.11049
68937-76-8	64.21379	-130.09343	29.048534	-35.65619	-3.576316
68989-32-2	6.2184877	31.132507	51.903694	-41.08904	76.41859
70084-71-8	47.65534	47.100304	56.755554	-25.298956	-20.980785
71011-10-4	36.86329	80.57402	81.170265	-21.461151	-1.7287464
71750-71-5	72.10788	-12.663121	50.854362	-24.172916	-42.41542
71808-49-6	46.56787	69.1849	68.47404	-37.43159	22.800398
72931-45-4	4.1205606	91.72587	92.1674	-20.671743	30.55843
73090-68-3	13.05426	85.83609	83.354576	-29.303318	18.851944
74664-93-0	86.759415	-11.121513	60.01872	-32.668247	-54.41156
78900-94-4	1.5276283	94.58973	96.22597	-21.113533	30.52533
79554-39-5	41.851765	37.90709	72.74975	-25.427658	-9.511465
85049-36-1	65.455826	-168.93697	27.937008	-28.46168	0.9680071
88230-35-7	29.212109	75.299164	72.24641	-34.794502	33.80949
93924-07-3	78.50874	3.757129	61.902977	-31.492804	-40.229656
96789-56-9	2.686028	90.55455	90.544876	-28.368952	28.023535
101750-15-6	42.331112	38.50202	55.68147	-29.492376	22.64335
102339-97-9	27.832539	70.45677	77.57229	-27.13625	13.261583
113032-42-1	78.866005	-21.436697	64.95714	-23.484062	-63.017467
119250-45-2	67.358444	-213.34175	23.169376	-29.509663	-7.2708077
128821-84-1	20.77309	62.297596	75.067154	-26.51575	13.220978
143585-58-4	78.766396	64.37718	78.122604	-27.26616	9.134977
143819-62-9	52.65144	33.626842	55.440746	-26.137684	-25.934978
860116-58-1	25.647247	79.83353	90.90834	-25.677313	5.5740685
60-01-5	7.142277	-181.44315	1.6885726	-57.2198	117.78379
33-51-2	23.109772	67.03862	78.81145	-36.50553	63.69403
66-25-1	71.91243	75.731186	69.97445	-27.777222	3.226069
75-85-4	10.585062	103.18772	112.3915	-19.125072	13.365929
77-76-9	29.676167	99.98506	105.95327	-27.238968	19.779785
78-84-2	19.092365	97.58702	100.18166	-21.3105	8.895952
89-80-5	17.85162	78.11658	87.32582	-35.331158	31.281805
91-16-7	7.537721	80.32972	95.89644	-32.22445	44.99975
96-41-3	12.429372	71.93378	85.867096	-17.810228	12.0331955
99-85-4	20.282085	81.22431	91.47963	-28.601837	16.476599
100-50-5	24.520296	70.78405	91.08228	-28.32817	32.002525
103-50-4	8.113142	8.361986	65.969025	-25.786335	43.311413
106-73-0	30.429417	72.23038	75.37061	-35.572372	34.8047
107-98-2	14.90314	97.3023	102.93779	-20.356249	19.418415
108-10-1	16.09751	100.761055	104.73482	-25.898495	15.79703
108-65-6	22.070894	87.561966	84.13252	-35.02079	45.884033
108-93-0	16.006466	70.44794	81.91313	-20.121862	14.841589
109-59-1	26.14895	86.19147	92.678116	-21.966267	19.686226
110-42-9	48.291546	41.35679	60.71657	-38.417725	29.030024
111-13-7	34.615765	74.01163	79.537544	-31.633312	21.312958
111-77-3	37.078545	60.23246	67.78712	-25.12253	23.079187
123-42-2	10.327903	110.82174	104.50381	-23.273159	35.12452
123-72-8	34.45814	97.42568	98.654076	-23.070776	0.53748655
124-10-7	72.18209	-40.248486	49.09539	-40.118324	17.530853
124-13-0	67.95351	70.45987	63.894672	-30.236633	-2.1458447
141-06-0	26.578289	82.43352	86.58322	-36.28308	32.96872
141-97-9	10.393377	82.290634	86.05074	-33.932507	51.994316
142-96-1	78.96885	57.076733	62.789467	-32.4336	-4.4054575
462-95-3	58.865906	73.581085	76.922905	-29.763046	4.91672
502-42-1	18.144545	84.875694	95.712204	-28.661814	23.837925
539-82-2	19.396175	89.9783	94.24498	-34.468754	30.22761
591-68-4	29.342	73.0496	81.501884	-35.63909	34.161392
628-55-7	56.33938	78.82732	96.89838	-30.15655	12.657745
637-64-9	18.961918	55.511433	71.27757	-37.837864	55.92456
764-48-7	13.820482	71.70205	82.92693	-20.92915	12.83757
765-14-0	95.52592	4.288423	60.981285	-35.222416	-29.803247
873-94-9	12.603921	82.57474	93.96788	-31.018322	31.511541
1003-30-1	29.50913	70.410164	83.95857	-27.440985	15.551494
1004-29-1	61.25005	48.652824	68.03514	-33.451973	20.65311
1125-88-8	15.539171	73.5513	86.65792	-31.864084	49.72605
1560-88-9	88.703995	-58.65376	66.308815	-24.706017	-51.349068
1647-16-1	40.819683	62.16972	66.304535	-27.622372	-18.635817
1708-29-8	14.203241	64.54228	87.1606	-18.659794	12.939649
2051-30-1	43.441975	58.589325	63.467903	-28.19547	-2.5155818
2146-71-6	69.41369	-17.821188	58.159035	-40.122967	26.079748
3208-16-0	7.946991	90.85043	114.15328	-25.651855	22.732609
4466-24-4	13.92399	83.74289	96.50701	-32.12921	28.735968
4549-82-0	17.08946	76.043655	82.64917	-27.344946	47.189415
4747-07-3	66.70166	49.140762	53.685314	-29.74236	-0.65647674
5157-89-1	19.159815	62.48993	62.90923	-40.824837	46.008034
5579-78-2	29.102942	54.66877	66.5379	-39.602757	41.684105
5614-37-9	43.453087	65.01343	79.809296	-26.207653	16.118603
8022-90-0	20.07525	72.14126	98.37881	-31.701258	16.814178
17351-75-6	59.85067	3.6264775	64.88969	-43.888268	47.15576
17612-50-9	23.65389	67.55074	73.04414	-17.370342	-7.2577615
26249-15-0	23.42695	74.354485	88.732346	-32.53321	56.673706
30642-09-2	44.54011	76.39894	70.896706	-32.802166	18.383793
35944-21-9	20.838356	31.827305	67.37486	-20.641232	29.218678
36312-17-1	18.456173	72.72867	88.00368	-20.79135	12.271132
37309-58-3	50.56414	41.721203	64.51515	-27.136084	-26.388584
39212-23-2	24.426655	68.65719	74.970825	-39.12272	43.268246
57084-17-0	47.018143	36.35897	59.666405	-39.532516	38.51524
61193-19-9	59.492046	-2.139609	15.228357	-27.169306	-20.350904
68680-98-8	31.186392	70.232956	67.04038	-28.436604	13.453974
68916-43-8	22.515873	68.90643	67.77132	-27.97381	17.86425
73506-93-1	49.208595	90.90004	97.68071	-30.131184	23.405165
77908-12-4	10.452047	86.9944	95.638954	-25.19386	29.238394
93842-55-8	15.60939	78.002655	98.931786	-23.024443	26.170242
96125-72-3	86.858574	-41.073692	66.532745	-26.146383	-46.205666
108861-12-7	41.753315	40.398365	60.687847	-40.639767	43.34918
68551-15-5	47.362274	21.35374	26.119236	-26.907675	-3.1391
141-03-7	19.075201	-32.864887	40.619923	-49.946198	73.268
82807-35-0	21.68124	-28.099804	43.937214	-45.532295	77.11
493-02-7	33.318077	45.23824	46.00492	-30.796497	5.513641
38857-76-0	11.999507	67.10203	78.44081	-31.976643	15.502588
95-92-1	18.585287	83.00377	78.148605	-39.313854	67.08139
102-76-1	11.034508	-43.499413	25.794739	-46.446785	125.3682
106-33-2	61.635975	-6.758818	55.132347	-40.914158	21.614592
108-59-8	6.090545	63.30122	65.42391	-36.917183	64.26926
109-31-9	89.2571	-328.51758	-6.807762	-56.582897	47.5504
110-40-7	59.96341	-131.13094	21.885025	-52.931152	73.11034
112-17-4	58.68987	23.755377	56.296623	-38.500687	25.07037
112-49-2	119.86996	12.812512	53.2134	-41.33991	37.55724
112-66-3	69.74865	-18.541485	51.429493	-39.05867	19.067005
123-79-5	95.11536	-345.19717	-5.91738	-61.756813	31.036753
131-11-3	18.112213	8.899132	56.30271	-40.6256	91.14512
334-48-5	44.35597	47.281727	55.799458	-35.62325	29.26088
589-75-3	43.448273	43.015404	64.98539	-41.025356	26.981913
623-42-7	6.974191	103.960304	106.90078	-29.195019	22.621586
624-17-9	46.572197	-95.608505	28.303705	-49.47704	75.08339
627-93-0	4.92576	15.706731	51.86444	-42.980797	77.402
629-70-9	84.08476	-117.53247	34.09919	-36.25116	1.8670702
638-59-5	77.748856	-65.19069	44.009907	-38.38897	10.758189
646-13-9	88.49556	-205.06534	24.661755	-38.491405	-12.400099
1120-28-1	91.633125	-213.39883	19.681559	-34.135445	-9.513617
1120-34-9	75.961975	-305.4731	5.3672457	-22.351015	-14.477948
1191-41-9	28.899311	-201.87778	21.76019	-10.527671	22.827343
1732-10-1	20.641094	-58.351696	34.337914	-45.519493	78.59794
2040-64-4	83.20722	-339.47064	16.162842	-28.177166	-31.521164
2173-56-0	34.884182	62.88374	69.78975	-39.437737	35.84616
2311-59-3	48.979942	29.691294	59.667084	-40.790146	26.087988
2432-87-3	97.62962	-594.4169	-53.9841	-57.703533	13.195333
2777-58-4	66.52493	-144.42284	31.122156	-30.919552	4.3798475
3370-97-6	80.12471	-195.77763	14.882006	-56.006416	61.909443
3681-78-5	64.048615	-22.018944	54.978508	-41.70283	18.387703
3687-46-5	81.94909	-456.83105	-10.907504	-20.563688	-37.888992
5303-24-2	75.438286	-125.00163	43.418465	-40.413628	-2.3713298
5451-85-4	50.761265	25.274612	61.04121	-42.04002	24.789377
5454-12-6	63.469368	-17.500134	56.61547	-43.099297	18.476604
6114-21-2	41.533363	-181.27608	24.801685	-21.592398	17.886469
8024-22-4	30.212992	-138.8667	28.708319	-20.009382	17.143835
10448-26-7	62.918995	-29.531855	57.65908	-42.88065	15.305437
13945-76-1	81.75281	-253.33884	25.413002	-32.286674	-21.235737
14303-70-9	73.29787	-69.1581	47.624153	-41.483448	9.881638
16260-26-7	79.914566	-187.38261	32.4352	-38.250645	-12.065273
16326-32-2	28.370102	-164.30563	26.286072	-14.368794	25.355585
20834-06-4	88.564255	-441.83673	-5.172717	-27.796131	-42.702843
25601-41-6	37.128643	28.20202	60.566143	-37.415997	40.89342
34316-64-8	71.38036	-76.063126	50.521168	-42.607338	6.4096947
36528-28-6	78.17932	-183.21648	37.50712	-35.524128	-11.439818
41927-71-3	81.851425	-254.60564	23.650629	-34.564045	-21.809261
42231-99-2	76.48029	-131.92099	40.392006	-40.386536	-2.7849927
42232-25-7	77.26148	-197.52425	29.185938	-36.2378	-12.029486
42232-27-9	84.944565	-343.57663	10.13374	-31.973755	-32.308666
68610-82-2	45.86073	-230.29565	6.3238115	-49.548203	71.82927
68989-28-6	15.225604	-9.972687	44.730515	-46.891926	76.877235
72269-30-8	90.11628	-180.78752	23.16301	-33.23223	-7.4966187
91031-48-0	86.15697	-323.2037	11.065641	-39.039463	-28.855549
137077-55-5	35.321606	-104.15525	30.18394	-48.59571	84.542076
57-55-6	8.604556	98.38077	91.38376	-10.636609	10.750429
62-53-3	7.332808	90.61687	104.51825	-14.862994	23.9003
67-47-0	15.492642	65.327286	77.590126	-26.631723	62.796265
67-63-0	10.252553	88.993546	102.41235	-14.219647	10.5605
68-12-2	21.421902	100.22949	90.167046	-20.683857	11.501707
75-19-4	2.0819776	97.0228	113.59574	-15.08802	5.362803
75-64-9	22.960327	87.35491	100.808235	-17.587574	6.9052835
75-97-8	11.240036	99.22014	99.67427	-24.811779	17.697912
78-59-1	13.219841	85.750694	93.92921	-30.887287	35.434376
78-81-9	21.617558	84.53114	104.62297	-18.994116	4.5046377
78-85-3	11.510754	91.66579	99.21686	-21.963194	11.56977
79-31-2	5.7427926	97.28367	95.669846	-24.536148	25.137293
79-54-9	18.953426	-92.92116	30.571625	-38.875793	56.60485
83-32-9	4.89244	85.949295	84.75008	-25.555386	31.5922
85-01-8	7.783184	66.167854	75.14349	-20.58427	34.445004
93-58-3	17.722279	80.26651	92.30393	-31.561514	52.02887
95-48-7	14.774139	93.43389	105.43052	-25.619574	30.624695
96-17-3	21.861042	93.69731	105.222046	-25.271406	17.546038
96-33-3	10.623476	101.29057	111.78949	-24.82397	27.507183
97-53-0	18.806055	66.35625	78.53699	-35.11133	54.844494
97-95-0	10.740738	78.94734	94.64179	-22.520145	8.994573
97-96-1	25.54253	87.65367	98.7941	-27.551731	17.075714
98-51-1	4.866517	101.72124	107.488304	-26.891918	21.91061
98-84-0	12.512198	91.69821	112.62889	-25.167683	28.884216
98-86-2	13.502306	93.18619	98.264755	-26.733393	39.775776
99-86-5	18.278143	81.98109	91.88759	-28.840002	16.171474
100-47-0	6.88647	83.26422	91.48317	-25.977137	38.97965
100-61-8	9.945726	88.14241	99.76382	-22.995655	25.151665
100-80-1	7.366346	98.81282	103.141884	-23.674776	21.858328
100-84-5	5.893549	90.55509	103.14767	-29.2346	30.808727
102-82-9	54.037773	62.90641	70.39995	-35.50756	9.09511
103-67-3	11.48542	80.79667	95.519325	-24.924778	26.43108
103-69-5	13.5576	86.72169	100.188614	-26.724798	26.354258
103-73-1	7.989211	90.731804	104.74324	-28.7255	30.453785
104-72-3	46.907253	19.797394	69.86722	-24.044186	-14.574557
105-30-6	13.122058	77.40617	88.56248	-21.730198	8.648497
105-37-3	9.837092	105.01066	110.30127	-27.622427	22.28621
105-46-4	16.124317	114.22597	106.915146	-29.680157	28.98353
105-54-4	11.117756	104.54877	113.88423	-31.898907	28.36414
105-58-8	7.140695	104.54575	106.446754	-32.847527	38.101734
105-66-8	17.002045	90.24043	104.259254	-32.355885	29.862299
105-67-9	14.3980255	91.11674	98.561104	-27.414282	32.399986
106-36-5	13.701448	105.837585	110.14292	-31.875973	28.436611
106-88-7	19.866116	81.75619	100.389626	-23.81781	13.3591
107-00-6	5.4921036	72.98002	65.10537	-20.309212	2.6474044
107-31-3	19.213144	97.583786	90.18766	-21.521265	12.804731
108-11-2	10.615979	90.44581	101.94977	-20.230806	8.475176
108-18-9	15.84421	85.47808	94.72147	-19.98638	6.684076
108-21-4	16.674118	116.796524	112.055115	-26.848217	22.813032
108-29-2	8.511503	106.512024	114.03213	-29.164997	30.062449
108-44-1	6.406605	91.746346	103.47617	-19.230064	25.259567
108-64-5	13.4386015	96.61984	105.689804	-33.320644	30.177418
108-68-9	14.611432	91.09169	98.637825	-28.128586	31.729593
108-82-7	16.830677	78.19615	87.87608	-27.97279	14.827852
108-83-8	24.151014	87.70192	93.09926	-33.326447	23.221981
108-86-1	2.6509926	107.262924	103.402084	-20.78096	24.169565
108-89-4	19.510677	88.06097	111.41074	-25.21322	26.035625
108-99-6	19.533014	92.207855	109.37993	-24.413057	25.502424
109-05-7	18.350292	63.954384	77.43134	-23.071093	11.971924
109-60-4	16.472126	105.91959	106.30796	-28.834087	22.693888
109-73-9	26.942417	64.01516	85.61004	-19.751875	-2.441361
109-74-0	12.647734	86.96605	91.774826	-22.760464	0.9421749
109-89-7	22.260853	71.516464	77.01834	-17.477158	-2.317849
109-94-4	23.402306	105.51499	96.99305	-24.280643	5.235851
110-19-0	16.411701	111.54224	107.2318	-30.211899	28.808512
110-45-2	33.44948	86.402435	94.58346	-31.8508	31.557922
110-59-8	30.273438	64.894485	71.19702	-26.626623	7.370019
110-74-7	24.85169	96.37764	93.22234	-27.214825	13.37534
110-80-5	20.360502	77.3347	84.93069	-20.782623	8.559793
110-89-4	15.708891	44.89075	53.888653	-20.659008	-1.5897938
111-43-3	62.79236	69.735466	78.39672	-27.50619	-2.5117095
111-71-7	64.33409	64.35685	67.577286	-29.568195	6.262864
111-90-0	54.42918	57.871155	59.103374	-28.384365	21.027966
111-92-2	49.66907	39.59508	42.42076	-28.470856	-9.249965
112-58-3	88.57475	45.51985	63.167126	-38.875782	-15.75152
112-81-2	72.8548	57.021393	59.04956	-32.831306	-6.9633894
119-61-9	11.677139	49.17291	73.961716	-24.179491	52.09736
120-72-9	5.301914	89.13202	100.22313	-24.004135	35.652946
121-33-5	26.707376	57.59712	73.133514	-34.49234	73.98198
121-44-8	24.131271	77.5789	82.76267	-23.489845	7.203309
122-78-1	22.67503	86.29211	91.39378	-27.473003	42.7349
123-05-7	49.1132	76.05611	85.33778	-31.860851	22.241903
123-31-9	32.749866	69.04181	73.177444	-25.827805	45.55476
123-35-3	25.879675	83.69496	99.66858	-26.263815	14.237239
123-38-6	22.280733	97.88967	112.11196	-20.591745	7.1902947
123-75-1	9.030803	60.38404	80.66386	-17.658405	7.3581533
123-76-2	4.27927	79.50425	66.25986	-29.898205	55.01847
124-19-6	71.24998	66.030045	61.149597	-31.884237	-3.4033146
127-19-5	13.879865	105.36904	100.28468	-24.066925	19.718328
129-00-0	8.887835	41.52142	68.3304	-21.039824	36.523006
135-01-3	6.29447	94.42094	100.48118	-26.75282	17.96891
141-78-6	16.266733	112.154564	109.42668	-26.299297	22.67366
141-79-7	13.621004	98.45601	110.39097	-23.508972	18.949192
142-84-7	38.360348	55.43647	50.472862	-24.079376	-5.012062
149-73-5	28.441906	94.9097	88.31501	-26.829082	26.501541
271-89-6	6.0518665	91.61396	102.29882	-25.385212	40.73439
275-51-4	2.3367848	92.785965	97.422264	-18.030462	33.245445
289-80-5	42.947376	72.171555	89.5673	-20.696049	12.563194
300-57-2	13.076329	96.15669	100.46425	-23.506607	21.508457
431-03-8	11.718133	117.780495	109.25326	-25.753473	31.901073
462-06-6	7.548977	114.91327	115.576866	-20.88718	29.041605
470-67-7	26.924011	87.92258	98.57286	-32.78257	29.304676
475-20-7	23.086353	69.77792	80.98735	-34.397644	16.8349
480-41-1	26.939981	-189.20186	-3.6102905	-43.777813	138.68845
489-40-7	23.823997	63.030586	72.804825	-35.938725	18.081665
491-02-1	14.646515	75.27725	82.44163	-29.45633	22.020575
491-72-5	17.364914	-22.52776	35.137226	-44.673576	99.33249
496-15-1	8.173296	84.033905	100.992294	-27.401453	33.177486
497-23-4	9.599072	96.18492	113.22728	-24.152452	29.525745
497-26-7	34.431892	71.28746	91.44226	-25.445312	19.467747
500-00-5	23.718601	77.01169	91.90867	-29.271551	12.175244
501-65-5	6.229802	45.842674	67.580055	-18.067387	29.265457
502-56-7	39.010292	77.697945	77.920876	-34.675068	22.624836
504-20-1	14.870854	87.14722	92.69918	-30.791006	31.324154
519-73-3	7.6480613	-22.880978	52.2581	-2.1688564	26.045416
527-53-7	6.8319373	101.08534	103.420876	-22.77377	19.40352
530-48-3	3.969883	58.02665	74.12169	-17.34379	30.49683
535-77-3	5.930356	97.38122	99.58608	-27.232082	17.576294
538-39-6	6.0585947	23.500797	67.76281	-24.245005	15.402267
538-86-3	13.23786	82.57677	98.167145	-29.02329	33.353752
540-42-1	17.754974	101.66605	101.1161	-33.190628	29.774212
540-80-7	8.307299	112.95001	110.322815	-25.414608	30.951624
540-88-5	15.493815	124.26803	114.26196	-26.911234	30.886261
541-85-5	21.382395	86.525475	97.16603	-31.062052	21.35429
542-55-2	25.458895	99.598595	94.484116	-28.391644	24.527851
544-16-1	24.863611	86.428635	81.21324	-29.221027	14.301028
554-12-1	8.860769	104.43536	104.334305	-26.147741	22.394608
554-59-6	30.490265	71.37117	87.500015	-30.818058	11.666998
556-24-1	7.7982917	106.82616	106.62352	-31.123102	28.797306
557-17-5	40.63609	81.2097	83.880005	-21.891397	-2.00254
565-61-7	13.827873	97.663895	104.106735	-26.941532	16.333302
565-69-5	13.161139	95.34749	103.303505	-25.605968	15.608627
571-58-4	2.1761522	92.018394	94.517265	-23.419357	29.640392
571-61-9	2.6967156	91.69222	91.073166	-26.306904	28.702047
573-98-8	4.158366	93.47648	93.88759	-24.621655	29.13144
576-15-8	18.7641	76.799164	84.00053	-32.4818	60.97185
578-58-5	5.791339	90.76323	103.01692	-28.036427	32.00785
581-40-8	4.883702	91.476105	94.249565	-26.249775	27.900213
587-03-1	7.0684404	84.442116	89.70983	-22.556396	30.972616
588-59-0	4.786667	48.44863	71.45792	-12.347611	25.597363
589-62-8	23.235325	66.40488	79.05186	-25.11091	12.687562
589-82-2	21.301432	74.99519	83.998535	-24.128513	12.747502
590-01-2	20.03059	88.92633	98.82471	-34.342484	30.02312
590-19-2	8.695556	71.21089	61.671196	-18.62564	3.093933
590-36-3	11.255764	98.30966	108.07011	-20.49841	11.250992
590-50-1	13.129092	101.37109	106.79993	-25.855713	23.569468
590-86-3	32.37278	95.52121	103.82827	-24.642735	17.690403
591-12-8	12.32	102.19907	109.267136	-28.103907	35.155907
591-48-0	23.91619	70.41692	90.30395	-21.772598	9.308143
592-78-9	35.096397	76.482605	88.08895	-21.801868	-7.586965
592-84-7	35.052006	91.81366	87.58492	-29.87312	10.144214
594-60-5	7.296111	99.27617	104.11725	-20.118538	11.618779
594-82-1	6.4628954	101.86382	110.284225	-22.528835	5.6097374
595-37-9	4.983794	105.173744	102.51245	-28.269192	32.75154
597-49-9	10.6427765	91.18139	103.857346	-22.457493	14.998871
598-75-4	8.608045	94.85448	105.789894	-19.304365	11.525047
598-98-1	7.460359	109.70497	105.55959	-27.12761	29.59512
600-36-2	7.2932754	86.59511	103.92647	-21.151566	13.026507
605-02-7	4.62826	34.79761	69.94986	-11.789115	33.03608
605-39-0	5.329477	73.64125	78.83894	-22.618214	27.677185
612-75-9	3.248118	72.408745	77.70719	-23.625257	26.499088
613-31-0	11.684631	61.08831	70.53994	-25.887054	29.619284
613-33-2	3.7914596	69.36244	79.49883	-23.840399	26.589666
613-42-3	4.7148533	-67.80539	46.02109	-4.6074085	21.532406
615-29-2	10.955652	86.35187	102.95293	-22.578562	13.308878
616-38-6	6.023246	108.11513	93.377396	-26.002539	30.448208
620-02-0	19.866997	92.60531	98.031876	-29.941936	46.130177
620-17-7	14.421598	91.11003	97.97906	-28.720606	31.63454
622-96-8	6.603789	95.41386	105.80754	-27.190113	17.206823
623-56-3	16.776264	93.50246	99.25134	-27.423649	20.268578
623-96-1	14.379794	79.19992	84.42861	-38.079453	43.521446
624-95-3	11.806927	85.83604	98.93143	-20.699703	12.399539
625-55-8	22.796112	108.76402	110.52638	-25.762924	24.331656
626-56-2	19.903868	57.976562	77.65189	-23.6712	11.912739
627-02-1	41.66746	79.76913	96.207825	-25.091816	8.707705
627-21-4	8.144166	75.78117	79.99762	-20.956095	-3.8287177
627-37-2	19.671268	71.80312	83.49412	-16.670027	-2.6571155
627-45-2	27.509945	97.554146	97.511955	-22.20313	2.6875684
627-59-8	17.189756	76.7773	85.71041	-23.250067	12.777117
628-28-4	60.6257	73.229546	86.84358	-25.761093	1.2301762
628-81-9	64.87793	68.07915	73.96742	-27.988739	-2.1314197
629-11-8	16.084864	44.842667	45.718018	-19.874123	9.606153
629-14-1	79.07804	64.49463	72.49565	-31.802555	10.636037
629-82-3	103.321594	-17.043781	57.932854	-42.338768	-43.40618
630-19-3	14.377765	96.34153	99.44953	-22.42831	19.281496
635-46-1	8.370374	79.58942	96.42796	-29.594585	33.7938
637-92-3	26.575169	98.13016	104.72839	-23.521328	11.356702
638-10-8	16.088556	94.76345	103.448135	-32.69096	34.25477
638-11-9	15.172495	102.71598	106.33657	-32.961193	29.700092
638-49-3	40.19277	76.76265	75.41292	-32.556076	15.490015
644-08-6	3.0107532	77.81038	84.142166	-18.384268	29.642279
644-76-8	10.549171	24.667685	61.742077	-18.62711	84.42827
645-49-8	4.786667	48.44863	71.45792	-12.347611	25.597363
646-06-0	23.6442	54.42511	74.26439	-22.443584	16.228748
648-53-3	4.508846	79.94059	83.95647	-17.795788	30.200628
693-54-9	50.959526	68.60851	66.055954	-33.775555	17.455265
694-05-3	13.596362	47.056534	67.89112	-18.578726	0.33431166
700-12-9	5.467943	97.504776	97.83135	-27.34934	18.750717
702-79-4	29.096725	80.55953	72.900085	-33.103645	9.026965
762-75-4	19.203852	112.763794	113.04985	-26.204096	27.413586
763-32-6	10.85858	74.70445	96.45401	-20.860897	15.197986
764-35-2	18.12904	73.10314	80.492325	-24.539358	-1.5338713
764-96-5	48.877953	71.11868	75.392296	-25.484879	-23.500164
764-97-6	48.877953	71.11868	75.392296	-25.484879	-23.500164
766-82-5	4.047495	95.3131	86.18082	-25.256315	25.379541
766-97-2	4.9003134	96.667465	92.73747	-27.048008	26.14647
768-56-9	12.811693	91.095375	95.72746	-24.957243	20.92902
776-35-2	7.6973677	65.06218	72.95707	-25.876703	30.433285
778-22-3	5.9002895	61.232048	75.72021	-15.677214	30.093449
779-02-2	4.41488	58.662373	72.94608	-21.824663	32.299175
815-24-7	5.9341393	110.27482	112.24583	-26.38084	25.426977
818-57-5	11.581202	85.55375	95.78967	-31.792034	36.998116
818-58-6	17.486155	100.92762	97.53981	-30.339863	36.046566
822-50-4	19.539284	81.1646	87.04227	-25.696356	4.991509
833-81-8	1.2643006	39.381306	72.40295	-10.554797	27.336283
873-49-4	7.524278	85.34215	95.32729	-25.710775	25.282724
873-66-5	8.122557	96.71742	100.501724	-20.663368	21.224941
924-50-5	10.459308	105.23009	104.537964	-29.288565	33.106995
927-62-8	50.98922	69.23765	77.29132	-25.872105	6.142381
928-80-3	43.839905	73.33345	72.679054	-34.149822	18.304003
931-88-4	22.575329	61.175964	62.408306	-21.9366	-8.496465
933-48-2	12.127823	74.248856	88.825195	-26.058765	23.145126
937-53-1	14.652788	82.448204	81.320435	-26.636225	47.004242
939-27-5	4.352529	91.786026	94.23866	-26.606623	27.416626
994-05-8	24.237995	96.61625	104.92063	-25.828451	11.732667
1007-26-7	12.985437	95.60188	99.280945	-25.049213	19.74002
1013-88-3	3.4715247	47.334385	70.8025	-20.955261	40.238804
1070-87-7	7.336492	99.8223	112.18546	-20.5704	2.098762
1072-86-2	11.927752	81.881424	94.134254	-18.01962	28.7253
1081-75-0	4.053109	22.852406	65.60298	-18.47675	17.350056
1119-65-9	29.21634	67.44635	59.6372	-26.76598	-7.891898
1126-78-9	16.332106	78.28833	89.981674	-30.048151	26.43275
1186-53-4	9.513632	95.69917	117.02108	-21.603132	2.730917
1187-58-2	11.490367	99.51479	107.951294	-24.52842	19.69603
1192-18-3	19.539284	81.1646	87.04227	-25.696356	4.991509
1193-11-9	25.731894	100.59126	112.892654	-28.3131	27.71289
1320-98-5	18.052057	66.47154	77.76265	-21.368368	8.75423
1333-41-1	15.831886	93.03598	112.28064	-23.491537	25.02966
1445-45-0	23.294834	107.5955	101.643814	-29.57898	34.448334
1456-16-2	10.248157	89.646774	102.5471	-32.202656	27.838125
1567-14-2	14.138684	99.76505	98.66156	-32.530617	35.516018
1569-01-3	29.07417	81.87035	95.157394	-25.950998	24.061718
1574-41-0	18.860119	77.47838	94.69682	-14.725294	-4.3398337
1589-49-7	15.346011	66.38279	74.11186	-20.1668	9.115488
1629-58-9	12.008632	95.24756	111.034935	-24.101135	19.770535
1629-60-3	10.819624	94.91066	105.06504	-26.878368	19.443817
1632-16-2	30.284582	69.464195	83.82241	-28.434994	6.789117
1634-04-4	28.61652	101.878426	104.65476	-22.621756	13.660522
1678-82-6	34.47336	72.693596	86.879814	-29.05931	3.8343048
1712-64-7	5.9833784	129.18175	109.2287	-27.073765	35.78512
1730-37-6	8.486297	73.25902	80.08329	-23.098597	33.380634
1731-86-8	56.527992	24.380009	57.582508	-39.182243	26.956451
1757-42-2	11.465745	93.61784	104.31085	-27.908762	22.441519
1850-14-2	12.69525	102.87465	91.257996	-30.591333	46.573364
1883-75-6	10.041926	58.300793	68.80748	-20.2895	53.65678
1968-40-7	15.449519	82.76239	92.96495	-33.091362	36.36927
1977-33-9	9.938561	110.717	106.77919	-25.641195	25.002048
2039-89-6	6.817856	99.68964	102.13469	-24.982845	22.678627
2049-94-7	14.911032	89.944115	94.41433	-27.607092	15.127581
2155-94-4	27.437958	79.32361	95.595215	-21.033426	11.581283
2177-47-1	9.130855	91.551	96.72011	-26.09401	26.612896
2210-28-8	10.714862	91.71202	111.352516	-34.68719	35.192997
2216-33-3	42.56892	28.865469	27.267017	-27.322474	-2.2516263
2216-34-4	41.297073	23.916828	23.296902	-26.436487	-1.9939158
2299-68-5	12.225603	76.748215	79.44698	-25.676167	32.916397
2371-19-9	22.469748	83.96183	95.455124	-32.03501	22.77756
2396-77-2	16.573086	93.659744	96.31575	-31.41019	34.827988
2396-78-3	18.338514	91.39336	93.46521	-31.096664	35.93897
2396-80-7	15.159399	78.03034	88.66508	-32.61961	36.981865
2437-56-1	68.40777	20.215597	69.96345	-27.299692	-44.97045
2450-71-7	8.283676	66.6133	57.28018	-18.61054	7.069204
2591-79-9	48.796642	61.009865	74.69812	-30.417828	10.533312
2628-17-3	15.972618	94.06109	99.327774	-26.861883	36.316605
2758-18-1	11.765043	94.25366	112.60348	-26.382763	25.797583
2809-67-8	29.161982	61.149975	53.281715	-27.917902	-7.8620057
2876-02-0	15.675489	90.639465	96.34027	-26.884777	29.762745
2916-31-6	33.34045	87.52626	107.92814	-26.95957	25.563906
2987-16-8	25.608486	94.30985	103.24654	-25.446049	20.457153
3001-72-7	12.449697	52.08183	90.13481	-30.103851	30.38435
3054-95-3	29.711979	84.79849	101.81485	-31.771017	29.83674
3074-71-3	35.01191	64.78285	58.76668	-27.254978	-0.5174924
3387-41-5	22.439243	60.116753	103.16795	-33.300632	21.604538
3658-93-3	51.801147	70.657684	71.83844	-37.445763	29.98346
3891-98-3	54.491016	52.753155	83.46916	-27.57247	-21.857935
3970-62-5	8.294147	89.69374	107.54164	-21.130655	15.068863
4032-93-3	29.93624	82.60605	85.192924	-28.420746	-0.64580405
4128-32-9	30.900864	65.36626	74.39778	-25.257385	11.764453
4221-99-2	9.997713	94.59499	107.66036	-17.038076	4.638742
4313-57-9	23.921227	69.24356	96.95579	-19.374588	13.562803
4337-65-9	27.543802	-89.74565	31.023708	-50.094917	75.80379
4431-82-7	64.93452	37.98112	58.46866	-39.04955	32.097557
4468-52-4	23.184832	99.53449	105.98087	-19.57054	14.489328
4505-48-0	4.997669	40.467724	71.348816	-16.62783	31.87608
4730-22-7	22.108068	72.007065	83.397316	-25.141718	12.228328
4744-08-5	44.822357	87.72219	99.61243	-32.37086	24.235966
4747-21-1	18.218704	84.48549	94.286606	-17.645462	4.192343
4843-45-2	23.747532	104.82184	94.74939	-20.492113	21.78337
5344-81-0	6.9436884	106.6105	99.20862	-29.216522	31.2942
5435-64-3	34.609703	88.68446	89.21712	-30.196537	29.420944
5648-29-3	57.26887	61.749992	70.71277	-34.129913	17.35809
5660-81-1	-8.416002	19.153458	41.091656	-36.405876	89.87528
5707-44-8	1.6415691	66.968254	80.05522	-19.274677	26.654257
5729-59-9	73.91684	-6.6148224	52.564583	-43.54139	46.148006
5837-78-5	12.354796	95.875534	105.921364	-32.29108	34.78248
5881-17-4	40.352478	32.29252	39.7183	-28.731426	-1.821199
5911-04-6	46.49564	31.22848	43.71595	-28.835714	-3.1984615
5912-86-7	16.974697	73.09398	82.09038	-32.550865	54.4403
6044-68-4	17.543066	86.747894	97.75526	-26.129614	23.307644
6286-43-7	9.937258	67.762955	75.400475	-14.894361	44.23949
6305-71-1	12.230005	73.922134	80.77335	-21.447285	13.335361
6342-56-9	18.476788	110.60716	99.07259	-28.781311	43.269466
6414-34-2	40.93323	84.72926	93.75927	-35.91514	33.060158
6581-66-4	43.80307	70.615036	93.54112	-29.935602	27.534824
6674-22-2	20.073408	47.344746	73.694984	-35.398247	32.918236
6795-87-5	30.052578	91.34207	101.350136	-24.831264	10.732181
6863-58-7	36.358368	89.694885	104.804794	-29.563663	13.165858
7236-82-0	6.366671	89.11482	98.970825	-17.252066	-2.6851144
7291-22-7	24.385271	70.61935	93.67422	-20.572521	7.811372
7379-12-6	13.772514	92.10481	102.81864	-28.577658	20.594591
7452-79-1	9.981811	98.689415	110.37459	-32.544136	30.573154
7688-21-3	29.918476	78.77853	93.859604	-20.222973	-2.7269347
7731-28-4	18.54137	65.47646	82.37474	-24.548708	16.59135
7778-85-0	60.694817	83.329445	96.25715	-28.176697	19.957355
9003-20-7	16.332886	107.0082	108.58647	-26.139618	28.552252
9003-32-1	9.968223	105.71499	114.30308	-27.907398	26.960922
9003-42-3	6.866473	103.32417	116.17546	-30.915493	33.355686
9017-21-4	7.459985	98.26754	103.08186	-22.810452	23.50175
9065-11-6	7.874049	101.95036	105.45807	-27.785192	26.873936
10147-11-2	9.3186035	91.25882	83.93764	-25.33865	25.949911
10213-77-1	79.07607	21.391619	60.592308	-35.40849	68.11495
10544-63-5	14.750702	108.43461	114.22506	-29.313519	33.412697
12385-08-9	24.290302	77.105934	95.92776	-24.99852	45.232536
13323-81-4	5.841522	86.52843	95.5439	-21.608105	32.163734
13352-75-5	64.54799	14.726499	50.6133	-39.74796	47.03591
13352-76-6	70.432495	-40.87651	42.560555	-44.008762	62.173992
13353-03-2	60.455708	42.90445	56.132404	-35.04249	30.215235
13360-63-9	38.476784	54.276154	47.776443	-24.07735	-4.9631634
14898-79-4	9.997713	94.59499	107.66036	-17.038076	4.638742
14979-39-6	15.122	77.05269	90.54174	-25.359083	14.253268
15522-12-0	20.33533	-92.32503	29.669657	-38.825222	56.728138
15673-00-4	28.349737	84.208725	102.36174	-23.675968	11.22687
15790-88-2	16.028034	106.661476	102.169495	-30.367107	34.333008
15793-87-0	6.859506	85.71782	96.10719	-24.881933	44.292465
15798-64-8	23.790058	98.21959	109.96489	-20.427073	1.921682
15831-10-4	14.756983	95.52309	105.196754	-25.315754	29.638138
16199-06-7	11.681341	75.16454	94.95191	-16.485249	13.423968
16325-63-6	10.099131	81.82482	89.22218	-22.448957	16.930565
16520-62-0	6.917086	85.43947	78.00793	-26.821726	25.16721
16747-50-5	25.320055	79.52528	88.51997	-25.303696	6.638343
17042-16-9	12.86619	93.572655	105.52234	-28.146091	20.836414
17300-24-2	12.952594	106.61637	114.23087	-27.094263	34.47045
17301-94-9	46.487762	27.53778	36.678078	-28.51051	-3.0508742
18459-51-3	52.556847	78.20648	72.689804	-35.154213	23.527819
18707-60-3	11.383891	108.80587	113.6364	-26.472864	26.524616
18729-48-1	15.175395	78.79639	93.00806	-21.637724	15.283104
19016-95-6	12.691686	77.03361	83.611626	-27.649078	21.876812
20281-91-8	7.2343054	93.99422	99.45604	-19.645855	11.860636
20487-40-5	14.290863	118.14989	112.14815	-29.559885	32.10076
20675-96-1	21.43443	-5.0706797	48.93899	-35.575882	91.582146
21368-68-3	12.971018	84.71357	98.02982	-35.98496	39.218575
21564-91-0	9.424789	88.871086	92.679825	-30.68098	20.379797
23069-99-0	15.847585	58.89323	77.16298	-31.286793	49.999084
23708-56-7	35.06498	65.425514	69.19484	-30.23934	12.138712
24936-41-2	7.3899093	99.708786	107.54292	-24.942684	22.029613
24979-82-6	12.283188	102.49623	110.86147	-31.578833	33.969032
25014-31-7	6.0250196	95.78505	102.69397	-24.53479	23.185009
25014-41-9	7.231684	85.33221	97.69762	-18.356657	10.664717
25068-14-8	17.442583	94.70159	104.019775	-19.381687	9.901503
25154-53-4	37.049446	93.2335	95.28471	-25.575933	17.902792
25167-94-6	7.27368	55.05343	72.167694	-17.471466	23.722073
25398-39-4	21.215292	77.718834	79.00557	-31.527592	57.704395
25429-37-2	13.524094	88.65898	101.00914	-28.044806	32.88604
26103-97-9	10.877089	-10.274902	46.377968	-42.784294	101.62904
26140-60-3	2.7729442	-17.712238	55.775238	-6.2020164	26.12262
26161-42-2	8.085132	103.19436	102.034744	-27.350758	22.669403
26271-33-0	16.174341	-126.740555	8.532701	-40.30458	145.48842
26809-02-9	13.28511	82.08324	100.85758	-16.000338	-0.19945347
26856-36-0	9.146953	72.7617	76.99934	-20.754	-4.6007605
26969-40-4	13.064313	79.57469	89.58867	-28.690012	56.338158
26982-54-7	24.902695	76.4437	88.57706	-25.542301	44.289577
27138-19-8	5.12881	92.15401	93.36808	-24.598667	27.931355
27247-96-7	8.995537	60.303688	62.076935	-38.69051	55.078247
27476-50-2	16.654194	72.5165	94.085	-22.222006	7.4157286
27477-37-8	24.8984	62.452324	78.73633	-23.985058	6.904512
27593-23-3	18.108864	64.58208	71.32971	-35.44084	51.330975
27601-00-9	8.286932	87.122665	95.02386	-27.53273	43.710335
27871-49-4	10.3058195	109.10201	104.723206	-23.353489	34.73384
28324-25-6	8.954594	67.98067	67.98507	-13.806865	9.3554125
28834-25-5	23.93371	32.978218	59.013264	-41.845787	48.262417
29097-52-7	0.78194976	98.66394	111.64421	-24.550798	20.815786
29463-63-6	51.745308	-1.2571007	66.91128	-22.509428	-19.860865
29590-28-1	79.42967	-526.86707	-42.361847	-61.73065	31.444294
29828-28-2	8.325712	93.301445	98.37633	-22.914568	26.337921
30528-14-4	20.790081	78.42921	99.12606	-26.410975	15.679144
30551-89-4	12.936536	70.07109	93.49544	-16.775385	4.518439
30637-87-7	26.47781	90.47905	94.97797	-27.81868	15.521471
31853-85-7	19.921658	77.818756	86.466965	-33.846504	53.98509
32576-61-7	7.7278337	60.968056	81.518654	-23.497768	41.786617
33966-50-6	19.086203	87.64129	105.72227	-19.8892	4.4931364
33969-59-4	15.330637	84.46786	97.82001	-21.420263	8.12494
34957-72-7	12.454059	59.037636	65.532646	-22.891827	45.8359
35007-63-7	8.5858755	100.07889	99.04613	-14.566836	20.078526
35915-22-1	9.683301	111.949875	108.2585	-26.857067	25.086872
36543-79-0	17.782589	79.94514	87.54983	-27.681606	46.843834
36887-04-4	10.474269	83.379036	90.75523	-16.367884	30.814306
37909-95-8	3.3267555	36.02097	72.39193	-19.447674	18.75249
37985-31-2	2.0877526	96.21129	90.21631	-25.935974	18.357162
38284-28-5	11.69264	36.708595	45.921852	-38.861702	78.25369
38888-98-1	5.4647985	63.567528	75.51383	-17.824932	26.754406
40307-11-7	5.524897	93.43694	92.05946	-28.054585	26.179123
41597-19-7	20.213007	88.59306	81.60462	-35.95215	25.689367
41725-90-0	9.241475	107.5453	108.455765	-28.607166	33.149536
42560-91-8	4.8568344	94.84518	87.18376	-23.86612	27.045044
45509-99-7	15.888644	61.275288	75.82219	-20.643509	6.2433558
51774-11-9	23.65749	56.626556	70.593834	-23.599426	13.02272
52217-02-4	13.696152	110.68101	107.92755	-20.810246	25.93253
52439-84-6	86.890854	-99.03207	59.225697	-17.501251	-85.54811
53570-71-1	56.732147	-48.803253	60.927986	-20.163092	-29.784393
53590-28-6	11.910471	67.88835	62.727562	-16.489737	-4.388177
53860-05-2	6.886679	69.88529	82.20185	-15.654431	-0.10850284
54140-33-9	36.29724	88.739555	99.38185	-23.351933	10.373819
54261-80-2	7.9498873	64.52775	74.27799	-21.456661	33.380344
55279-75-9	19.141825	88.58324	96.628456	-25.658213	38.490322
56747-96-7	22.213331	47.643982	49.72184	-34.30436	30.822453
57018-52-7	21.097494	102.64552	106.29844	-25.632395	29.935644
57706-88-4	20.598272	90.89953	89.02907	-28.864132	19.359486
58175-57-8	20.158339	62.505493	74.06026	-26.328924	13.21391
60100-09-6	23.837566	87.02244	103.45105	-15.816951	-0.4248569
60731-10-4	12.841504	62.78081	67.63075	-16.103165	-4.3528423
61788-33-8	4.6511564	-6.4925485	58.001564	-7.4464583	28.335918
61949-26-6	19.570927	60.730175	75.1013	-24.442593	13.283458
62184-42-3	39.950367	56.572296	74.00779	-29.444925	-7.330719
62184-83-2	17.692814	79.90697	102.51894	-26.031824	13.12659
63814-74-4	9.789312	90.71113	103.77728	-20.70811	9.363263
63968-64-9	12.809331	-67.44237	33.422127	-55.072205	103.93315
64118-37-2	14.375827	102.92464	99.11193	-28.313427	24.944519
65452-01-9	10.193777	91.856316	111.29564	-26.00769	25.8644
65996-98-7	20.07525	72.14126	98.37881	-31.701258	16.814178
66072-40-0	6.118127	79.28532	91.51542	-18.60773	29.38111
68037-14-9	17.644375	71.41597	92.54651	-18.26112	7.901578
68130-67-6	7.6905212	88.391594	105.91945	-19.314919	7.456324
68411-45-0	3.7055442	109.87108	107.25681	-20.778845	23.647144
68514-37-4	11.667931	74.17067	94.00588	-16.25437	2.8807797
68551-08-6	42.651543	57.671875	62.750206	-27.668732	10.879798
68956-55-8	23.641022	78.73981	90.13783	-16.415768	-4.0063543
68990-37-4	10.612057	108.56515	94.14996	-22.537111	15.50527
69203-06-1	18.775215	80.44287	89.43298	-21.841398	7.87544
69856-10-6	4.952752	13.847217	69.07774	-18.963095	14.813398
70248-25-8	21.150856	92.2455	89.542755	-30.723139	31.185501
71294-42-3	2.7924147	52.96339	75.93277	-19.203045	22.598515
71340-36-8	9.388682	77.05623	85.718735	-26.257076	26.012985
73506-89-5	27.644978	90.94664	113.85622	-30.094599	28.69781
73513-30-1	33.927288	85.41367	94.55393	-27.522854	17.265331
74133-25-8	28.523798	-475.24884	-59.75883	-36.748657	94.9693
74331-70-7	3.0597837	94.26604	84.4749	-26.756344	26.504343
76774-50-0	10.52978	43.78849	68.55992	-17.79646	37.61979
77110-38-4	36.114952	75.784325	79.5157	-33.5669	23.603012
82069-14-5	39.630257	81.24954	86.32677	-19.125763	2.4134643
83585-27-7	3.462864	93.92467	92.028885	-27.136765	24.457823
85535-87-1	49.129204	66.79524	75.32792	-25.442118	-32.075314
89551-24-6	13.856847	79.32627	105.221436	-22.528849	26.395794
91606-98-3	28.243328	88.52822	91.87624	-30.53564	20.5747
99212-18-7	9.8294525	89.33952	102.97859	-21.66048	9.383294
101025-96-1	31.3729	56.491478	75.809044	-25.316778	11.644216
106036-02-6	12.06547	85.03386	98.695984	-31.676548	31.51717
111495-85-3	4.7864575	93.92232	92.90667	-24.147118	28.454784
121536-13-8	6.45056	89.95033	104.46344	-19.719069	26.430532
126038-70-8	42.974174	31.358082	39.739067	-25.05335	-5.738409
126716-66-3	3.3947036	95.17264	83.90039	-21.77803	24.73569
133010-00-1	5.6440225	96.006096	91.493454	-24.91859	24.842432
133911-48-5	15.657489	89.026184	99.51284	-23.173151	19.0875
138048-80-3	24.93425	34.765354	65.57759	-21.709076	5.0435934
140708-60-7	15.97214	93.5132	100.07477	-29.15332	21.724386
153447-86-0	16.501083	89.00682	102.43166	-23.04456	15.89987
155639-75-1	45.818005	67.91603	73.291794	-38.876728	37.660072
162507-72-4	29.198536	71.43188	65.268936	-32.196705	55.903065
343268-11-1	15.407557	74.867966	84.460335	-22.011305	9.167421
532427-37-5	3.2628593	79.463715	85.343254	-16.693184	30.002655
857380-47-3	4.956601	89.17665	99.913605	-25.834335	38.00219
1173022-10-0	8.448374	83.832954	83.2408	-8.670419	9.443769
95-36-3	7.6728325	104.208786	106.28563	-23.298841	18.886349
96-22-0	14.12838	99.60289	106.92023	-24.561008	15.680629
104-51-8	12.521533	90.9393	99.831375	-27.804203	16.019684
108-38-3	6.470357	104.2249	106.95308	-22.174969	16.422482
109-21-7	22.534475	79.98131	91.16167	-36.501762	32.835728
123-66-0	24.309189	79.64576	81.52217	-36.166485	33.237797
2207-03-6	27.866596	69.28795	73.32446	-26.003109	2.9805205
3494-45-9	7.492298	89.86713	102.189865	-31.308147	31.701416
6423-06-9	12.682236	85.79384	99.41732	-19.297369	10.640897
6443-92-1	36.966007	72.458145	77.79868	-22.488636	-7.9840255
7642-04-8	39.016987	63.04063	63.545967	-23.862995	-8.971966
25551-13-7	7.5887704	104.1922	102.301636	-25.343277	19.376944
29299-43-2	40.613476	80.41335	86.60728	-30.7448	20.940598
68584-01-0	6.833911	95.52693	102.34666	-27.694147	16.185995
68650-36-2	5.1112213	100.07123	103.890785	-25.977285	15.847814
74806-04-5	25.833286	75.4668	81.07204	-30.160473	21.736973
106-70-7	21.554497	85.56883	87.95066	-33.855186	30.785837
8000-48-4	21.154043	88.77812	96.14848	-31.62207	29.205082
98-06-6	7.76814	99.36346	103.606606	-23.546637	21.782627
97-64-3	10.658861	107.70962	105.63735	-25.765284	41.594353
107-01-7	14.643076	85.016594	101.6553	-15.306839	1.4660419
115-18-4	10.367709	98.46309	103.16396	-18.222197	17.091976
123-19-3	27.31369	88.570724	90.642166	-30.069529	19.883865
562-49-2	24.618607	91.31863	84.85152	-22.376911	3.576905
584-02-1	11.805336	91.517105	104.10173	-19.621939	10.296521
620-14-4	6.9055543	94.952354	101.20501	-26.138638	17.232288
690-08-4	16.047613	89.760994	104.255615	-17.692713	7.2970457
690-92-6	20.605608	87.52795	107.04006	-20.491896	9.6252775
762-63-0	16.047613	89.760994	104.255615	-17.692713	7.2970457
922-62-3	18.389462	80.59293	98.990845	-21.221617	7.130726
930-18-7	15.236456	86.06559	102.83034	-21.765215	6.7489777
934-74-7	7.9152045	98.18428	100.451294	-26.354446	16.65957
1074-43-7	8.361806	97.17082	103.07233	-28.53595	16.25504
1759-58-6	27.241827	73.96135	82.37155	-24.125666	4.252682
2207-01-4	23.671375	73.364296	83.88006	-26.954403	3.9702096
2532-58-3	27.241827	73.96135	82.37155	-24.125666	4.252682
4461-48-7	21.06105	85.21081	100.68605	-17.652714	6.7853
4806-61-5	20.445648	69.354225	44.107758	-23.237974	4.6256423
7642-09-3	26.56007	79.88054	94.850174	-19.85797	-2.856667
7642-10-6	35.096397	76.482605	88.08895	-21.801868	-7.586965
9016-80-2	29.918476	78.77853	93.859604	-20.222973	-2.7269347
10574-36-4	24.493704	78.74454	94.27067	-23.638916	4.180572
14850-22-7	38.287052	67.32767	71.8806	-23.382938	-8.72217
25619-60-7	6.610306	99.008224	99.613106	-26.890142	19.086384
29224-55-3	6.5580735	96.78973	100.481255	-27.37212	18.81535
51000-78-3	12.537158	92.15711	102.57426	-19.546467	9.993495
57643-00-2	11.044115	75.90609	94.67707	-18.18755	14.282396
58718-78-8	23.641022	78.73981	90.13783	-16.415768	-4.0063543
68441-35-0	6.824939	98.78172	99.83435	-20.001377	21.240927
71551-80-9	10.270746	97.06333	103.124985	-20.963247	26.873077
203319-65-7	23.671375	73.364296	83.88006	-26.954403	3.9702096
